transaction_id,timestamp,customer_id,item,category,quantity,unit_price,line_total
T100006,2026-01-06 08:45,,conditioner,care,1,7.40,7.40
T100006,2026-01-06 08:45,,shampoo,care,1,7.40,7.40
T100006,2026-01-06 08:45,,toothpaste,care,1,4.50,4.50
T100006,2026-01-06 08:45,,salmon,fish,1,15.90,15.90
T100006,2026-01-06 08:45,,whole wheat bread,bakery,1,3.40,3.40
T100009,2026-01-06 10:17,,dish soap,household,1,4.70,4.70
T100009,2026-01-06 10:17,,ground beef,meat,1,9.40,9.40
T100009,2026-01-06 10:17,,baby wipes,baby,1,6.70,6.70
T100009,2026-01-06 10:17,,toilet paper,household,3,11.90,35.70
T100009,2026-01-06 10:17,,butter,dairy,1,5.20,5.20
T100009,2026-01-06 10:17,,diapers,baby,3,24.90,74.70
T100009,2026-01-06 10:17,,sugar,grocery,1,3.20,3.20
T100015,2026-01-06 11:28,,lettuce,produce,1,2.60,2.60
T100015,2026-01-06 11:28,,granola,grocery,1,6.20,6.20
T100015,2026-01-06 11:28,,bananas,produce,1,2.10,2.10
T100015,2026-01-06 11:28,,avocado,produce,1,2.20,2.20
T100018,2026-01-06 11:38,,orange juice,beverage,1,4.40,4.40
T100018,2026-01-06 11:38,,pasta,grocery,1,2.30,2.30
T100004,2026-01-06 11:45,C0822,beer,beverage,1,13.50,13.50
T100004,2026-01-06 11:45,C0822,yogurt,dairy,3,4.60,13.80
T100004,2026-01-06 11:45,C0822,berries,produce,1,5.80,5.80
T100004,2026-01-06 11:45,C0822,tomatoes,produce,1,3.90,3.90
T100004,2026-01-06 11:45,C0822,lettuce,produce,1,2.60,2.60
T100014,2026-01-06 12:34,C0681,salsa,grocery,1,3.90,3.90
T100014,2026-01-06 12:34,C0681,beer,beverage,1,13.50,13.50
T100014,2026-01-06 12:34,C0681,peanuts,snack,1,4.80,4.80
T100014,2026-01-06 12:34,C0681,tea,grocery,1,6.40,6.40
T100014,2026-01-06 12:34,C0681,toilet paper,household,1,11.90,11.90
T100014,2026-01-06 12:34,C0681,paper towels,household,3,8.30,24.90
T100014,2026-01-06 12:34,C0681,tortilla chips,snack,1,4.20,4.20
T100008,2026-01-06 13:52,C0215,tortilla chips,snack,1,4.20,4.20
T100008,2026-01-06 13:52,C0215,peanuts,snack,1,4.80,4.80
T100008,2026-01-06 13:52,C0215,baby wipes,baby,1,6.70,6.70
T100008,2026-01-06 13:52,C0215,beer,beverage,1,13.50,13.50
T100001,2026-01-06 16:55,,parmesan,dairy,1,8.90,8.90
T100001,2026-01-06 16:55,,eggs,dairy,1,4.90,4.90
T100016,2026-01-06 17:53,C0609,salsa,grocery,1,3.90,3.90
T100016,2026-01-06 17:53,C0609,salmon,fish,1,15.90,15.90
T100016,2026-01-06 17:53,C0609,tortilla chips,snack,1,4.20,4.20
T100016,2026-01-06 17:53,C0609,berries,produce,1,5.80,5.80
T100013,2026-01-06 18:18,C0266,milk 2%,dairy,1,3.80,3.80
T100013,2026-01-06 18:18,C0266,coffee beans,grocery,1,12.50,12.50
T100013,2026-01-06 18:18,C0266,white bread,bakery,1,2.90,2.90
T100013,2026-01-06 18:18,C0266,toothpaste,care,1,4.50,4.50
T100013,2026-01-06 18:18,C0266,laundry detergent,household,1,14.20,14.20
T100013,2026-01-06 18:18,C0266,red wine,beverage,1,16.00,16.00
T100013,2026-01-06 18:18,C0266,chicken breast,meat,1,12.80,12.80
T100013,2026-01-06 18:18,C0266,sugar,grocery,1,3.20,3.20
T100020,2026-01-06 18:23,,shampoo,care,1,7.40,7.40
T100020,2026-01-06 18:23,,tortilla chips,snack,1,4.20,4.20
T100020,2026-01-06 18:23,,peanuts,snack,3,4.80,14.40
T100020,2026-01-06 18:23,,orange juice,beverage,1,4.40,4.40
T100012,2026-01-06 18:35,C0194,beer,beverage,1,13.50,13.50
T100012,2026-01-06 18:35,C0194,red wine,beverage,1,16.00,16.00
T100012,2026-01-06 18:35,C0194,milk 2%,dairy,3,3.80,11.40
T100012,2026-01-06 18:35,C0194,laundry detergent,household,1,14.20,14.20
T100012,2026-01-06 18:35,C0194,coffee beans,grocery,1,12.50,12.50
T100012,2026-01-06 18:35,C0194,ground beef,meat,1,9.40,9.40
T100012,2026-01-06 18:35,C0194,yogurt,dairy,1,4.60,4.60
T100012,2026-01-06 18:35,C0194,croissant,bakery,1,1.80,1.80
T100021,2026-01-06 18:40,C0472,tomato sauce,grocery,1,3.60,3.60
T100021,2026-01-06 18:40,C0472,berries,produce,1,5.80,5.80
T100021,2026-01-06 18:40,C0472,granola,grocery,1,6.20,6.20
T100021,2026-01-06 18:40,C0472,lettuce,produce,1,2.60,2.60
T100021,2026-01-06 18:40,C0472,yogurt,dairy,2,4.60,9.20
T100021,2026-01-06 18:40,C0472,parmesan,dairy,1,8.90,8.90
T100007,2026-01-06 18:57,,ice cream,frozen,2,6.50,13.00
T100007,2026-01-06 18:57,,lettuce,produce,1,2.60,2.60
T100007,2026-01-06 18:57,,white bread,bakery,1,2.90,2.90
T100007,2026-01-06 18:57,,eggs,dairy,1,4.90,4.90
T100003,2026-01-06 19:05,C0035,avocado,produce,1,2.20,2.20
T100003,2026-01-06 19:05,C0035,peanuts,snack,2,4.80,9.60
T100003,2026-01-06 19:05,C0035,yogurt,dairy,1,4.60,4.60
T100003,2026-01-06 19:05,C0035,whole wheat bread,bakery,1,3.40,3.40
T100003,2026-01-06 19:05,C0035,granola,grocery,1,6.20,6.20
T100003,2026-01-06 19:05,C0035,berries,produce,2,5.80,11.60
T100011,2026-01-06 19:05,C0374,white bread,bakery,2,2.90,5.80
T100011,2026-01-06 19:05,C0374,toilet paper,household,1,11.90,11.90
T100011,2026-01-06 19:05,C0374,chocolate bar,snack,1,2.70,2.70
T100011,2026-01-06 19:05,C0374,salsa,grocery,1,3.90,3.90
T100011,2026-01-06 19:05,C0374,beer,beverage,1,13.50,13.50
T100011,2026-01-06 19:05,C0374,tortilla chips,snack,1,4.20,4.20
T100005,2026-01-06 19:10,C0365,orange juice,beverage,1,4.40,4.40
T100005,2026-01-06 19:10,C0365,pasta,grocery,1,2.30,2.30
T100005,2026-01-06 19:10,C0365,trash bags,household,1,9.10,9.10
T100005,2026-01-06 19:10,C0365,ground beef,meat,1,9.40,9.40
T100005,2026-01-06 19:10,C0365,tomato sauce,grocery,1,3.60,3.60
T100005,2026-01-06 19:10,C0365,whole wheat bread,bakery,1,3.40,3.40
T100002,2026-01-06 19:45,C0878,red wine,beverage,1,16.00,16.00
T100002,2026-01-06 19:45,C0878,chicken breast,meat,1,12.80,12.80
T100002,2026-01-06 19:45,C0878,beer,beverage,1,13.50,13.50
T100002,2026-01-06 19:45,C0878,diapers,baby,1,24.90,24.90
T100002,2026-01-06 19:45,C0878,baby formula,baby,1,28.50,28.50
T100019,2026-01-06 20:35,C0123,croissant,bakery,1,1.80,1.80
T100019,2026-01-06 20:35,C0123,olive oil,grocery,1,11.20,11.20
T100019,2026-01-06 20:35,C0123,salmon,fish,1,15.90,15.90
T100019,2026-01-06 20:35,C0123,salsa,grocery,1,3.90,3.90
T100010,2026-01-06 20:39,C0055,strawberry jam,grocery,1,4.10,4.10
T100010,2026-01-06 20:39,C0055,white bread,bakery,1,2.90,2.90
T100010,2026-01-06 20:39,C0055,milk 2%,dairy,1,3.80,3.80
T100010,2026-01-06 20:39,C0055,shampoo,care,2,7.40,14.80
T100010,2026-01-06 20:39,C0055,coffee beans,grocery,1,12.50,12.50
T100010,2026-01-06 20:39,C0055,butter,dairy,1,5.20,5.20
T100010,2026-01-06 20:39,C0055,eggs,dairy,1,4.90,4.90
T100017,2026-01-06 20:58,,frozen pizza,frozen,2,7.20,14.40
T100017,2026-01-06 20:58,,coffee beans,grocery,1,12.50,12.50
T100017,2026-01-06 20:58,,strawberry jam,grocery,1,4.10,4.10
T100042,2026-01-07 08:46,C0436,sparkling water,beverage,1,3.10,3.10
T100042,2026-01-07 08:46,C0436,paper towels,household,1,8.30,8.30
T100042,2026-01-07 08:46,C0436,coffee beans,grocery,1,12.50,12.50
T100042,2026-01-07 08:46,C0436,apples,produce,1,4.30,4.30
T100038,2026-01-07 08:56,C0054,ground beef,meat,1,9.40,9.40
T100038,2026-01-07 08:56,C0054,tomato sauce,grocery,1,3.60,3.60
T100038,2026-01-07 08:56,C0054,pasta,grocery,1,2.30,2.30
T100038,2026-01-07 08:56,C0054,tomatoes,produce,1,3.90,3.90
T100034,2026-01-07 09:30,C0342,laundry detergent,household,1,14.20,14.20
T100034,2026-01-07 09:30,C0342,trash bags,household,1,9.10,9.10
T100034,2026-01-07 09:30,C0342,yogurt,dairy,1,4.60,4.60
T100034,2026-01-07 09:30,C0342,toilet paper,household,1,11.90,11.90
T100034,2026-01-07 09:30,C0342,orange juice,beverage,1,4.40,4.40
T100036,2026-01-07 10:15,,diapers,baby,1,24.90,24.90
T100036,2026-01-07 10:15,,yogurt,dairy,1,4.60,4.60
T100036,2026-01-07 10:15,,baby wipes,baby,1,6.70,6.70
T100023,2026-01-07 10:49,C0634,coffee beans,grocery,2,12.50,25.00
T100023,2026-01-07 10:49,C0634,cucumber,produce,1,1.70,1.70
T100023,2026-01-07 10:49,C0634,berries,produce,1,5.80,5.80
T100023,2026-01-07 10:49,C0634,white bread,bakery,1,2.90,2.90
T100023,2026-01-07 10:49,C0634,baby wipes,baby,1,6.70,6.70
T100023,2026-01-07 10:49,C0634,strawberry jam,grocery,1,4.10,4.10
T100023,2026-01-07 10:49,C0634,apples,produce,1,4.30,4.30
T100023,2026-01-07 10:49,C0634,paper towels,household,1,8.30,8.30
T100023,2026-01-07 10:49,C0634,salmon,fish,1,15.90,15.90
T100023,2026-01-07 10:49,C0634,lemon,produce,3,0.90,2.70
T100023,2026-01-07 10:49,C0634,butter,dairy,1,5.20,5.20
T100027,2026-01-07 10:53,C0251,olive oil,grocery,1,11.20,11.20
T100027,2026-01-07 10:53,C0251,parmesan,dairy,1,8.90,8.90
T100027,2026-01-07 10:53,C0251,granola,grocery,1,6.20,6.20
T100027,2026-01-07 10:53,C0251,trash bags,household,1,9.10,9.10
T100027,2026-01-07 10:53,C0251,ground beef,meat,1,9.40,9.40
T100027,2026-01-07 10:53,C0251,diapers,baby,3,24.90,74.70
T100027,2026-01-07 10:53,C0251,tomato sauce,grocery,3,3.60,10.80
T100027,2026-01-07 10:53,C0251,tomatoes,produce,1,3.90,3.90
T100027,2026-01-07 10:53,C0251,pasta,grocery,1,2.30,2.30
T100027,2026-01-07 10:53,C0251,avocado,produce,1,2.20,2.20
T100035,2026-01-07 12:34,C0774,parmesan,dairy,1,8.90,8.90
T100035,2026-01-07 12:34,C0774,pasta,grocery,1,2.30,2.30
T100035,2026-01-07 12:34,C0774,olive oil,grocery,1,11.20,11.20
T100035,2026-01-07 12:34,C0774,ground beef,meat,1,9.40,9.40
T100035,2026-01-07 12:34,C0774,chocolate bar,snack,1,2.70,2.70
T100035,2026-01-07 12:34,C0774,tomato sauce,grocery,1,3.60,3.60
T100031,2026-01-07 16:14,C0029,milk 2%,dairy,1,3.80,3.80
T100031,2026-01-07 16:14,C0029,croissant,bakery,1,1.80,1.80
T100031,2026-01-07 16:14,C0029,coffee beans,grocery,1,12.50,12.50
T100031,2026-01-07 16:14,C0029,sugar,grocery,3,3.20,9.60
T100031,2026-01-07 16:14,C0029,pasta,grocery,1,2.30,2.30
T100030,2026-01-07 16:17,C0619,chicken breast,meat,1,12.80,12.80
T100030,2026-01-07 16:17,C0619,salmon,fish,1,15.90,15.90
T100030,2026-01-07 16:17,C0619,red wine,beverage,3,16.00,48.00
T100041,2026-01-07 16:31,C0556,pasta,grocery,1,2.30,2.30
T100041,2026-01-07 16:31,C0556,baby formula,baby,1,28.50,28.50
T100041,2026-01-07 16:31,C0556,olive oil,grocery,1,11.20,11.20
T100041,2026-01-07 16:31,C0556,milk 2%,dairy,1,3.80,3.80
T100041,2026-01-07 16:31,C0556,baby wipes,baby,1,6.70,6.70
T100041,2026-01-07 16:31,C0556,tomato sauce,grocery,1,3.60,3.60
T100032,2026-01-07 17:04,C0506,diapers,baby,1,24.90,24.90
T100032,2026-01-07 17:04,C0506,strawberry jam,grocery,1,4.10,4.10
T100032,2026-01-07 17:04,C0506,beer,beverage,1,13.50,13.50
T100032,2026-01-07 17:04,C0506,baby formula,baby,1,28.50,28.50
T100039,2026-01-07 17:23,C0830,sugar,grocery,1,3.20,3.20
T100039,2026-01-07 17:23,C0830,coffee beans,grocery,1,12.50,12.50
T100039,2026-01-07 17:23,C0830,apples,produce,1,4.30,4.30
T100028,2026-01-07 17:31,C0087,eggs,dairy,2,4.90,9.80
T100028,2026-01-07 17:31,C0087,lemon,produce,3,0.90,2.70
T100028,2026-01-07 17:31,C0087,baby wipes,baby,1,6.70,6.70
T100028,2026-01-07 17:31,C0087,diapers,baby,1,24.90,24.90
T100028,2026-01-07 17:31,C0087,olive oil,grocery,1,11.20,11.20
T100028,2026-01-07 17:31,C0087,paper towels,household,1,8.30,8.30
T100037,2026-01-07 17:35,C0458,butter,dairy,1,5.20,5.20
T100037,2026-01-07 17:35,C0458,strawberry jam,grocery,1,4.10,4.10
T100037,2026-01-07 17:35,C0458,toilet paper,household,1,11.90,11.90
T100037,2026-01-07 17:35,C0458,ice cream,frozen,1,6.50,6.50
T100037,2026-01-07 17:35,C0458,croissant,bakery,1,1.80,1.80
T100029,2026-01-07 17:42,C0587,salsa,grocery,1,3.90,3.90
T100029,2026-01-07 17:42,C0587,tortilla chips,snack,1,4.20,4.20
T100029,2026-01-07 17:42,C0587,white bread,bakery,2,2.90,5.80
T100029,2026-01-07 17:42,C0587,toothpaste,care,1,4.50,4.50
T100029,2026-01-07 17:42,C0587,lemon,produce,1,0.90,0.90
T100029,2026-01-07 17:42,C0587,beer,beverage,1,13.50,13.50
T100033,2026-01-07 18:31,,berries,produce,2,5.80,11.60
T100033,2026-01-07 18:31,,lettuce,produce,2,2.60,5.20
T100033,2026-01-07 18:31,,chocolate bar,snack,2,2.70,5.40
T100033,2026-01-07 18:31,,yogurt,dairy,1,4.60,4.60
T100033,2026-01-07 18:31,,bananas,produce,1,2.10,2.10
T100033,2026-01-07 18:31,,diapers,baby,1,24.90,24.90
T100024,2026-01-07 19:08,,white bread,bakery,1,2.90,2.90
T100024,2026-01-07 19:08,,conditioner,care,1,7.40,7.40
T100024,2026-01-07 19:08,,laundry detergent,household,3,14.20,42.60
T100024,2026-01-07 19:08,,paper towels,household,1,8.30,8.30
T100024,2026-01-07 19:08,,dish soap,household,1,4.70,4.70
T100026,2026-01-07 19:17,,croissant,bakery,1,1.80,1.80
T100026,2026-01-07 19:17,,coffee beans,grocery,1,12.50,12.50
T100026,2026-01-07 19:17,,milk 2%,dairy,1,3.80,3.80
T100026,2026-01-07 19:17,,sugar,grocery,1,3.20,3.20
T100026,2026-01-07 19:17,,pasta,grocery,1,2.30,2.30
T100025,2026-01-07 20:07,,granola,grocery,1,6.20,6.20
T100025,2026-01-07 20:07,,toothpaste,care,1,4.50,4.50
T100025,2026-01-07 20:07,,laundry detergent,household,1,14.20,14.20
T100025,2026-01-07 20:07,,baby wipes,baby,3,6.70,20.10
T100025,2026-01-07 20:07,,diapers,baby,3,24.90,74.70
T100025,2026-01-07 20:07,,baby formula,baby,1,28.50,28.50
T100040,2026-01-07 20:52,C0399,beer,beverage,1,13.50,13.50
T100040,2026-01-07 20:52,C0399,peanuts,snack,1,4.80,4.80
T100040,2026-01-07 20:52,C0399,salsa,grocery,1,3.90,3.90
T100040,2026-01-07 20:52,C0399,red wine,beverage,1,16.00,16.00
T100040,2026-01-07 20:52,C0399,shampoo,care,1,7.40,7.40
T100040,2026-01-07 20:52,C0399,white bread,bakery,1,2.90,2.90
T100040,2026-01-07 20:52,C0399,coffee beans,grocery,1,12.50,12.50
T100022,2026-01-07 20:54,C0022,butter,dairy,1,5.20,5.20
T100022,2026-01-07 20:54,C0022,conditioner,care,1,7.40,7.40
T100022,2026-01-07 20:54,C0022,laundry detergent,household,1,14.20,14.20
T100055,2026-01-08 09:34,,conditioner,care,1,7.40,7.40
T100055,2026-01-08 09:34,,tomato sauce,grocery,1,3.60,3.60
T100055,2026-01-08 09:34,,baby formula,baby,1,28.50,28.50
T100055,2026-01-08 09:34,,berries,produce,1,5.80,5.80
T100055,2026-01-08 09:34,,tomatoes,produce,1,3.90,3.90
T100055,2026-01-08 09:34,,pasta,grocery,1,2.30,2.30
T100055,2026-01-08 09:34,,parmesan,dairy,1,8.90,8.90
T100045,2026-01-08 11:18,C0661,beer,beverage,1,13.50,13.50
T100045,2026-01-08 11:18,C0661,salmon,fish,1,15.90,15.90
T100045,2026-01-08 11:18,C0661,lettuce,produce,1,2.60,2.60
T100045,2026-01-08 11:18,C0661,tortilla chips,snack,1,4.20,4.20
T100045,2026-01-08 11:18,C0661,yogurt,dairy,1,4.60,4.60
T100045,2026-01-08 11:18,C0661,peanuts,snack,1,4.80,4.80
T100045,2026-01-08 11:18,C0661,salsa,grocery,1,3.90,3.90
T100045,2026-01-08 11:18,C0661,tomato sauce,grocery,1,3.60,3.60
T100048,2026-01-08 11:56,,croissant,bakery,3,1.80,5.40
T100048,2026-01-08 11:56,,milk 2%,dairy,1,3.80,3.80
T100048,2026-01-08 11:56,,coffee beans,grocery,1,12.50,12.50
T100048,2026-01-08 11:56,,butter,dairy,1,5.20,5.20
T100057,2026-01-08 12:17,C0776,tortilla chips,snack,1,4.20,4.20
T100057,2026-01-08 12:17,C0776,peanuts,snack,1,4.80,4.80
T100057,2026-01-08 12:17,C0776,butter,dairy,1,5.20,5.20
T100057,2026-01-08 12:17,C0776,chocolate bar,snack,1,2.70,2.70
T100057,2026-01-08 12:17,C0776,diapers,baby,1,24.90,24.90
T100057,2026-01-08 12:17,C0776,salsa,grocery,1,3.90,3.90
T100057,2026-01-08 12:17,C0776,ice cream,frozen,1,6.50,6.50
T100057,2026-01-08 12:17,C0776,paper towels,household,1,8.30,8.30
T100057,2026-01-08 12:17,C0776,toothpaste,care,1,4.50,4.50
T100043,2026-01-08 12:45,C0710,olive oil,grocery,1,11.20,11.20
T100043,2026-01-08 12:45,C0710,shampoo,care,1,7.40,7.40
T100043,2026-01-08 12:45,C0710,parmesan,dairy,1,8.90,8.90
T100043,2026-01-08 12:45,C0710,bacon,meat,1,7.80,7.80
T100043,2026-01-08 12:45,C0710,granola,grocery,1,6.20,6.20
T100043,2026-01-08 12:45,C0710,pasta,grocery,1,2.30,2.30
T100043,2026-01-08 12:45,C0710,tomato sauce,grocery,1,3.60,3.60
T100049,2026-01-08 13:16,,salmon,fish,1,15.90,15.90
T100049,2026-01-08 13:16,,cucumber,produce,1,1.70,1.70
T100049,2026-01-08 13:16,,red wine,beverage,1,16.00,16.00
T100049,2026-01-08 13:16,,peanuts,snack,1,4.80,4.80
T100049,2026-01-08 13:16,,olive oil,grocery,1,11.20,11.20
T100046,2026-01-08 13:58,C0746,olive oil,grocery,1,11.20,11.20
T100046,2026-01-08 13:58,C0746,apples,produce,1,4.30,4.30
T100046,2026-01-08 13:58,C0746,parmesan,dairy,1,8.90,8.90
T100046,2026-01-08 13:58,C0746,pasta,grocery,2,2.30,4.60
T100047,2026-01-08 17:21,,granola,grocery,2,6.20,12.40
T100047,2026-01-08 17:21,,avocado,produce,1,2.20,2.20
T100047,2026-01-08 17:21,,ground beef,meat,2,9.40,18.80
T100051,2026-01-08 18:03,,toothpaste,care,1,4.50,4.50
T100051,2026-01-08 18:03,,milk 2%,dairy,1,3.80,3.80
T100051,2026-01-08 18:03,,salmon,fish,2,15.90,31.80
T100051,2026-01-08 18:03,,coffee beans,grocery,3,12.50,37.50
T100054,2026-01-08 18:41,C0013,coffee beans,grocery,1,12.50,12.50
T100054,2026-01-08 18:41,C0013,salsa,grocery,1,3.90,3.90
T100054,2026-01-08 18:41,C0013,sugar,grocery,1,3.20,3.20
T100054,2026-01-08 18:41,C0013,baby formula,baby,1,28.50,28.50
T100058,2026-01-08 18:50,C0445,conditioner,care,1,7.40,7.40
T100058,2026-01-08 18:50,C0445,granola,grocery,1,6.20,6.20
T100058,2026-01-08 18:50,C0445,whole wheat bread,bakery,1,3.40,3.40
T100058,2026-01-08 18:50,C0445,shampoo,care,1,7.40,7.40
T100050,2026-01-08 18:57,,milk 2%,dairy,1,3.80,3.80
T100050,2026-01-08 18:57,,coffee beans,grocery,1,12.50,12.50
T100050,2026-01-08 18:57,,peanut butter,grocery,1,5.60,5.60
T100050,2026-01-08 18:57,,tomato sauce,grocery,1,3.60,3.60
T100050,2026-01-08 18:57,,chocolate bar,snack,1,2.70,2.70
T100050,2026-01-08 18:57,,paper towels,household,3,8.30,24.90
T100050,2026-01-08 18:57,,laundry detergent,household,1,14.20,14.20
T100050,2026-01-08 18:57,,dish soap,household,1,4.70,4.70
T100050,2026-01-08 18:57,,toilet paper,household,3,11.90,35.70
T100052,2026-01-08 19:04,,coffee beans,grocery,1,12.50,12.50
T100052,2026-01-08 19:04,,tomato sauce,grocery,1,3.60,3.60
T100052,2026-01-08 19:04,,trash bags,household,3,9.10,27.30
T100052,2026-01-08 19:04,,beer,beverage,1,13.50,13.50
T100053,2026-01-08 19:36,,tortilla chips,snack,1,4.20,4.20
T100053,2026-01-08 19:36,,beer,beverage,1,13.50,13.50
T100053,2026-01-08 19:36,,salsa,grocery,2,3.90,7.80
T100053,2026-01-08 19:36,,white bread,bakery,1,2.90,2.90
T100053,2026-01-08 19:36,,milk 2%,dairy,1,3.80,3.80
T100053,2026-01-08 19:36,,peanut butter,grocery,1,5.60,5.60
T100044,2026-01-08 19:54,,laundry detergent,household,1,14.20,14.20
T100044,2026-01-08 19:54,,diapers,baby,1,24.90,24.90
T100044,2026-01-08 19:54,,toothpaste,care,1,4.50,4.50
T100056,2026-01-08 20:14,,eggs,dairy,1,4.90,4.90
T100056,2026-01-08 20:14,,white bread,bakery,1,2.90,2.90
T100056,2026-01-08 20:14,,strawberry jam,grocery,1,4.10,4.10
T100056,2026-01-08 20:14,,butter,dairy,1,5.20,5.20
T100056,2026-01-08 20:14,,tea,grocery,1,6.40,6.40
T100056,2026-01-08 20:14,,milk 2%,dairy,1,3.80,3.80
T100062,2026-01-09 09:37,C0341,ice cream,frozen,1,6.50,6.50
T100062,2026-01-09 09:37,C0341,salsa,grocery,1,3.90,3.90
T100062,2026-01-09 09:37,C0341,beer,beverage,1,13.50,13.50
T100062,2026-01-09 09:37,C0341,tortilla chips,snack,1,4.20,4.20
T100062,2026-01-09 09:37,C0341,coffee beans,grocery,1,12.50,12.50
T100081,2026-01-09 09:40,C0028,salsa,grocery,2,3.90,7.80
T100081,2026-01-09 09:40,C0028,berries,produce,1,5.80,5.80
T100081,2026-01-09 09:40,C0028,yogurt,dairy,3,4.60,13.80
T100081,2026-01-09 09:40,C0028,croissant,bakery,1,1.80,1.80
T100081,2026-01-09 09:40,C0028,lettuce,produce,1,2.60,2.60
T100081,2026-01-09 09:40,C0028,bananas,produce,1,2.10,2.10
T100081,2026-01-09 09:40,C0028,dish soap,household,1,4.70,4.70
T100081,2026-01-09 09:40,C0028,ground beef,meat,1,9.40,9.40
T100081,2026-01-09 09:40,C0028,lettuce,produce,1,2.60,2.60
T100074,2026-01-09 10:36,C0008,salmon,fish,1,15.90,15.90
T100074,2026-01-09 10:36,C0008,toilet paper,household,1,11.90,11.90
T100074,2026-01-09 10:36,C0008,cucumber,produce,1,1.70,1.70
T100074,2026-01-09 10:36,C0008,tomato sauce,grocery,1,3.60,3.60
T100065,2026-01-09 10:49,C0126,red wine,beverage,1,16.00,16.00
T100065,2026-01-09 10:49,C0126,peanuts,snack,1,4.80,4.80
T100065,2026-01-09 10:49,C0126,salsa,grocery,3,3.90,11.70
T100065,2026-01-09 10:49,C0126,sparkling water,beverage,1,3.10,3.10
T100065,2026-01-09 10:49,C0126,beer,beverage,1,13.50,13.50
T100065,2026-01-09 10:49,C0126,ice cream,frozen,1,6.50,6.50
T100061,2026-01-09 11:04,C0034,milk 2%,dairy,3,3.80,11.40
T100061,2026-01-09 11:04,C0034,coffee beans,grocery,3,12.50,37.50
T100061,2026-01-09 11:04,C0034,sparkling water,beverage,1,3.10,3.10
T100061,2026-01-09 11:04,C0034,conditioner,care,1,7.40,7.40
T100075,2026-01-09 11:07,,red wine,beverage,1,16.00,16.00
T100075,2026-01-09 11:07,,peanut butter,grocery,1,5.60,5.60
T100075,2026-01-09 11:07,,toothpaste,care,1,4.50,4.50
T100060,2026-01-09 11:12,C0301,tomatoes,produce,1,3.90,3.90
T100060,2026-01-09 11:12,C0301,whole wheat bread,bakery,1,3.40,3.40
T100060,2026-01-09 11:12,C0301,bacon,meat,1,7.80,7.80
T100060,2026-01-09 11:12,C0301,beer,beverage,1,13.50,13.50
T100060,2026-01-09 11:12,C0301,sugar,grocery,1,3.20,3.20
T100060,2026-01-09 11:12,C0301,paper towels,household,1,8.30,8.30
T100060,2026-01-09 11:12,C0301,ice cream,frozen,1,6.50,6.50
T100060,2026-01-09 11:12,C0301,tortilla chips,snack,1,4.20,4.20
T100060,2026-01-09 11:12,C0301,chocolate bar,snack,1,2.70,2.70
T100078,2026-01-09 11:15,,croissant,bakery,1,1.80,1.80
T100078,2026-01-09 11:15,,sugar,grocery,1,3.20,3.20
T100078,2026-01-09 11:15,,berries,produce,1,5.80,5.80
T100078,2026-01-09 11:15,,coffee beans,grocery,1,12.50,12.50
T100066,2026-01-09 12:30,,white bread,bakery,1,2.90,2.90
T100066,2026-01-09 12:30,,sparkling water,beverage,1,3.10,3.10
T100066,2026-01-09 12:30,,butter,dairy,2,5.20,10.40
T100066,2026-01-09 12:30,,milk 2%,dairy,1,3.80,3.80
T100066,2026-01-09 12:30,,strawberry jam,grocery,1,4.10,4.10
T100066,2026-01-09 12:30,,lettuce,produce,1,2.60,2.60
T100073,2026-01-09 13:21,C0355,diapers,baby,1,24.90,24.90
T100073,2026-01-09 13:21,C0355,beer,beverage,1,13.50,13.50
T100073,2026-01-09 13:21,C0355,conditioner,care,1,7.40,7.40
T100073,2026-01-09 13:21,C0355,baby wipes,baby,1,6.70,6.70
T100073,2026-01-09 13:21,C0355,baby formula,baby,1,28.50,28.50
T100073,2026-01-09 13:21,C0355,parmesan,dairy,1,8.90,8.90
T100067,2026-01-09 13:25,C0754,laundry detergent,household,1,14.20,14.20
T100067,2026-01-09 13:25,C0754,tomato sauce,grocery,1,3.60,3.60
T100080,2026-01-09 13:46,,parmesan,dairy,1,8.90,8.90
T100080,2026-01-09 13:46,,red wine,beverage,1,16.00,16.00
T100080,2026-01-09 13:46,,olive oil,grocery,1,11.20,11.20
T100080,2026-01-09 13:46,,tomato sauce,grocery,1,3.60,3.60
T100080,2026-01-09 13:46,,pasta,grocery,1,2.30,2.30
T100064,2026-01-09 16:05,C0842,diapers,baby,1,24.90,24.90
T100064,2026-01-09 16:05,C0842,conditioner,care,1,7.40,7.40
T100064,2026-01-09 16:05,C0842,ground beef,meat,1,9.40,9.40
T100064,2026-01-09 16:05,C0842,beer,beverage,1,13.50,13.50
T100064,2026-01-09 16:05,C0842,paper towels,household,2,8.30,16.60
T100068,2026-01-09 16:09,C0236,strawberry jam,grocery,1,4.10,4.10
T100068,2026-01-09 16:09,C0236,tortilla chips,snack,1,4.20,4.20
T100068,2026-01-09 16:09,C0236,butter,dairy,1,5.20,5.20
T100068,2026-01-09 16:09,C0236,bananas,produce,1,2.10,2.10
T100068,2026-01-09 16:09,C0236,frozen pizza,frozen,2,7.20,14.40
T100068,2026-01-09 16:09,C0236,white bread,bakery,1,2.90,2.90
T100068,2026-01-09 16:09,C0236,granola,grocery,1,6.20,6.20
T100068,2026-01-09 16:09,C0236,sugar,grocery,1,3.20,3.20
T100059,2026-01-09 16:24,,avocado,produce,1,2.20,2.20
T100059,2026-01-09 16:24,,bananas,produce,3,2.10,6.30
T100059,2026-01-09 16:24,,berries,produce,1,5.80,5.80
T100059,2026-01-09 16:24,,granola,grocery,3,6.20,18.60
T100059,2026-01-09 16:24,,yogurt,dairy,1,4.60,4.60
T100076,2026-01-09 17:14,C0109,parmesan,dairy,3,8.90,26.70
T100076,2026-01-09 17:14,C0109,coffee beans,grocery,1,12.50,12.50
T100076,2026-01-09 17:14,C0109,sugar,grocery,1,3.20,3.20
T100076,2026-01-09 17:14,C0109,milk 2%,dairy,3,3.80,11.40
T100072,2026-01-09 17:29,C0738,butter,dairy,1,5.20,5.20
T100072,2026-01-09 17:29,C0738,strawberry jam,grocery,2,4.10,8.20
T100072,2026-01-09 17:29,C0738,white bread,bakery,1,2.90,2.90
T100072,2026-01-09 17:29,C0738,toothpaste,care,1,4.50,4.50
T100071,2026-01-09 18:07,C0274,avocado,produce,1,2.20,2.20
T100071,2026-01-09 18:07,C0274,white bread,bakery,2,2.90,5.80
T100071,2026-01-09 18:07,C0274,butter,dairy,2,5.20,10.40
T100071,2026-01-09 18:07,C0274,strawberry jam,grocery,1,4.10,4.10
T100071,2026-01-09 18:07,C0274,apples,produce,1,4.30,4.30
T100071,2026-01-09 18:07,C0274,tortilla chips,snack,1,4.20,4.20
T100079,2026-01-09 18:18,,baby formula,baby,2,28.50,57.00
T100079,2026-01-09 18:18,,frozen pizza,frozen,3,7.20,21.60
T100079,2026-01-09 18:18,,ice cream,frozen,1,6.50,6.50
T100079,2026-01-09 18:18,,baby wipes,baby,1,6.70,6.70
T100079,2026-01-09 18:18,,yogurt,dairy,1,4.60,4.60
T100079,2026-01-09 18:18,,tortilla chips,snack,1,4.20,4.20
T100079,2026-01-09 18:18,,toilet paper,household,1,11.90,11.90
T100079,2026-01-09 18:18,,paper towels,household,1,8.30,8.30
T100079,2026-01-09 18:18,,sparkling water,beverage,3,3.10,9.30
T100079,2026-01-09 18:18,,diapers,baby,3,24.90,74.70
T100063,2026-01-09 18:24,C0698,tomato sauce,grocery,1,3.60,3.60
T100063,2026-01-09 18:24,C0698,lettuce,produce,1,2.60,2.60
T100077,2026-01-09 18:30,,pasta,grocery,1,2.30,2.30
T100077,2026-01-09 18:30,,strawberry jam,grocery,1,4.10,4.10
T100077,2026-01-09 18:30,,white bread,bakery,1,2.90,2.90
T100077,2026-01-09 18:30,,milk 2%,dairy,1,3.80,3.80
T100077,2026-01-09 18:30,,butter,dairy,1,5.20,5.20
T100070,2026-01-09 18:43,C0739,conditioner,care,1,7.40,7.40
T100070,2026-01-09 18:43,C0739,baby wipes,baby,1,6.70,6.70
T100070,2026-01-09 18:43,C0739,avocado,produce,1,2.20,2.20
T100070,2026-01-09 18:43,C0739,peanut butter,grocery,1,5.60,5.60
T100070,2026-01-09 18:43,C0739,toothpaste,care,1,4.50,4.50
T100070,2026-01-09 18:43,C0739,ground beef,meat,1,9.40,9.40
T100070,2026-01-09 18:43,C0739,shampoo,care,1,7.40,7.40
T100069,2026-01-09 19:39,C0889,milk 2%,dairy,1,3.80,3.80
T100069,2026-01-09 19:39,C0889,chocolate bar,snack,3,2.70,8.10
T100069,2026-01-09 19:39,C0889,white bread,bakery,1,2.90,2.90
T100069,2026-01-09 19:39,C0889,coffee beans,grocery,1,12.50,12.50
T100069,2026-01-09 19:39,C0889,lettuce,produce,1,2.60,2.60
T100069,2026-01-09 19:39,C0889,butter,dairy,1,5.20,5.20
T100069,2026-01-09 19:39,C0889,red wine,beverage,1,16.00,16.00
T100069,2026-01-09 19:39,C0889,peanuts,snack,1,4.80,4.80
T100069,2026-01-09 19:39,C0889,strawberry jam,grocery,1,4.10,4.10
T100082,2026-01-09 19:55,,butter,dairy,1,5.20,5.20
T100082,2026-01-09 19:55,,ground beef,meat,1,9.40,9.40
T100082,2026-01-09 19:55,,milk 2%,dairy,1,3.80,3.80
T100082,2026-01-09 19:55,,tea,grocery,2,6.40,12.80
T100082,2026-01-09 19:55,,red wine,beverage,1,16.00,16.00
T100082,2026-01-09 19:55,,laundry detergent,household,1,14.20,14.20
T100082,2026-01-09 19:55,,white bread,bakery,1,2.90,2.90
T100095,2026-01-10 09:10,C0266,butter,dairy,1,5.20,5.20
T100095,2026-01-10 09:10,C0266,white bread,bakery,1,2.90,2.90
T100095,2026-01-10 09:10,C0266,ice cream,frozen,1,6.50,6.50
T100095,2026-01-10 09:10,C0266,eggs,dairy,1,4.90,4.90
T100097,2026-01-10 09:13,C0457,tomato sauce,grocery,1,3.60,3.60
T100097,2026-01-10 09:13,C0457,pasta,grocery,2,2.30,4.60
T100097,2026-01-10 09:13,C0457,yogurt,dairy,1,4.60,4.60
T100097,2026-01-10 09:13,C0457,olive oil,grocery,1,11.20,11.20
T100097,2026-01-10 09:13,C0457,ground beef,meat,1,9.40,9.40
T100092,2026-01-10 10:11,C0086,red wine,beverage,2,16.00,32.00
T100092,2026-01-10 10:11,C0086,tomato sauce,grocery,1,3.60,3.60
T100092,2026-01-10 10:11,C0086,pasta,grocery,1,2.30,2.30
T100090,2026-01-10 10:29,C0566,salmon,fish,2,15.90,31.80
T100101,2026-01-10 10:30,C0547,croissant,bakery,1,1.80,1.80
T100101,2026-01-10 10:30,C0547,coffee beans,grocery,1,12.50,12.50
T100101,2026-01-10 10:30,C0547,olive oil,grocery,1,11.20,11.20
T100101,2026-01-10 10:30,C0547,tea,grocery,1,6.40,6.40
T100101,2026-01-10 10:30,C0547,ice cream,frozen,2,6.50,13.00
T100101,2026-01-10 10:30,C0547,trash bags,household,1,9.10,9.10
T100101,2026-01-10 10:30,C0547,peanuts,snack,1,4.80,4.80
T100088,2026-01-10 10:40,C0319,parmesan,dairy,1,8.90,8.90
T100088,2026-01-10 10:40,C0319,pasta,grocery,1,2.30,2.30
T100088,2026-01-10 10:40,C0319,coffee beans,grocery,1,12.50,12.50
T100088,2026-01-10 10:40,C0319,tomato sauce,grocery,3,3.60,10.80
T100088,2026-01-10 10:40,C0319,red wine,beverage,1,16.00,16.00
T100086,2026-01-10 11:58,C0313,strawberry jam,grocery,1,4.10,4.10
T100086,2026-01-10 11:58,C0313,coffee beans,grocery,1,12.50,12.50
T100086,2026-01-10 11:58,C0313,white bread,bakery,1,2.90,2.90
T100086,2026-01-10 11:58,C0313,milk 2%,dairy,1,3.80,3.80
T100086,2026-01-10 11:58,C0313,ice cream,frozen,1,6.50,6.50
T100099,2026-01-10 12:25,C0646,cucumber,produce,1,1.70,1.70
T100091,2026-01-10 12:34,C0694,toothpaste,care,1,4.50,4.50
T100091,2026-01-10 12:34,C0694,conditioner,care,1,7.40,7.40
T100102,2026-01-10 13:19,C0864,toothpaste,care,1,4.50,4.50
T100102,2026-01-10 13:19,C0864,apples,produce,1,4.30,4.30
T100102,2026-01-10 13:19,C0864,pasta,grocery,1,2.30,2.30
T100102,2026-01-10 13:19,C0864,olive oil,grocery,1,11.20,11.20
T100102,2026-01-10 13:19,C0864,tomato sauce,grocery,1,3.60,3.60
T100102,2026-01-10 13:19,C0864,red wine,beverage,1,16.00,16.00
T100102,2026-01-10 13:19,C0864,toilet paper,household,1,11.90,11.90
T100102,2026-01-10 13:19,C0864,shampoo,care,1,7.40,7.40
T100104,2026-01-10 13:40,C0579,granola,grocery,2,6.20,12.40
T100104,2026-01-10 13:40,C0579,berries,produce,1,5.80,5.80
T100104,2026-01-10 13:40,C0579,lettuce,produce,1,2.60,2.60
T100104,2026-01-10 13:40,C0579,bananas,produce,3,2.10,6.30
T100103,2026-01-10 13:50,C0866,sugar,grocery,1,3.20,3.20
T100103,2026-01-10 13:50,C0866,milk 2%,dairy,1,3.80,3.80
T100103,2026-01-10 13:50,C0866,coffee beans,grocery,1,12.50,12.50
T100103,2026-01-10 13:50,C0866,laundry detergent,household,1,14.20,14.20
T100084,2026-01-10 16:23,,butter,dairy,1,5.20,5.20
T100084,2026-01-10 16:23,,milk 2%,dairy,1,3.80,3.80
T100084,2026-01-10 16:23,,eggs,dairy,1,4.90,4.90
T100084,2026-01-10 16:23,,white bread,bakery,1,2.90,2.90
T100084,2026-01-10 16:23,,baby formula,baby,1,28.50,28.50
T100083,2026-01-10 16:30,,trash bags,household,1,9.10,9.10
T100083,2026-01-10 16:30,,granola,grocery,1,6.20,6.20
T100083,2026-01-10 16:30,,white bread,bakery,1,2.90,2.90
T100083,2026-01-10 16:30,,laundry detergent,household,1,14.20,14.20
T100083,2026-01-10 16:30,,paper towels,household,1,8.30,8.30
T100083,2026-01-10 16:30,,toilet paper,household,1,11.90,11.90
T100098,2026-01-10 16:30,C0553,paper towels,household,1,8.30,8.30
T100098,2026-01-10 16:30,C0553,laundry detergent,household,1,14.20,14.20
T100098,2026-01-10 16:30,C0553,strawberry jam,grocery,1,4.10,4.10
T100098,2026-01-10 16:30,C0553,frozen pizza,frozen,1,7.20,7.20
T100098,2026-01-10 16:30,C0553,sparkling water,beverage,2,3.10,6.20
T100108,2026-01-10 16:46,C0711,pasta,grocery,1,2.30,2.30
T100108,2026-01-10 16:46,C0711,tomato sauce,grocery,1,3.60,3.60
T100108,2026-01-10 16:46,C0711,strawberry jam,grocery,1,4.10,4.10
T100108,2026-01-10 16:46,C0711,parmesan,dairy,1,8.90,8.90
T100094,2026-01-10 17:03,,red wine,beverage,1,16.00,16.00
T100094,2026-01-10 17:03,,lemon,produce,3,0.90,2.70
T100094,2026-01-10 17:03,,salmon,fish,1,15.90,15.90
T100094,2026-01-10 17:03,,parmesan,dairy,2,8.90,17.80
T100094,2026-01-10 17:03,,bananas,produce,1,2.10,2.10
T100087,2026-01-10 17:23,,apples,produce,1,4.30,4.30
T100087,2026-01-10 17:23,,laundry detergent,household,1,14.20,14.20
T100087,2026-01-10 17:23,,paper towels,household,1,8.30,8.30
T100087,2026-01-10 17:23,,tortilla chips,snack,2,4.20,8.40
T100087,2026-01-10 17:23,,toilet paper,household,1,11.90,11.90
T100087,2026-01-10 17:23,,trash bags,household,3,9.10,27.30
T100096,2026-01-10 18:59,C0821,ice cream,frozen,3,6.50,19.50
T100096,2026-01-10 18:59,C0821,pasta,grocery,1,2.30,2.30
T100096,2026-01-10 18:59,C0821,parmesan,dairy,1,8.90,8.90
T100096,2026-01-10 18:59,C0821,croissant,bakery,3,1.80,5.40
T100096,2026-01-10 18:59,C0821,red wine,beverage,1,16.00,16.00
T100096,2026-01-10 18:59,C0821,tomato sauce,grocery,1,3.60,3.60
T100089,2026-01-10 19:01,,beer,beverage,3,13.50,40.50
T100089,2026-01-10 19:01,,cucumber,produce,1,1.70,1.70
T100089,2026-01-10 19:01,,peanuts,snack,1,4.80,4.80
T100089,2026-01-10 19:01,,apples,produce,1,4.30,4.30
T100089,2026-01-10 19:01,,salsa,grocery,1,3.90,3.90
T100105,2026-01-10 19:31,,eggs,dairy,1,4.90,4.90
T100105,2026-01-10 19:31,,sparkling water,beverage,1,3.10,3.10
T100105,2026-01-10 19:31,,parmesan,dairy,1,8.90,8.90
T100105,2026-01-10 19:31,,tomatoes,produce,1,3.90,3.90
T100105,2026-01-10 19:31,,yogurt,dairy,1,4.60,4.60
T100105,2026-01-10 19:31,,bananas,produce,1,2.10,2.10
T100105,2026-01-10 19:31,,chicken breast,meat,1,12.80,12.80
T100105,2026-01-10 19:31,,granola,grocery,1,6.20,6.20
T100105,2026-01-10 19:31,,paper towels,household,1,8.30,8.30
T100093,2026-01-10 19:44,C0045,baby formula,baby,2,28.50,57.00
T100093,2026-01-10 19:44,C0045,baby wipes,baby,1,6.70,6.70
T100093,2026-01-10 19:44,C0045,diapers,baby,1,24.90,24.90
T100093,2026-01-10 19:44,C0045,bacon,meat,1,7.80,7.80
T100093,2026-01-10 19:44,C0045,red wine,beverage,1,16.00,16.00
T100107,2026-01-10 19:53,C0383,butter,dairy,1,5.20,5.20
T100107,2026-01-10 19:53,C0383,bananas,produce,1,2.10,2.10
T100107,2026-01-10 19:53,C0383,granola,grocery,1,6.20,6.20
T100107,2026-01-10 19:53,C0383,lettuce,produce,1,2.60,2.60
T100107,2026-01-10 19:53,C0383,strawberry jam,grocery,1,4.10,4.10
T100107,2026-01-10 19:53,C0383,chicken breast,meat,1,12.80,12.80
T100107,2026-01-10 19:53,C0383,trash bags,household,2,9.10,18.20
T100085,2026-01-10 19:54,,orange juice,beverage,1,4.40,4.40
T100085,2026-01-10 19:54,,coffee beans,grocery,1,12.50,12.50
T100085,2026-01-10 19:54,,ground beef,meat,1,9.40,9.40
T100085,2026-01-10 19:54,,peanuts,snack,1,4.80,4.80
T100085,2026-01-10 19:54,,white bread,bakery,1,2.90,2.90
T100085,2026-01-10 19:54,,milk 2%,dairy,2,3.80,7.60
T100085,2026-01-10 19:54,,butter,dairy,1,5.20,5.20
T100106,2026-01-10 19:54,,yogurt,dairy,1,4.60,4.60
T100106,2026-01-10 19:54,,baby formula,baby,1,28.50,28.50
T100106,2026-01-10 19:54,,berries,produce,1,5.80,5.80
T100106,2026-01-10 19:54,,bananas,produce,1,2.10,2.10
T100106,2026-01-10 19:54,,pasta,grocery,1,2.30,2.30
T100106,2026-01-10 19:54,,avocado,produce,1,2.20,2.20
T100100,2026-01-10 20:50,C0476,coffee beans,grocery,3,12.50,37.50
T100100,2026-01-10 20:50,C0476,butter,dairy,1,5.20,5.20
T100100,2026-01-10 20:50,C0476,diapers,baby,1,24.90,24.90
T100100,2026-01-10 20:50,C0476,granola,grocery,2,6.20,12.40
T100100,2026-01-10 20:50,C0476,milk 2%,dairy,1,3.80,3.80
T100100,2026-01-10 20:50,C0476,apples,produce,1,4.30,4.30
T100100,2026-01-10 20:50,C0476,white bread,bakery,1,2.90,2.90
T100118,2026-01-11 09:10,C0456,tomatoes,produce,1,3.90,3.90
T100118,2026-01-11 09:10,C0456,shampoo,care,1,7.40,7.40
T100118,2026-01-11 09:10,C0456,salmon,fish,1,15.90,15.90
T100118,2026-01-11 09:10,C0456,berries,produce,1,5.80,5.80
T100116,2026-01-11 09:20,C0227,berries,produce,1,5.80,5.80
T100116,2026-01-11 09:20,C0227,parmesan,dairy,1,8.90,8.90
T100116,2026-01-11 09:20,C0227,yogurt,dairy,1,4.60,4.60
T100116,2026-01-11 09:20,C0227,sugar,grocery,1,3.20,3.20
T100116,2026-01-11 09:20,C0227,lettuce,produce,1,2.60,2.60
T100116,2026-01-11 09:20,C0227,lemon,produce,1,0.90,0.90
T100115,2026-01-11 13:04,,red wine,beverage,3,16.00,48.00
T100115,2026-01-11 13:04,,lemon,produce,1,0.90,0.90
T100115,2026-01-11 13:04,,lettuce,produce,1,2.60,2.60
T100115,2026-01-11 13:04,,bacon,meat,1,7.80,7.80
T100115,2026-01-11 13:04,,salmon,fish,1,15.90,15.90
T100125,2026-01-11 16:31,,strawberry jam,grocery,1,4.10,4.10
T100125,2026-01-11 16:31,,tortilla chips,snack,1,4.20,4.20
T100125,2026-01-11 16:31,,ice cream,frozen,1,6.50,6.50
T100125,2026-01-11 16:31,,salsa,grocery,1,3.90,3.90
T100125,2026-01-11 16:31,,beer,beverage,1,13.50,13.50
T100125,2026-01-11 16:31,,peanuts,snack,1,4.80,4.80
T100121,2026-01-11 16:59,,olive oil,grocery,1,11.20,11.20
T100121,2026-01-11 16:59,,shampoo,care,1,7.40,7.40
T100121,2026-01-11 16:59,,peanuts,snack,2,4.80,9.60
T100121,2026-01-11 16:59,,conditioner,care,1,7.40,7.40
T100121,2026-01-11 16:59,,sugar,grocery,1,3.20,3.20
T100121,2026-01-11 16:59,,bananas,produce,1,2.10,2.10
T100121,2026-01-11 16:59,,toothpaste,care,1,4.50,4.50
T100121,2026-01-11 16:59,,orange juice,beverage,1,4.40,4.40
T100121,2026-01-11 16:59,,baby wipes,baby,3,6.70,20.10
T100117,2026-01-11 17:02,C0274,coffee beans,grocery,3,12.50,37.50
T100117,2026-01-11 17:02,C0274,chocolate bar,snack,1,2.70,2.70
T100117,2026-01-11 17:02,C0274,tortilla chips,snack,1,4.20,4.20
T100117,2026-01-11 17:02,C0274,avocado,produce,1,2.20,2.20
T100117,2026-01-11 17:02,C0274,salsa,grocery,1,3.90,3.90
T100117,2026-01-11 17:02,C0274,beer,beverage,1,13.50,13.50
T100120,2026-01-11 17:12,C0573,strawberry jam,grocery,1,4.10,4.10
T100120,2026-01-11 17:12,C0573,coffee beans,grocery,2,12.50,25.00
T100120,2026-01-11 17:12,C0573,toilet paper,household,1,11.90,11.90
T100120,2026-01-11 17:12,C0573,chicken breast,meat,1,12.80,12.80
T100120,2026-01-11 17:12,C0573,white bread,bakery,1,2.90,2.90
T100120,2026-01-11 17:12,C0573,milk 2%,dairy,1,3.80,3.80
T100112,2026-01-11 17:26,C0328,butter,dairy,1,5.20,5.20
T100112,2026-01-11 17:26,C0328,yogurt,dairy,1,4.60,4.60
T100112,2026-01-11 17:26,C0328,dish soap,household,1,4.70,4.70
T100112,2026-01-11 17:26,C0328,shampoo,care,1,7.40,7.40
T100112,2026-01-11 17:26,C0328,coffee beans,grocery,1,12.50,12.50
T100112,2026-01-11 17:26,C0328,eggs,dairy,1,4.90,4.90
T100112,2026-01-11 17:26,C0328,apples,produce,1,4.30,4.30
T100112,2026-01-11 17:26,C0328,white bread,bakery,1,2.90,2.90
T100112,2026-01-11 17:26,C0328,milk 2%,dairy,3,3.80,11.40
T100112,2026-01-11 17:26,C0328,chocolate bar,snack,1,2.70,2.70
T100123,2026-01-11 17:33,C0626,coffee beans,grocery,1,12.50,12.50
T100123,2026-01-11 17:33,C0626,olive oil,grocery,1,11.20,11.20
T100123,2026-01-11 17:33,C0626,butter,dairy,1,5.20,5.20
T100123,2026-01-11 17:33,C0626,pasta,grocery,1,2.30,2.30
T100123,2026-01-11 17:33,C0626,laundry detergent,household,1,14.20,14.20
T100123,2026-01-11 17:33,C0626,baby formula,baby,1,28.50,28.50
T100123,2026-01-11 17:33,C0626,tomato sauce,grocery,1,3.60,3.60
T100126,2026-01-11 17:41,,ice cream,frozen,1,6.50,6.50
T100126,2026-01-11 17:41,,yogurt,dairy,2,4.60,9.20
T100126,2026-01-11 17:41,,baby formula,baby,1,28.50,28.50
T100126,2026-01-11 17:41,,pasta,grocery,1,2.30,2.30
T100109,2026-01-11 17:56,C0434,beer,beverage,1,13.50,13.50
T100109,2026-01-11 17:56,C0434,tortilla chips,snack,1,4.20,4.20
T100109,2026-01-11 17:56,C0434,peanuts,snack,1,4.80,4.80
T100109,2026-01-11 17:56,C0434,chocolate bar,snack,1,2.70,2.70
T100109,2026-01-11 17:56,C0434,peanut butter,grocery,1,5.60,5.60
T100111,2026-01-11 18:41,C0410,coffee beans,grocery,1,12.50,12.50
T100111,2026-01-11 18:41,C0410,sugar,grocery,1,3.20,3.20
T100111,2026-01-11 18:41,C0410,eggs,dairy,1,4.90,4.90
T100119,2026-01-11 18:59,,peanuts,snack,1,4.80,4.80
T100119,2026-01-11 18:59,,beer,beverage,3,13.50,40.50
T100119,2026-01-11 18:59,,tortilla chips,snack,1,4.20,4.20
T100124,2026-01-11 19:22,C0285,salsa,grocery,1,3.90,3.90
T100124,2026-01-11 19:22,C0285,bananas,produce,1,2.10,2.10
T100124,2026-01-11 19:22,C0285,parmesan,dairy,1,8.90,8.90
T100124,2026-01-11 19:22,C0285,yogurt,dairy,1,4.60,4.60
T100124,2026-01-11 19:22,C0285,tomatoes,produce,3,3.90,11.70
T100124,2026-01-11 19:22,C0285,berries,produce,1,5.80,5.80
T100122,2026-01-11 19:23,C0636,berries,produce,1,5.80,5.80
T100122,2026-01-11 19:23,C0636,yogurt,dairy,1,4.60,4.60
T100122,2026-01-11 19:23,C0636,granola,grocery,1,6.20,6.20
T100122,2026-01-11 19:23,C0636,lettuce,produce,1,2.60,2.60
T100122,2026-01-11 19:23,C0636,avocado,produce,1,2.20,2.20
T100122,2026-01-11 19:23,C0636,olive oil,grocery,1,11.20,11.20
T100113,2026-01-11 19:49,C0255,toilet paper,household,1,11.90,11.90
T100113,2026-01-11 19:49,C0255,diapers,baby,1,24.90,24.90
T100113,2026-01-11 19:49,C0255,baby formula,baby,2,28.50,57.00
T100113,2026-01-11 19:49,C0255,croissant,bakery,1,1.80,1.80
T100114,2026-01-11 19:55,C0844,lemon,produce,1,0.90,0.90
T100114,2026-01-11 19:55,C0844,avocado,produce,1,2.20,2.20
T100114,2026-01-11 19:55,C0844,baby wipes,baby,1,6.70,6.70
T100114,2026-01-11 19:55,C0844,tortilla chips,snack,1,4.20,4.20
T100114,2026-01-11 19:55,C0844,salmon,fish,1,15.90,15.90
T100110,2026-01-11 20:30,C0143,salmon,fish,3,15.90,47.70
T100110,2026-01-11 20:30,C0143,beer,beverage,1,13.50,13.50
T100110,2026-01-11 20:30,C0143,sparkling water,beverage,1,3.10,3.10
T100127,2026-01-11 20:33,C0806,tomato sauce,grocery,1,3.60,3.60
T100127,2026-01-11 20:33,C0806,pasta,grocery,1,2.30,2.30
T100127,2026-01-11 20:33,C0806,sparkling water,beverage,1,3.10,3.10
T100130,2026-01-12 08:59,C0279,salsa,grocery,2,3.90,7.80
T100130,2026-01-12 08:59,C0279,beer,beverage,1,13.50,13.50
T100130,2026-01-12 08:59,C0279,orange juice,beverage,1,4.40,4.40
T100130,2026-01-12 08:59,C0279,pasta,grocery,1,2.30,2.30
T100130,2026-01-12 08:59,C0279,croissant,bakery,1,1.80,1.80
T100130,2026-01-12 08:59,C0279,chocolate bar,snack,1,2.70,2.70
T100130,2026-01-12 08:59,C0279,peanuts,snack,1,4.80,4.80
T100130,2026-01-12 08:59,C0279,yogurt,dairy,1,4.60,4.60
T100144,2026-01-12 09:13,C0416,laundry detergent,household,1,14.20,14.20
T100144,2026-01-12 09:13,C0416,paper towels,household,1,8.30,8.30
T100144,2026-01-12 09:13,C0416,sugar,grocery,1,3.20,3.20
T100142,2026-01-12 09:50,C0608,pasta,grocery,1,2.30,2.30
T100142,2026-01-12 09:50,C0608,butter,dairy,1,5.20,5.20
T100142,2026-01-12 09:50,C0608,peanuts,snack,1,4.80,4.80
T100142,2026-01-12 09:50,C0608,bananas,produce,3,2.10,6.30
T100142,2026-01-12 09:50,C0608,paper towels,household,2,8.30,16.60
T100142,2026-01-12 09:50,C0608,toothpaste,care,2,4.50,9.00
T100142,2026-01-12 09:50,C0608,white bread,bakery,1,2.90,2.90
T100140,2026-01-12 10:37,C0764,cucumber,produce,1,1.70,1.70
T100140,2026-01-12 10:37,C0764,parmesan,dairy,2,8.90,17.80
T100140,2026-01-12 10:37,C0764,strawberry jam,grocery,1,4.10,4.10
T100140,2026-01-12 10:37,C0764,milk 2%,dairy,1,3.80,3.80
T100140,2026-01-12 10:37,C0764,salmon,fish,1,15.90,15.90
T100140,2026-01-12 10:37,C0764,toothpaste,care,1,4.50,4.50
T100140,2026-01-12 10:37,C0764,eggs,dairy,1,4.90,4.90
T100140,2026-01-12 10:37,C0764,coffee beans,grocery,1,12.50,12.50
T100140,2026-01-12 10:37,C0764,toilet paper,household,3,11.90,35.70
T100140,2026-01-12 10:37,C0764,croissant,bakery,1,1.80,1.80
T100128,2026-01-12 11:12,C0760,conditioner,care,1,7.40,7.40
T100128,2026-01-12 11:12,C0760,tomatoes,produce,1,3.90,3.90
T100128,2026-01-12 11:12,C0760,pasta,grocery,1,2.30,2.30
T100128,2026-01-12 11:12,C0760,granola,grocery,1,6.20,6.20
T100128,2026-01-12 11:12,C0760,toilet paper,household,1,11.90,11.90
T100128,2026-01-12 11:12,C0760,yogurt,dairy,1,4.60,4.60
T100128,2026-01-12 11:12,C0760,ground beef,meat,1,9.40,9.40
T100128,2026-01-12 11:12,C0760,coffee beans,grocery,2,12.50,25.00
T100128,2026-01-12 11:12,C0760,tomato sauce,grocery,2,3.60,7.20
T100145,2026-01-12 12:08,,white bread,bakery,2,2.90,5.80
T100145,2026-01-12 12:08,,parmesan,dairy,1,8.90,8.90
T100145,2026-01-12 12:08,,milk 2%,dairy,1,3.80,3.80
T100145,2026-01-12 12:08,,butter,dairy,1,5.20,5.20
T100145,2026-01-12 12:08,,strawberry jam,grocery,1,4.10,4.10
T100145,2026-01-12 12:08,,tortilla chips,snack,1,4.20,4.20
T100143,2026-01-12 12:38,,baby wipes,baby,1,6.70,6.70
T100143,2026-01-12 12:38,,butter,dairy,2,5.20,10.40
T100143,2026-01-12 12:38,,peanuts,snack,1,4.80,4.80
T100143,2026-01-12 12:38,,baby formula,baby,1,28.50,28.50
T100143,2026-01-12 12:38,,sugar,grocery,3,3.20,9.60
T100143,2026-01-12 12:38,,diapers,baby,1,24.90,24.90
T100143,2026-01-12 12:38,,lettuce,produce,1,2.60,2.60
T100137,2026-01-12 17:17,C0480,salmon,fish,1,15.90,15.90
T100137,2026-01-12 17:17,C0480,red wine,beverage,3,16.00,48.00
T100137,2026-01-12 17:17,C0480,lemon,produce,1,0.90,0.90
T100137,2026-01-12 17:17,C0480,laundry detergent,household,1,14.20,14.20
T100137,2026-01-12 17:17,C0480,chicken breast,meat,1,12.80,12.80
T100137,2026-01-12 17:17,C0480,olive oil,grocery,1,11.20,11.20
T100146,2026-01-12 17:41,C0438,conditioner,care,1,7.40,7.40
T100146,2026-01-12 17:41,C0438,laundry detergent,household,1,14.20,14.20
T100146,2026-01-12 17:41,C0438,shampoo,care,1,7.40,7.40
T100136,2026-01-12 18:04,,pasta,grocery,1,2.30,2.30
T100136,2026-01-12 18:04,,red wine,beverage,1,16.00,16.00
T100136,2026-01-12 18:04,,whole wheat bread,bakery,1,3.40,3.40
T100136,2026-01-12 18:04,,avocado,produce,1,2.20,2.20
T100136,2026-01-12 18:04,,white bread,bakery,2,2.90,5.80
T100136,2026-01-12 18:04,,coffee beans,grocery,1,12.50,12.50
T100136,2026-01-12 18:04,,tomato sauce,grocery,1,3.60,3.60
T100135,2026-01-12 18:08,C0257,butter,dairy,3,5.20,15.60
T100135,2026-01-12 18:08,C0257,berries,produce,1,5.80,5.80
T100135,2026-01-12 18:08,C0257,trash bags,household,1,9.10,9.10
T100129,2026-01-12 18:17,C0214,white bread,bakery,1,2.90,2.90
T100129,2026-01-12 18:17,C0214,milk 2%,dairy,2,3.80,7.60
T100129,2026-01-12 18:17,C0214,eggs,dairy,2,4.90,9.80
T100129,2026-01-12 18:17,C0214,frozen pizza,frozen,1,7.20,7.20
T100129,2026-01-12 18:17,C0214,strawberry jam,grocery,1,4.10,4.10
T100141,2026-01-12 19:04,C0171,ground beef,meat,1,9.40,9.40
T100141,2026-01-12 19:04,C0171,tomato sauce,grocery,1,3.60,3.60
T100141,2026-01-12 19:04,C0171,croissant,bakery,2,1.80,3.60
T100141,2026-01-12 19:04,C0171,parmesan,dairy,1,8.90,8.90
T100133,2026-01-12 19:12,,eggs,dairy,1,4.90,4.90
T100133,2026-01-12 19:12,,trash bags,household,1,9.10,9.10
T100133,2026-01-12 19:12,,strawberry jam,grocery,1,4.10,4.10
T100133,2026-01-12 19:12,,tomatoes,produce,1,3.90,3.90
T100133,2026-01-12 19:12,,chocolate bar,snack,1,2.70,2.70
T100133,2026-01-12 19:12,,paper towels,household,1,8.30,8.30
T100133,2026-01-12 19:12,,milk 2%,dairy,1,3.80,3.80
T100133,2026-01-12 19:12,,butter,dairy,3,5.20,15.60
T100133,2026-01-12 19:12,,baby formula,baby,1,28.50,28.50
T100132,2026-01-12 19:45,,sparkling water,beverage,1,3.10,3.10
T100132,2026-01-12 19:45,,butter,dairy,1,5.20,5.20
T100132,2026-01-12 19:45,,milk 2%,dairy,3,3.80,11.40
T100132,2026-01-12 19:45,,tortilla chips,snack,1,4.20,4.20
T100132,2026-01-12 19:45,,trash bags,household,1,9.10,9.10
T100132,2026-01-12 19:45,,white bread,bakery,1,2.90,2.90
T100132,2026-01-12 19:45,,dish soap,household,1,4.70,4.70
T100132,2026-01-12 19:45,,coffee beans,grocery,1,12.50,12.50
T100131,2026-01-12 19:50,,conditioner,care,1,7.40,7.40
T100131,2026-01-12 19:50,,tortilla chips,snack,1,4.20,4.20
T100131,2026-01-12 19:50,,beer,beverage,1,13.50,13.50
T100131,2026-01-12 19:50,,granola,grocery,2,6.20,12.40
T100131,2026-01-12 19:50,,salmon,fish,1,15.90,15.90
T100131,2026-01-12 19:50,,shampoo,care,1,7.40,7.40
T100139,2026-01-12 20:09,,beer,beverage,1,13.50,13.50
T100139,2026-01-12 20:09,,baby formula,baby,2,28.50,57.00
T100139,2026-01-12 20:09,,baby wipes,baby,1,6.70,6.70
T100139,2026-01-12 20:09,,diapers,baby,1,24.90,24.90
T100138,2026-01-12 20:34,C0225,lemon,produce,3,0.90,2.70
T100138,2026-01-12 20:34,C0225,paper towels,household,1,8.30,8.30
T100138,2026-01-12 20:34,C0225,salmon,fish,1,15.90,15.90
T100138,2026-01-12 20:34,C0225,sparkling water,beverage,1,3.10,3.10
T100138,2026-01-12 20:34,C0225,red wine,beverage,1,16.00,16.00
T100134,2026-01-12 20:55,,salsa,grocery,2,3.90,7.80
T100134,2026-01-12 20:55,,beer,beverage,2,13.50,27.00
T100134,2026-01-12 20:55,,butter,dairy,1,5.20,5.20
T100134,2026-01-12 20:55,,tortilla chips,snack,1,4.20,4.20
T100150,2026-01-13 08:47,C0083,paper towels,household,1,8.30,8.30
T100150,2026-01-13 08:47,C0083,tomatoes,produce,2,3.90,7.80
T100150,2026-01-13 08:47,C0083,laundry detergent,household,1,14.20,14.20
T100150,2026-01-13 08:47,C0083,dish soap,household,1,4.70,4.70
T100147,2026-01-13 09:45,C0858,ice cream,frozen,2,6.50,13.00
T100147,2026-01-13 09:45,C0858,tomato sauce,grocery,1,3.60,3.60
T100155,2026-01-13 09:59,C0852,butter,dairy,1,5.20,5.20
T100155,2026-01-13 09:59,C0852,white bread,bakery,1,2.90,2.90
T100155,2026-01-13 09:59,C0852,chocolate bar,snack,3,2.70,8.10
T100155,2026-01-13 09:59,C0852,chicken breast,meat,1,12.80,12.80
T100155,2026-01-13 09:59,C0852,avocado,produce,1,2.20,2.20
T100155,2026-01-13 09:59,C0852,milk 2%,dairy,1,3.80,3.80
T100155,2026-01-13 09:59,C0852,baby wipes,baby,1,6.70,6.70
T100155,2026-01-13 09:59,C0852,ground beef,meat,1,9.40,9.40
T100165,2026-01-13 09:59,C0774,tortilla chips,snack,1,4.20,4.20
T100165,2026-01-13 09:59,C0774,salsa,grocery,1,3.90,3.90
T100165,2026-01-13 09:59,C0774,milk 2%,dairy,1,3.80,3.80
T100165,2026-01-13 09:59,C0774,beer,beverage,1,13.50,13.50
T100156,2026-01-13 10:06,,conditioner,care,1,7.40,7.40
T100156,2026-01-13 10:06,,croissant,bakery,1,1.80,1.80
T100156,2026-01-13 10:06,,salmon,fish,1,15.90,15.90
T100156,2026-01-13 10:06,,cucumber,produce,1,1.70,1.70
T100156,2026-01-13 10:06,,shampoo,care,1,7.40,7.40
T100166,2026-01-13 10:15,C0545,coffee beans,grocery,1,12.50,12.50
T100166,2026-01-13 10:15,C0545,berries,produce,1,5.80,5.80
T100166,2026-01-13 10:15,C0545,milk 2%,dairy,1,3.80,3.80
T100166,2026-01-13 10:15,C0545,sugar,grocery,1,3.20,3.20
T100163,2026-01-13 12:17,C0056,beer,beverage,1,13.50,13.50
T100163,2026-01-13 12:17,C0056,berries,produce,1,5.80,5.80
T100163,2026-01-13 12:17,C0056,peanuts,snack,1,4.80,4.80
T100163,2026-01-13 12:17,C0056,bacon,meat,1,7.80,7.80
T100160,2026-01-13 13:00,C0792,ice cream,frozen,1,6.50,6.50
T100160,2026-01-13 13:00,C0792,sparkling water,beverage,1,3.10,3.10
T100160,2026-01-13 13:00,C0792,shampoo,care,3,7.40,22.20
T100160,2026-01-13 13:00,C0792,parmesan,dairy,1,8.90,8.90
T100160,2026-01-13 13:00,C0792,toothpaste,care,1,4.50,4.50
T100158,2026-01-13 13:37,C0628,dish soap,household,2,4.70,9.40
T100158,2026-01-13 13:37,C0628,toilet paper,household,2,11.90,23.80
T100158,2026-01-13 13:37,C0628,paper towels,household,1,8.30,8.30
T100158,2026-01-13 13:37,C0628,trash bags,household,1,9.10,9.10
T100154,2026-01-13 13:54,C0720,butter,dairy,1,5.20,5.20
T100154,2026-01-13 13:54,C0720,eggs,dairy,1,4.90,4.90
T100154,2026-01-13 13:54,C0720,milk 2%,dairy,1,3.80,3.80
T100154,2026-01-13 13:54,C0720,white bread,bakery,1,2.90,2.90
T100154,2026-01-13 13:54,C0720,strawberry jam,grocery,1,4.10,4.10
T100154,2026-01-13 13:54,C0720,parmesan,dairy,1,8.90,8.90
T100161,2026-01-13 16:11,C0255,beer,beverage,1,13.50,13.50
T100161,2026-01-13 16:11,C0255,baby formula,baby,1,28.50,28.50
T100161,2026-01-13 16:11,C0255,baby wipes,baby,1,6.70,6.70
T100161,2026-01-13 16:11,C0255,diapers,baby,1,24.90,24.90
T100152,2026-01-13 16:23,C0422,bacon,meat,1,7.80,7.80
T100152,2026-01-13 16:23,C0422,coffee beans,grocery,1,12.50,12.50
T100152,2026-01-13 16:23,C0422,strawberry jam,grocery,1,4.10,4.10
T100152,2026-01-13 16:23,C0422,beer,beverage,1,13.50,13.50
T100152,2026-01-13 16:23,C0422,milk 2%,dairy,1,3.80,3.80
T100164,2026-01-13 16:51,C0041,orange juice,beverage,1,4.40,4.40
T100164,2026-01-13 16:51,C0041,croissant,bakery,1,1.80,1.80
T100164,2026-01-13 16:51,C0041,butter,dairy,1,5.20,5.20
T100164,2026-01-13 16:51,C0041,coffee beans,grocery,1,12.50,12.50
T100164,2026-01-13 16:51,C0041,white bread,bakery,3,2.90,8.70
T100164,2026-01-13 16:51,C0041,milk 2%,dairy,1,3.80,3.80
T100162,2026-01-13 17:34,,parmesan,dairy,1,8.90,8.90
T100162,2026-01-13 17:34,,tomato sauce,grocery,1,3.60,3.60
T100162,2026-01-13 17:34,,milk 2%,dairy,1,3.80,3.80
T100162,2026-01-13 17:34,,coffee beans,grocery,1,12.50,12.50
T100162,2026-01-13 17:34,,berries,produce,1,5.80,5.80
T100157,2026-01-13 17:40,,salsa,grocery,3,3.90,11.70
T100157,2026-01-13 17:40,,beer,beverage,1,13.50,13.50
T100157,2026-01-13 17:40,,granola,grocery,1,6.20,6.20
T100157,2026-01-13 17:40,,tortilla chips,snack,1,4.20,4.20
T100167,2026-01-13 17:54,,toilet paper,household,1,11.90,11.90
T100167,2026-01-13 17:54,,tomato sauce,grocery,3,3.60,10.80
T100167,2026-01-13 17:54,,paper towels,household,1,8.30,8.30
T100167,2026-01-13 17:54,,dish soap,household,1,4.70,4.70
T100168,2026-01-13 18:09,C0486,salsa,grocery,1,3.90,3.90
T100168,2026-01-13 18:09,C0486,peanuts,snack,1,4.80,4.80
T100168,2026-01-13 18:09,C0486,sparkling water,beverage,1,3.10,3.10
T100168,2026-01-13 18:09,C0486,beer,beverage,1,13.50,13.50
T100168,2026-01-13 18:09,C0486,bacon,meat,1,7.80,7.80
T100151,2026-01-13 18:11,C0466,peanuts,snack,1,4.80,4.80
T100151,2026-01-13 18:11,C0466,tortilla chips,snack,1,4.20,4.20
T100151,2026-01-13 18:11,C0466,white bread,bakery,3,2.90,8.70
T100151,2026-01-13 18:11,C0466,beer,beverage,1,13.50,13.50
T100149,2026-01-13 18:36,C0455,peanut butter,grocery,1,5.60,5.60
T100149,2026-01-13 18:36,C0455,sparkling water,beverage,1,3.10,3.10
T100149,2026-01-13 18:36,C0455,tortilla chips,snack,1,4.20,4.20
T100153,2026-01-13 18:37,C0308,peanut butter,grocery,1,5.60,5.60
T100153,2026-01-13 18:37,C0308,coffee beans,grocery,1,12.50,12.50
T100153,2026-01-13 18:37,C0308,strawberry jam,grocery,1,4.10,4.10
T100153,2026-01-13 18:37,C0308,white bread,bakery,1,2.90,2.90
T100153,2026-01-13 18:37,C0308,parmesan,dairy,1,8.90,8.90
T100153,2026-01-13 18:37,C0308,butter,dairy,1,5.20,5.20
T100153,2026-01-13 18:37,C0308,laundry detergent,household,1,14.20,14.20
T100159,2026-01-13 18:51,,lettuce,produce,1,2.60,2.60
T100159,2026-01-13 18:51,,berries,produce,2,5.80,11.60
T100159,2026-01-13 18:51,,tea,grocery,3,6.40,19.20
T100159,2026-01-13 18:51,,yogurt,dairy,1,4.60,4.60
T100159,2026-01-13 18:51,,eggs,dairy,1,4.90,4.90
T100159,2026-01-13 18:51,,bananas,produce,2,2.10,4.20
T100159,2026-01-13 18:51,,avocado,produce,1,2.20,2.20
T100159,2026-01-13 18:51,,granola,grocery,1,6.20,6.20
T100148,2026-01-13 20:11,C0570,orange juice,beverage,1,4.40,4.40
T100148,2026-01-13 20:11,C0570,coffee beans,grocery,3,12.50,37.50
T100184,2026-01-14 08:00,,diapers,baby,1,24.90,24.90
T100184,2026-01-14 08:00,,granola,grocery,1,6.20,6.20
T100184,2026-01-14 08:00,,yogurt,dairy,1,4.60,4.60
T100184,2026-01-14 08:00,,eggs,dairy,1,4.90,4.90
T100184,2026-01-14 08:00,,bananas,produce,1,2.10,2.10
T100184,2026-01-14 08:00,,berries,produce,3,5.80,17.40
T100181,2026-01-14 10:14,,toilet paper,household,1,11.90,11.90
T100181,2026-01-14 10:14,,lettuce,produce,1,2.60,2.60
T100181,2026-01-14 10:14,,olive oil,grocery,1,11.20,11.20
T100181,2026-01-14 10:14,,paper towels,household,1,8.30,8.30
T100181,2026-01-14 10:14,,eggs,dairy,1,4.90,4.90
T100181,2026-01-14 10:14,,trash bags,household,1,9.10,9.10
T100175,2026-01-14 11:17,,yogurt,dairy,1,4.60,4.60
T100175,2026-01-14 11:17,,berries,produce,1,5.80,5.80
T100175,2026-01-14 11:17,,lettuce,produce,1,2.60,2.60
T100175,2026-01-14 11:17,,olive oil,grocery,1,11.20,11.20
T100175,2026-01-14 11:17,,cucumber,produce,3,1.70,5.10
T100175,2026-01-14 11:17,,dish soap,household,1,4.70,4.70
T100175,2026-01-14 11:17,,bananas,produce,1,2.10,2.10
T100175,2026-01-14 11:17,,avocado,produce,3,2.20,6.60
T100186,2026-01-14 12:41,C0506,pasta,grocery,2,2.30,4.60
T100186,2026-01-14 12:41,C0506,lettuce,produce,1,2.60,2.60
T100186,2026-01-14 12:41,C0506,tomato sauce,grocery,1,3.60,3.60
T100186,2026-01-14 12:41,C0506,tea,grocery,2,6.40,12.80
T100186,2026-01-14 12:41,C0506,ground beef,meat,1,9.40,9.40
T100186,2026-01-14 12:41,C0506,cucumber,produce,1,1.70,1.70
T100183,2026-01-14 12:53,C0146,dish soap,household,1,4.70,4.70
T100183,2026-01-14 12:53,C0146,toilet paper,household,1,11.90,11.90
T100169,2026-01-14 13:25,C0302,laundry detergent,household,1,14.20,14.20
T100169,2026-01-14 13:25,C0302,dish soap,household,1,4.70,4.70
T100169,2026-01-14 13:25,C0302,toilet paper,household,2,11.90,23.80
T100169,2026-01-14 13:25,C0302,whole wheat bread,bakery,1,3.40,3.40
T100169,2026-01-14 13:25,C0302,paper towels,household,1,8.30,8.30
T100171,2026-01-14 13:53,,coffee beans,grocery,2,12.50,25.00
T100171,2026-01-14 13:53,,croissant,bakery,1,1.80,1.80
T100179,2026-01-14 17:00,C0630,ground beef,meat,1,9.40,9.40
T100179,2026-01-14 17:00,C0630,tomato sauce,grocery,1,3.60,3.60
T100179,2026-01-14 17:00,C0630,parmesan,dairy,1,8.90,8.90
T100179,2026-01-14 17:00,C0630,pasta,grocery,1,2.30,2.30
T100179,2026-01-14 17:00,C0630,tomatoes,produce,1,3.90,3.90
T100179,2026-01-14 17:00,C0630,strawberry jam,grocery,1,4.10,4.10
T100179,2026-01-14 17:00,C0630,beer,beverage,1,13.50,13.50
T100179,2026-01-14 17:00,C0630,olive oil,grocery,1,11.20,11.20
T100178,2026-01-14 17:03,C0881,sparkling water,beverage,1,3.10,3.10
T100178,2026-01-14 17:03,C0881,tortilla chips,snack,1,4.20,4.20
T100178,2026-01-14 17:03,C0881,yogurt,dairy,1,4.60,4.60
T100178,2026-01-14 17:03,C0881,lemon,produce,1,0.90,0.90
T100178,2026-01-14 17:03,C0881,bananas,produce,1,2.10,2.10
T100178,2026-01-14 17:03,C0881,berries,produce,3,5.80,17.40
T100178,2026-01-14 17:03,C0881,avocado,produce,1,2.20,2.20
T100180,2026-01-14 17:05,,lemon,produce,1,0.90,0.90
T100180,2026-01-14 17:05,,tomatoes,produce,1,3.90,3.90
T100180,2026-01-14 17:05,,salmon,fish,1,15.90,15.90
T100174,2026-01-14 17:28,,paper towels,household,1,8.30,8.30
T100174,2026-01-14 17:28,,trash bags,household,1,9.10,9.10
T100174,2026-01-14 17:28,,pasta,grocery,1,2.30,2.30
T100174,2026-01-14 17:28,,red wine,beverage,1,16.00,16.00
T100174,2026-01-14 17:28,,butter,dairy,1,5.20,5.20
T100174,2026-01-14 17:28,,sugar,grocery,1,3.20,3.20
T100176,2026-01-14 18:37,C0819,berries,produce,1,5.80,5.80
T100176,2026-01-14 18:37,C0819,trash bags,household,1,9.10,9.10
T100176,2026-01-14 18:37,C0819,yogurt,dairy,1,4.60,4.60
T100176,2026-01-14 18:37,C0819,shampoo,care,1,7.40,7.40
T100176,2026-01-14 18:37,C0819,toothpaste,care,1,4.50,4.50
T100176,2026-01-14 18:37,C0819,granola,grocery,1,6.20,6.20
T100176,2026-01-14 18:37,C0819,paper towels,household,1,8.30,8.30
T100177,2026-01-14 18:45,C0274,pasta,grocery,2,2.30,4.60
T100177,2026-01-14 18:45,C0274,toilet paper,household,1,11.90,11.90
T100177,2026-01-14 18:45,C0274,laundry detergent,household,1,14.20,14.20
T100177,2026-01-14 18:45,C0274,paper towels,household,3,8.30,24.90
T100185,2026-01-14 18:45,C0015,sparkling water,beverage,1,3.10,3.10
T100185,2026-01-14 18:45,C0015,tomato sauce,grocery,1,3.60,3.60
T100185,2026-01-14 18:45,C0015,whole wheat bread,bakery,1,3.40,3.40
T100185,2026-01-14 18:45,C0015,pasta,grocery,1,2.30,2.30
T100185,2026-01-14 18:45,C0015,milk 2%,dairy,1,3.80,3.80
T100173,2026-01-14 19:01,C0702,eggs,dairy,1,4.90,4.90
T100173,2026-01-14 19:01,C0702,orange juice,beverage,1,4.40,4.40
T100173,2026-01-14 19:01,C0702,granola,grocery,1,6.20,6.20
T100173,2026-01-14 19:01,C0702,croissant,bakery,1,1.80,1.80
T100173,2026-01-14 19:01,C0702,berries,produce,1,5.80,5.80
T100173,2026-01-14 19:01,C0702,tortilla chips,snack,1,4.20,4.20
T100173,2026-01-14 19:01,C0702,yogurt,dairy,2,4.60,9.20
T100170,2026-01-14 19:15,C0624,butter,dairy,1,5.20,5.20
T100170,2026-01-14 19:15,C0624,diapers,baby,1,24.90,24.90
T100170,2026-01-14 19:15,C0624,toothpaste,care,1,4.50,4.50
T100170,2026-01-14 19:15,C0624,baby wipes,baby,1,6.70,6.70
T100170,2026-01-14 19:15,C0624,baby formula,baby,1,28.50,28.50
T100170,2026-01-14 19:15,C0624,paper towels,household,1,8.30,8.30
T100182,2026-01-14 19:47,,croissant,bakery,1,1.80,1.80
T100182,2026-01-14 19:47,,WHITE BREAD,bakery,1,2.90,2.90
T100182,2026-01-14 19:47,,milk 2%,dairy,1,3.80,3.80
T100182,2026-01-14 19:47,,butter,dairy,1,5.20,5.20
T100182,2026-01-14 19:47,,strawberry jam,grocery,1,4.10,4.10
T100182,2026-01-14 19:47,,pasta,grocery,1,2.30,2.30
T100182,2026-01-14 19:47,,peanuts,snack,1,4.80,4.80
T100182,2026-01-14 19:47,,coffee beans,grocery,1,12.50,12.50
T100172,2026-01-14 19:54,,red wine,beverage,1,16.00,16.00
T100172,2026-01-14 19:54,,ice cream,frozen,1,6.50,6.50
T100172,2026-01-14 19:54,,trash bags,household,1,9.10,9.10
T100172,2026-01-14 19:54,,cucumber,produce,1,1.70,1.70
T100172,2026-01-14 19:54,,salmon,fish,1,15.90,15.90
T100172,2026-01-14 19:54,,peanuts,snack,3,4.80,14.40
T100172,2026-01-14 19:54,,lemon,produce,1,0.90,0.90
T100187,2026-01-14 20:23,,tortilla chips,snack,1,4.20,4.20
T100187,2026-01-14 20:23,,coffee beans,grocery,1,12.50,12.50
T100187,2026-01-14 20:23,,conditioner,care,1,7.40,7.40
T100187,2026-01-14 20:23,,salmon,fish,1,15.90,15.90
T100199,2026-01-15 10:14,C0285,tomato sauce,grocery,1,3.60,3.60
T100199,2026-01-15 10:14,C0285,pasta,grocery,1,2.30,2.30
T100199,2026-01-15 10:14,C0285,chicken breast,meat,1,12.80,12.80
T100199,2026-01-15 10:14,C0285,parmesan,dairy,1,8.90,8.90
T100199,2026-01-15 10:14,C0285,ground beef,meat,1,9.40,9.40
T100194,2026-01-15 11:13,C0297,milk 2%,dairy,1,3.80,3.80
T100194,2026-01-15 11:13,C0297,salmon,fish,1,15.90,15.90
T100194,2026-01-15 11:13,C0297,eggs,dairy,1,4.90,4.90
T100194,2026-01-15 11:13,C0297,butter,dairy,1,5.20,5.20
T100194,2026-01-15 11:13,C0297,white bread,bakery,1,2.90,2.90
T100200,2026-01-15 11:50,,dish soap,household,1,4.70,4.70
T100200,2026-01-15 11:50,,bananas,produce,1,2.10,2.10
T100200,2026-01-15 11:50,,avocado,produce,3,2.20,6.60
T100200,2026-01-15 11:50,,diapers,baby,1,24.90,24.90
T100200,2026-01-15 11:50,,parmesan,dairy,1,8.90,8.90
T100200,2026-01-15 11:50,,pasta,grocery,1,2.30,2.30
T100200,2026-01-15 11:50,,beer,beverage,1,13.50,13.50
T100200,2026-01-15 11:50,,peanuts,snack,1,4.80,4.80
T100200,2026-01-15 11:50,,ground beef,meat,1,9.40,9.40
T100198,2026-01-15 12:01,C0382,yogurt,dairy,1,4.60,4.60
T100198,2026-01-15 12:01,C0382,tortilla chips,snack,3,4.20,12.60
T100198,2026-01-15 12:01,C0382,salsa,grocery,1,3.90,3.90
T100198,2026-01-15 12:01,C0382,beer,beverage,2,13.50,27.00
T100203,2026-01-15 12:12,C0782,ground beef,meat,1,9.40,9.40
T100203,2026-01-15 12:12,C0782,granola,grocery,3,6.20,18.60
T100203,2026-01-15 12:12,C0782,sugar,grocery,3,3.20,9.60
T100203,2026-01-15 12:12,C0782,coffee beans,grocery,1,12.50,12.50
T100203,2026-01-15 12:12,C0782,trash bags,household,3,9.10,27.30
T100188,2026-01-15 13:01,C0706,lemon,produce,1,0.90,0.90
T100188,2026-01-15 13:01,C0706,beer,beverage,1,13.50,13.50
T100188,2026-01-15 13:01,C0706,coffee beans,grocery,1,12.50,12.50
T100188,2026-01-15 13:01,C0706,salmon,fish,1,15.90,15.90
T100192,2026-01-15 13:34,C0104,lemon,produce,1,0.90,0.90
T100192,2026-01-15 13:34,C0104,trash bags,household,2,9.10,18.20
T100192,2026-01-15 13:34,C0104,laundry detergent,household,1,14.20,14.20
T100192,2026-01-15 13:34,C0104,whole wheat bread,bakery,1,3.40,3.40
T100192,2026-01-15 13:34,C0104,white bread,bakery,1,2.90,2.90
T100190,2026-01-15 16:09,,coffee beans,grocery,1,12.50,12.50
T100190,2026-01-15 16:09,,white bread,bakery,1,2.90,2.90
T100190,2026-01-15 16:09,,butter,dairy,1,5.20,5.20
T100190,2026-01-15 16:09,,baby wipes,baby,2,6.70,13.40
T100190,2026-01-15 16:09,,eggs,dairy,1,4.90,4.90
T100190,2026-01-15 16:09,,baby formula,baby,1,28.50,28.50
T100204,2026-01-15 16:31,C0322,salmon,fish,1,15.90,15.90
T100204,2026-01-15 16:31,C0322,conditioner,care,1,7.40,7.40
T100191,2026-01-15 16:56,C0118,strawberry jam,grocery,1,4.10,4.10
T100191,2026-01-15 16:56,C0118,butter,dairy,2,5.20,10.40
T100191,2026-01-15 16:56,C0118,coffee beans,grocery,1,12.50,12.50
T100191,2026-01-15 16:56,C0118,avocado,produce,2,2.20,4.40
T100191,2026-01-15 16:56,C0118,white bread,bakery,3,2.90,8.70
T100197,2026-01-15 17:51,C0569,white bread,bakery,1,2.90,2.90
T100197,2026-01-15 17:51,C0569,strawberry jam,grocery,1,4.10,4.10
T100197,2026-01-15 17:51,C0569,coffee beans,grocery,1,12.50,12.50
T100197,2026-01-15 17:51,C0569,salsa,grocery,1,3.90,3.90
T100197,2026-01-15 17:51,C0569,butter,dairy,3,5.20,15.60
T100189,2026-01-15 18:15,C0549,yogurt,dairy,1,4.60,4.60
T100189,2026-01-15 18:15,C0549,avocado,produce,1,2.20,2.20
T100196,2026-01-15 19:12,C0046,salmon,fish,1,15.90,15.90
T100196,2026-01-15 19:12,C0046,beer,beverage,2,13.50,27.00
T100196,2026-01-15 19:12,C0046,lemon,produce,1,0.90,0.90
T100196,2026-01-15 19:12,C0046,milk 2%,dairy,1,3.80,3.80
T100193,2026-01-15 19:27,C0631,baby wipes,baby,1,6.70,6.70
T100193,2026-01-15 19:27,C0631,conditioner,care,1,7.40,7.40
T100193,2026-01-15 19:27,C0631,berries,produce,1,5.80,5.80
T100193,2026-01-15 19:27,C0631,diapers,baby,1,24.90,24.90
T100202,2026-01-15 20:17,C0611,toilet paper,household,3,11.90,35.70
T100202,2026-01-15 20:17,C0611,laundry detergent,household,1,14.20,14.20
T100202,2026-01-15 20:17,C0611,yogurt,dairy,1,4.60,4.60
T100202,2026-01-15 20:17,C0611,dish soap,household,1,4.70,4.70
T100202,2026-01-15 20:17,C0611,diapers,baby,1,24.90,24.90
T100202,2026-01-15 20:17,C0611,trash bags,household,1,9.10,9.10
T100202,2026-01-15 20:17,C0611,paper towels,household,1,8.30,8.30
T100202,2026-01-15 20:17,C0611,toilet paper,household,3,11.90,35.70
T100195,2026-01-15 20:52,,yogurt,dairy,2,4.60,9.20
T100195,2026-01-15 20:52,,milk 2%,dairy,1,3.80,3.80
T100195,2026-01-15 20:52,,dish soap,household,1,4.70,4.70
T100195,2026-01-15 20:52,,butter,dairy,1,5.20,5.20
T100195,2026-01-15 20:52,,white bread,bakery,1,2.90,2.90
T100195,2026-01-15 20:52,,coffee beans,grocery,1,12.50,12.50
T100195,2026-01-15 20:52,,strawberry jam,grocery,1,4.10,4.10
T100201,2026-01-15 20:57,C0320,salsa,grocery,1,3.90,3.90
T100201,2026-01-15 20:57,C0320,red wine,beverage,3,16.00,48.00
T100201,2026-01-15 20:57,C0320,paper towels,household,1,8.30,8.30
T100201,2026-01-15 20:57,C0320,laundry detergent,household,3,14.20,42.60
T100201,2026-01-15 20:57,C0320,berries,produce,1,5.80,5.80
T100201,2026-01-15 20:57,C0320,baby formula,baby,3,28.50,85.50
T100201,2026-01-15 20:57,C0320,dish soap,household,1,4.70,4.70
T100201,2026-01-15 20:57,C0320,toilet paper,household,3,11.90,35.70
T100227,2026-01-16 08:20,C0183,tortilla chips,snack,1,4.20,4.20
T100227,2026-01-16 08:20,C0183,cucumber,produce,1,1.70,1.70
T100227,2026-01-16 08:20,C0183,beer,beverage,3,13.50,40.50
T100227,2026-01-16 08:20,C0183,paper towels,household,1,8.30,8.30
T100217,2026-01-16 09:11,C0885,white bread,bakery,1,2.90,2.90
T100217,2026-01-16 09:11,C0885,beer,beverage,1,13.50,13.50
T100217,2026-01-16 09:11,C0885,strawberry jam,grocery,1,4.10,4.10
T100217,2026-01-16 09:11,C0885,coffee beans,grocery,1,12.50,12.50
T100217,2026-01-16 09:11,C0885,milk 2%,dairy,1,3.80,3.80
T100217,2026-01-16 09:11,C0885,butter,dairy,1,5.20,5.20
T100217,2026-01-16 09:11,C0885,ground beef,meat,1,9.40,9.40
T100225,2026-01-16 09:32,,lemon,produce,1,0.90,0.90
T100225,2026-01-16 09:32,,cucumber,produce,1,1.70,1.70
T100225,2026-01-16 09:32,,strawberry jam,grocery,1,4.10,4.10
T100225,2026-01-16 09:32,,eggs,dairy,1,4.90,4.90
T100225,2026-01-16 09:32,,pasta,grocery,2,2.30,4.60
T100215,2026-01-16 10:02,C0186,diapers,baby,1,24.90,24.90
T100215,2026-01-16 10:02,C0186,olive oil,grocery,1,11.20,11.20
T100215,2026-01-16 10:02,C0186,bacon,meat,1,7.80,7.80
T100215,2026-01-16 10:02,C0186,laundry detergent,household,1,14.20,14.20
T100215,2026-01-16 10:02,C0186,baby wipes,baby,1,6.70,6.70
T100215,2026-01-16 10:02,C0186,tomatoes,produce,1,3.90,3.90
T100215,2026-01-16 10:02,C0186,eggs,dairy,1,4.90,4.90
T100215,2026-01-16 10:02,C0186,baby formula,baby,1,28.50,28.50
T100228,2026-01-16 10:21,C0615,tortilla chips,snack,1,4.20,4.20
T100228,2026-01-16 10:21,C0615,ice cream,frozen,1,6.50,6.50
T100228,2026-01-16 10:21,C0615,peanuts,snack,1,4.80,4.80
T100228,2026-01-16 10:21,C0615,toothpaste,care,1,4.50,4.50
T100228,2026-01-16 10:21,C0615,conditioner,care,1,7.40,7.40
T100228,2026-01-16 10:21,C0615,toilet paper,household,1,11.90,11.90
T100228,2026-01-16 10:21,C0615,beer,beverage,1,13.50,13.50
T100228,2026-01-16 10:21,C0615,salsa,grocery,1,3.90,3.90
T100220,2026-01-16 10:37,,tomato sauce,grocery,1,3.60,3.60
T100220,2026-01-16 10:37,,granola,grocery,1,6.20,6.20
T100220,2026-01-16 10:37,,yogurt,dairy,1,4.60,4.60
T100220,2026-01-16 10:37,,strawberry jam,grocery,2,4.10,8.20
T100205,2026-01-16 11:06,,parmesan,dairy,1,8.90,8.90
T100205,2026-01-16 11:06,,pasta,grocery,1,2.30,2.30
T100205,2026-01-16 11:06,,tomato sauce,grocery,1,3.60,3.60
T100205,2026-01-16 11:06,,olive oil,grocery,1,11.20,11.20
T100210,2026-01-16 12:25,C0842,dish soap,household,1,4.70,4.70
T100210,2026-01-16 12:25,C0842,whole wheat bread,bakery,1,3.40,3.40
T100210,2026-01-16 12:25,C0842,tortilla chips,snack,1,4.20,4.20
T100210,2026-01-16 12:25,C0842,beer,beverage,1,13.50,13.50
T100210,2026-01-16 12:25,C0842,sparkling water,beverage,2,3.10,6.20
T100213,2026-01-16 12:48,C0517,pasta,grocery,1,2.30,2.30
T100213,2026-01-16 12:48,C0517,tomato sauce,grocery,1,3.60,3.60
T100213,2026-01-16 12:48,C0517,frozen pizza,frozen,1,7.20,7.20
T100213,2026-01-16 12:48,C0517,tea,grocery,1,6.40,6.40
T100213,2026-01-16 12:48,C0517,coffee beans,grocery,1,12.50,12.50
T100213,2026-01-16 12:48,C0517,tomatoes,produce,1,3.90,3.90
T100213,2026-01-16 12:48,C0517,chocolate bar,snack,2,2.70,5.40
T100221,2026-01-16 12:54,,granola,grocery,1,6.20,6.20
T100221,2026-01-16 12:54,,yogurt,dairy,3,4.60,13.80
T100221,2026-01-16 12:54,,coffee beans,grocery,1,12.50,12.50
T100211,2026-01-16 12:59,,granola,grocery,2,6.20,12.40
T100211,2026-01-16 12:59,,yogurt,dairy,1,4.60,4.60
T100211,2026-01-16 12:59,,avocado,produce,3,2.20,6.60
T100211,2026-01-16 12:59,,toilet paper,household,1,11.90,11.90
T100211,2026-01-16 12:59,,chicken breast,meat,1,12.80,12.80
T100211,2026-01-16 12:59,,bananas,produce,3,2.10,6.30
T100211,2026-01-16 12:59,,milk 2%,dairy,3,3.80,11.40
T100222,2026-01-16 13:54,C0005,red wine,beverage,1,16.00,16.00
T100222,2026-01-16 13:54,C0005,sugar,grocery,1,3.20,3.20
T100222,2026-01-16 13:54,C0005,white bread,bakery,1,2.90,2.90
T100222,2026-01-16 13:54,C0005,dish soap,household,1,4.70,4.70
T100222,2026-01-16 13:54,C0005,laundry detergent,household,1,14.20,14.20
T100222,2026-01-16 13:54,C0005,paper towels,household,1,8.30,8.30
T100222,2026-01-16 13:54,C0005,toilet paper,household,1,11.90,11.90
T100222,2026-01-16 13:54,C0005,granola,grocery,3,6.20,18.60
T100214,2026-01-16 13:57,C0262,diapers,baby,1,24.90,24.90
T100214,2026-01-16 13:57,C0262,ice cream,frozen,1,6.50,6.50
T100214,2026-01-16 13:57,C0262,salmon,fish,1,15.90,15.90
T100214,2026-01-16 13:57,C0262,beer,beverage,1,13.50,13.50
T100214,2026-01-16 13:57,C0262,tea,grocery,1,6.40,6.40
T100218,2026-01-16 16:23,C0238,bananas,produce,3,2.10,6.30
T100218,2026-01-16 16:23,C0238,olive oil,grocery,2,11.20,22.40
T100218,2026-01-16 16:23,C0238,pasta,grocery,1,2.30,2.30
T100218,2026-01-16 16:23,C0238,trash bags,household,1,9.10,9.10
T100218,2026-01-16 16:23,C0238,tomato sauce,grocery,1,3.60,3.60
T100218,2026-01-16 16:23,C0238,toilet paper,household,2,11.90,23.80
T100206,2026-01-16 16:46,,lemon,produce,2,0.90,1.80
T100206,2026-01-16 16:46,,parmesan,dairy,1,8.90,8.90
T100206,2026-01-16 16:46,,ground beef,meat,1,9.40,9.40
T100206,2026-01-16 16:46,,olive oil,grocery,1,11.20,11.20
T100206,2026-01-16 16:46,,tomato sauce,grocery,1,3.60,3.60
T100206,2026-01-16 16:46,,tea,grocery,1,6.40,6.40
T100206,2026-01-16 16:46,,pasta,grocery,1,2.30,2.30
T100206,2026-01-16 16:46,,red wine,beverage,1,16.00,16.00
T100229,2026-01-16 16:47,,avocado,produce,1,2.20,2.20
T100229,2026-01-16 16:47,,tortilla chips,snack,1,4.20,4.20
T100229,2026-01-16 16:47,,olive oil,grocery,1,11.20,11.20
T100229,2026-01-16 16:47,,peanuts,snack,1,4.80,4.80
T100229,2026-01-16 16:47,,beer,beverage,1,13.50,13.50
T100229,2026-01-16 16:47,,berries,produce,1,5.80,5.80
T100229,2026-01-16 16:47,,milk 2%,dairy,1,3.80,3.80
T100229,2026-01-16 16:47,,dish soap,household,1,4.70,4.70
T100226,2026-01-16 17:24,C0380,toilet paper,household,1,11.90,11.90
T100226,2026-01-16 17:24,C0380,paper towels,household,1,8.30,8.30
T100226,2026-01-16 17:24,C0380,lettuce,produce,1,2.60,2.60
T100226,2026-01-16 17:24,C0380,trash bags,household,1,9.10,9.10
T100226,2026-01-16 17:24,C0380,peanuts,snack,1,4.80,4.80
T100219,2026-01-16 17:48,C0349,beer,beverage,1,13.50,13.50
T100219,2026-01-16 17:48,C0349,paper towels,household,1,8.30,8.30
T100219,2026-01-16 17:48,C0349,milk 2%,dairy,1,3.80,3.80
T100219,2026-01-16 17:48,C0349,diapers,baby,3,24.90,74.70
T100219,2026-01-16 17:48,C0349,butter,dairy,1,5.20,5.20
T100219,2026-01-16 17:48,C0349,white bread,bakery,2,2.90,5.80
T100219,2026-01-16 17:48,C0349,coffee beans,grocery,1,12.50,12.50
T100216,2026-01-16 18:35,,lettuce,produce,2,2.60,5.20
T100216,2026-01-16 18:35,,yogurt,dairy,1,4.60,4.60
T100216,2026-01-16 18:35,,berries,produce,1,5.80,5.80
T100224,2026-01-16 18:39,,sparkling water,beverage,1,3.10,3.10
T100224,2026-01-16 18:39,,coffee beans,grocery,3,12.50,37.50
T100224,2026-01-16 18:39,,peanuts,snack,1,4.80,4.80
T100224,2026-01-16 18:39,,salmon,fish,1,15.90,15.90
T100224,2026-01-16 18:39,,chicken breast,meat,1,12.80,12.80
T100224,2026-01-16 18:39,,croissant,bakery,1,1.80,1.80
T100224,2026-01-16 18:39,,tomatoes,produce,1,3.90,3.90
T100224,2026-01-16 18:39,,eggs,dairy,1,4.90,4.90
T100224,2026-01-16 18:39,,milk 2%,dairy,1,3.80,3.80
T100223,2026-01-16 19:04,,toilet paper,household,1,11.90,11.90
T100223,2026-01-16 19:04,,berries,produce,1,5.80,5.80
T100223,2026-01-16 19:04,,dish soap,household,1,4.70,4.70
T100223,2026-01-16 19:04,,apples,produce,3,4.30,12.90
T100208,2026-01-16 19:06,C0605,chicken breast,meat,1,12.80,12.80
T100208,2026-01-16 19:06,C0605,shampoo,care,1,7.40,7.40
T100208,2026-01-16 19:06,C0605,bananas,produce,1,2.10,2.10
T100208,2026-01-16 19:06,C0605,tortilla chips,snack,1,4.20,4.20
T100208,2026-01-16 19:06,C0605,conditioner,care,1,7.40,7.40
T100212,2026-01-16 19:36,,white bread,bakery,1,2.90,2.90
T100212,2026-01-16 19:36,,shampoo,care,1,7.40,7.40
T100212,2026-01-16 19:36,,strawberry jam,grocery,1,4.10,4.10
T100212,2026-01-16 19:36,,butter,dairy,1,5.20,5.20
T100209,2026-01-16 20:25,C0349,eggs,dairy,1,4.90,4.90
T100209,2026-01-16 20:25,C0349,apples,produce,1,4.30,4.30
T100209,2026-01-16 20:25,C0349,white bread,bakery,1,2.90,2.90
T100209,2026-01-16 20:25,C0349,milk 2%,dairy,1,3.80,3.80
T100209,2026-01-16 20:25,C0349,butter,dairy,1,5.20,5.20
T100209,2026-01-16 20:25,C0349,strawberry jam,grocery,1,4.10,4.10
T100209,2026-01-16 20:25,C0349,coffee beans,grocery,1,12.50,12.50
T100207,2026-01-16 20:37,C0292,granola,grocery,2,6.20,12.40
T100207,2026-01-16 20:37,C0292,pasta,grocery,1,2.30,2.30
T100207,2026-01-16 20:37,C0292,shampoo,care,1,7.40,7.40
T100207,2026-01-16 20:37,C0292,chocolate bar,snack,1,2.70,2.70
T100207,2026-01-16 20:37,C0292,ground beef,meat,1,9.40,9.40
T100207,2026-01-16 20:37,C0292,paper towels,household,1,8.30,8.30
T100207,2026-01-16 20:37,C0292,parmesan,dairy,1,8.90,8.90
T100207,2026-01-16 20:37,C0292,tomato sauce,grocery,1,3.60,3.60
T100207,2026-01-16 20:37,C0292,coffee beans,grocery,1,12.50,12.50
T100232,2026-01-17 08:55,C0080,sugar,grocery,1,3.20,3.20
T100232,2026-01-17 08:55,C0080,tortilla chips,snack,1,4.20,4.20
T100232,2026-01-17 08:55,C0080,coffee beans,grocery,1,12.50,12.50
T100232,2026-01-17 08:55,C0080,salmon,fish,1,15.90,15.90
T100232,2026-01-17 08:55,C0080,milk 2%,dairy,1,3.80,3.80
T100248,2026-01-17 09:27,C0439,paper towels,household,1,8.30,8.30
T100248,2026-01-17 09:27,C0439,bacon,meat,1,7.80,7.80
T100248,2026-01-17 09:27,C0439,laundry detergent,household,1,14.20,14.20
T100234,2026-01-17 09:39,,toilet paper,household,1,11.90,11.90
T100234,2026-01-17 09:39,,ice cream,frozen,1,6.50,6.50
T100234,2026-01-17 09:39,,beer,beverage,1,13.50,13.50
T100234,2026-01-17 09:39,,trash bags,household,3,9.10,27.30
T100253,2026-01-17 09:42,C0445,sparkling water,beverage,2,3.10,6.20
T100253,2026-01-17 09:42,C0445,peanut butter,grocery,1,5.60,5.60
T100251,2026-01-17 10:06,,ground beef,meat,1,9.40,9.40
T100251,2026-01-17 10:06,,white bread,bakery,2,2.90,5.80
T100251,2026-01-17 10:06,,pasta,grocery,1,2.30,2.30
T100251,2026-01-17 10:06,,tomato sauce,grocery,2,3.60,7.20
T100251,2026-01-17 10:06,,butter,dairy,1,5.20,5.20
T100251,2026-01-17 10:06,,milk 2%,dairy,1,3.80,3.80
T100246,2026-01-17 10:34,C0766,tortilla chips,snack,3,4.20,12.60
T100246,2026-01-17 10:34,C0766,coffee beans,grocery,1,12.50,12.50
T100246,2026-01-17 10:34,C0766,sugar,grocery,1,3.20,3.20
T100246,2026-01-17 10:34,C0766,salsa,grocery,1,3.90,3.90
T100240,2026-01-17 11:54,,ground beef,meat,1,9.40,9.40
T100240,2026-01-17 11:54,,pasta,grocery,1,2.30,2.30
T100240,2026-01-17 11:54,,sparkling water,beverage,3,3.10,9.30
T100230,2026-01-17 12:28,,white bread,bakery,2,2.90,5.80
T100230,2026-01-17 12:28,,trash bags,household,1,9.10,9.10
T100230,2026-01-17 12:28,,chicken breast,meat,3,12.80,38.40
T100230,2026-01-17 12:28,,peanut butter,grocery,1,5.60,5.60
T100230,2026-01-17 12:28,,yogurt,dairy,1,4.60,4.60
T100230,2026-01-17 12:28,,granola,grocery,1,6.20,6.20
T100231,2026-01-17 12:59,,peanuts,snack,1,4.80,4.80
T100231,2026-01-17 12:59,,laundry detergent,household,1,14.20,14.20
T100231,2026-01-17 12:59,,trash bags,household,1,9.10,9.10
T100231,2026-01-17 12:59,,toilet paper,household,1,11.90,11.90
T100231,2026-01-17 12:59,,tomato sauce,grocery,1,3.60,3.60
T100231,2026-01-17 12:59,,apples,produce,1,4.30,4.30
T100231,2026-01-17 12:59,,paper towels,household,1,8.30,8.30
T100235,2026-01-17 16:00,C0114,parmesan,dairy,1,8.90,8.90
T100235,2026-01-17 16:00,C0114,tea,grocery,1,6.40,6.40
T100235,2026-01-17 16:00,C0114,diapers,baby,2,24.90,49.80
T100237,2026-01-17 16:09,,diapers,baby,1,24.90,24.90
T100237,2026-01-17 16:09,,tomato sauce,grocery,1,3.60,3.60
T100237,2026-01-17 16:09,,pasta,grocery,1,2.30,2.30
T100236,2026-01-17 16:24,C0382,white bread,bakery,1,2.90,2.90
T100236,2026-01-17 16:24,C0382,butter,dairy,1,5.20,5.20
T100254,2026-01-17 16:46,,white bread,bakery,1,2.90,2.90
T100254,2026-01-17 16:46,,chicken breast,meat,1,12.80,12.80
T100254,2026-01-17 16:46,,coffee beans,grocery,1,12.50,12.50
T100254,2026-01-17 16:46,,butter,dairy,1,5.20,5.20
T100250,2026-01-17 16:50,C0793,peanuts,snack,1,4.80,4.80
T100250,2026-01-17 16:50,C0793,paper towels,household,1,8.30,8.30
T100250,2026-01-17 16:50,C0793,olive oil,grocery,1,11.20,11.20
T100250,2026-01-17 16:50,C0793,toothpaste,care,3,4.50,13.50
T100250,2026-01-17 16:50,C0793,conditioner,care,3,7.40,22.20
T100233,2026-01-17 17:16,,tomato sauce,grocery,1,3.60,3.60
T100233,2026-01-17 17:16,,coffee beans,grocery,1,12.50,12.50
T100233,2026-01-17 17:16,,pasta,grocery,1,2.30,2.30
T100233,2026-01-17 17:16,,tortilla chips,snack,1,4.20,4.20
T100233,2026-01-17 17:16,,strawberry jam,grocery,1,4.10,4.10
T100233,2026-01-17 17:16,,olive oil,grocery,1,11.20,11.20
T100242,2026-01-17 17:48,C0701,butter,dairy,1,5.20,5.20
T100242,2026-01-17 17:48,C0701,strawberry jam,grocery,1,4.10,4.10
T100242,2026-01-17 17:48,C0701,shampoo,care,1,7.40,7.40
T100242,2026-01-17 17:48,C0701,white bread,bakery,1,2.90,2.90
T100242,2026-01-17 17:48,C0701,chocolate bar,snack,1,2.70,2.70
T100242,2026-01-17 17:48,C0701,coffee beans,grocery,1,12.50,12.50
T100239,2026-01-17 18:01,C0325,salsa,grocery,1,3.90,3.90
T100239,2026-01-17 18:01,C0325,tortilla chips,snack,1,4.20,4.20
T100252,2026-01-17 18:21,,baby formula,baby,1,28.50,28.50
T100252,2026-01-17 18:21,,salmon,fish,1,15.90,15.90
T100252,2026-01-17 18:21,,toilet paper,household,1,11.90,11.90
T100247,2026-01-17 18:42,C0132,olive oil,grocery,1,11.20,11.20
T100247,2026-01-17 18:42,C0132,yogurt,dairy,3,4.60,13.80
T100247,2026-01-17 18:42,C0132,granola,grocery,1,6.20,6.20
T100247,2026-01-17 18:42,C0132,bananas,produce,1,2.10,2.10
T100243,2026-01-17 19:12,,ice cream,frozen,2,6.50,13.00
T100243,2026-01-17 19:12,,toilet paper,household,1,11.90,11.90
T100243,2026-01-17 19:12,,diapers,baby,1,24.90,24.90
T100243,2026-01-17 19:12,,shampoo,care,2,7.40,14.80
T100243,2026-01-17 19:12,,TEA,grocery,1,6.40,6.40
T100245,2026-01-17 19:50,C0391,croissant,bakery,1,1.80,1.80
T100245,2026-01-17 19:50,C0391,cucumber,produce,1,1.70,1.70
T100245,2026-01-17 19:50,C0391,conditioner,care,1,7.40,7.40
T100245,2026-01-17 19:50,C0391,shampoo,care,1,7.40,7.40
T100245,2026-01-17 19:50,C0391,milk 2%,dairy,1,3.80,3.80
T100245,2026-01-17 19:50,C0391,laundry detergent,household,1,14.20,14.20
T100249,2026-01-17 19:52,,pasta,grocery,3,2.30,6.90
T100249,2026-01-17 19:52,,sugar,grocery,1,3.20,3.20
T100249,2026-01-17 19:52,,shampoo,care,1,7.40,7.40
T100249,2026-01-17 19:52,,parmesan,dairy,1,8.90,8.90
T100255,2026-01-17 19:57,C0621,trash bags,household,1,9.10,9.10
T100255,2026-01-17 19:57,C0621,lettuce,produce,1,2.60,2.60
T100255,2026-01-17 19:57,C0621,peanut butter,grocery,1,5.60,5.60
T100255,2026-01-17 19:57,C0621,coffee beans,grocery,3,12.50,37.50
T100241,2026-01-17 20:20,C0053,croissant,bakery,2,1.80,3.60
T100241,2026-01-17 20:20,C0053,coffee beans,grocery,1,12.50,12.50
T100241,2026-01-17 20:20,C0053,milk 2%,dairy,1,3.80,3.80
T100241,2026-01-17 20:20,C0053,salsa,grocery,2,3.90,7.80
T100241,2026-01-17 20:20,C0053,sugar,grocery,1,3.20,3.20
T100244,2026-01-17 20:35,,diapers,baby,1,24.90,24.90
T100244,2026-01-17 20:35,,butter,dairy,1,5.20,5.20
T100244,2026-01-17 20:35,,coffee beans,grocery,1,12.50,12.50
T100244,2026-01-17 20:35,,lemon,produce,3,0.90,2.70
T100244,2026-01-17 20:35,,toothpaste,care,1,4.50,4.50
T100244,2026-01-17 20:35,,milk 2%,dairy,3,3.80,11.40
T100244,2026-01-17 20:35,,white bread,bakery,1,2.90,2.90
T100238,2026-01-17 20:50,C0631,ground beef,meat,1,9.40,9.40
T100238,2026-01-17 20:50,C0631,baby wipes,baby,1,6.70,6.70
T100238,2026-01-17 20:50,C0631,dish soap,household,1,4.70,4.70
T100238,2026-01-17 20:50,C0631,apples,produce,1,4.30,4.30
T100238,2026-01-17 20:50,C0631,lettuce,produce,1,2.60,2.60
T100238,2026-01-17 20:50,C0631,yogurt,dairy,1,4.60,4.60
T100238,2026-01-17 20:50,C0631,granola,grocery,1,6.20,6.20
T100256,2026-01-18 08:32,,lettuce,produce,1,2.60,2.60
T100256,2026-01-18 08:32,,chocolate bar,snack,1,2.70,2.70
T100256,2026-01-18 08:32,,peanut butter,grocery,2,5.60,11.20
T100256,2026-01-18 08:32,,paper towels,household,1,8.30,8.30
T100256,2026-01-18 08:32,,tea,grocery,1,6.40,6.40
T100256,2026-01-18 08:32,,diapers,baby,2,24.90,49.80
T100256,2026-01-18 08:32,,lemon,produce,1,0.90,0.90
T100256,2026-01-18 08:32,,eggs,dairy,1,4.90,4.90
T100256,2026-01-18 08:32,,red wine,beverage,1,16.00,16.00
T100256,2026-01-18 08:32,,salmon,fish,1,15.90,15.90
T100267,2026-01-18 09:21,,baby formula,baby,1,28.50,28.50
T100267,2026-01-18 09:21,,strawberry jam,grocery,2,4.10,8.20
T100267,2026-01-18 09:21,,tomato sauce,grocery,1,3.60,3.60
T100267,2026-01-18 09:21,,red wine,beverage,1,16.00,16.00
T100267,2026-01-18 09:21,,pasta,grocery,1,2.30,2.30
T100267,2026-01-18 09:21,,parmesan,dairy,1,8.90,8.90
T100268,2026-01-18 09:33,,lemon,produce,1,0.90,0.90
T100268,2026-01-18 09:33,,olive oil,grocery,1,11.20,11.20
T100268,2026-01-18 09:33,,salmon,fish,1,15.90,15.90
T100266,2026-01-18 10:46,,croissant,bakery,1,1.80,1.80
T100266,2026-01-18 10:46,,bananas,produce,1,2.10,2.10
T100266,2026-01-18 10:46,,peanuts,snack,1,4.80,4.80
T100266,2026-01-18 10:46,,milk 2%,dairy,1,3.80,3.80
T100266,2026-01-18 10:46,,granola,grocery,1,6.20,6.20
T100266,2026-01-18 10:46,,coffee beans,grocery,1,12.50,12.50
T100266,2026-01-18 10:46,,tomato sauce,grocery,2,3.60,7.20
T100271,2026-01-18 11:30,,lemon,produce,1,0.90,0.90
T100271,2026-01-18 11:30,,pasta,grocery,3,2.30,6.90
T100271,2026-01-18 11:30,,toothpaste,care,2,4.50,9.00
T100271,2026-01-18 11:30,,whole wheat bread,bakery,1,3.40,3.40
T100271,2026-01-18 11:30,,chocolate bar,snack,3,2.70,8.10
T100271,2026-01-18 11:30,,salmon,fish,1,15.90,15.90
T100271,2026-01-18 11:30,,salsa,grocery,1,3.90,3.90
T100264,2026-01-18 11:34,,tomato sauce,grocery,1,3.60,3.60
T100264,2026-01-18 11:34,,yogurt,dairy,1,4.60,4.60
T100264,2026-01-18 11:34,,conditioner,care,1,7.40,7.40
T100264,2026-01-18 11:34,,bananas,produce,2,2.10,4.20
T100264,2026-01-18 11:34,,cucumber,produce,1,1.70,1.70
T100258,2026-01-18 12:07,,salmon,fish,1,15.90,15.90
T100258,2026-01-18 12:07,,butter,dairy,1,5.20,5.20
T100258,2026-01-18 12:07,,lemon,produce,1,0.90,0.90
T100258,2026-01-18 12:07,,cucumber,produce,1,1.70,1.70
T100262,2026-01-18 13:05,,berries,produce,1,5.80,5.80
T100262,2026-01-18 13:05,,apples,produce,2,4.30,8.60
T100262,2026-01-18 13:05,,bananas,produce,1,2.10,2.10
T100262,2026-01-18 13:05,,GROUND BEEF,meat,1,9.40,9.40
T100262,2026-01-18 13:05,,baby formula,baby,1,28.50,28.50
T100262,2026-01-18 13:05,,yogurt,dairy,3,4.60,13.80
T100262,2026-01-18 13:05,,granola,grocery,1,6.20,6.20
T100262,2026-01-18 13:05,,parmesan,dairy,1,8.90,8.90
T100269,2026-01-18 13:07,,toilet paper,household,2,11.90,23.80
T100269,2026-01-18 13:07,,trash bags,household,1,9.10,9.10
T100269,2026-01-18 13:07,,lettuce,produce,2,2.60,5.20
T100269,2026-01-18 13:07,,paper towels,household,1,8.30,8.30
T100269,2026-01-18 13:07,,salmon,fish,1,15.90,15.90
T100270,2026-01-18 17:00,C0243,baby formula,baby,1,28.50,28.50
T100270,2026-01-18 17:00,C0243,chocolate bar,snack,1,2.70,2.70
T100270,2026-01-18 17:00,C0243,red wine,beverage,3,16.00,48.00
T100270,2026-01-18 17:00,C0243,frozen pizza,frozen,1,7.20,7.20
T100270,2026-01-18 17:00,C0243,cucumber,produce,1,1.70,1.70
T100270,2026-01-18 17:00,C0243,salsa,grocery,1,3.90,3.90
T100270,2026-01-18 17:00,C0243,tortilla chips,snack,1,4.20,4.20
T100270,2026-01-18 17:00,C0243,tomato sauce,grocery,1,3.60,3.60
T100270,2026-01-18 17:00,C0243,beer,beverage,1,13.50,13.50
T100270,2026-01-18 17:00,C0243,whole wheat bread,bakery,1,3.40,3.40
T100259,2026-01-18 17:15,C0261,white bread,bakery,1,2.90,2.90
T100259,2026-01-18 17:15,C0261,conditioner,care,1,7.40,7.40
T100259,2026-01-18 17:15,C0261,ice cream,frozen,1,6.50,6.50
T100259,2026-01-18 17:15,C0261,parmesan,dairy,1,8.90,8.90
T100259,2026-01-18 17:15,C0261,butter,dairy,1,5.20,5.20
T100257,2026-01-18 17:24,,toilet paper,household,1,11.90,11.90
T100257,2026-01-18 17:24,,dish soap,household,1,4.70,4.70
T100257,2026-01-18 17:24,,baby formula,baby,1,28.50,28.50
T100260,2026-01-18 17:56,C0584,milk 2%,dairy,1,3.80,3.80
T100260,2026-01-18 17:56,C0584,coffee beans,grocery,1,12.50,12.50
T100260,2026-01-18 17:56,C0584,sugar,grocery,1,3.20,3.20
T100260,2026-01-18 17:56,C0584,bananas,produce,1,2.10,2.10
T100260,2026-01-18 17:56,C0584,butter,dairy,2,5.20,10.40
T100265,2026-01-18 19:10,,butter,dairy,3,5.20,15.60
T100265,2026-01-18 19:10,,baby formula,baby,1,28.50,28.50
T100265,2026-01-18 19:10,,yogurt,dairy,1,4.60,4.60
T100265,2026-01-18 19:10,,lettuce,produce,1,2.60,2.60
T100261,2026-01-18 19:40,C0112,salmon,fish,1,15.90,15.90
T100261,2026-01-18 19:40,C0112,ice cream,frozen,1,6.50,6.50
T100261,2026-01-18 19:40,C0112,milk 2%,dairy,1,3.80,3.80
T100261,2026-01-18 19:40,C0112,laundry detergent,household,2,14.20,28.40
T100261,2026-01-18 19:40,C0112,strawberry jam,grocery,1,4.10,4.10
T100261,2026-01-18 19:40,C0112,lemon,produce,1,0.90,0.90
T100263,2026-01-18 20:23,C0795,conditioner,care,3,7.40,22.20
T100263,2026-01-18 20:23,C0795,chicken breast,meat,1,12.80,12.80
T100263,2026-01-18 20:23,C0795,tomato sauce,grocery,1,3.60,3.60
T100263,2026-01-18 20:23,C0795,shampoo,care,1,7.40,7.40
T100263,2026-01-18 20:23,C0795,white bread,bakery,2,2.90,5.80
T100274,2026-01-19 10:15,,milk 2%,dairy,1,3.80,3.80
T100274,2026-01-19 10:15,,dish soap,household,1,4.70,4.70
T100274,2026-01-19 10:15,,butter,dairy,1,5.20,5.20
T100274,2026-01-19 10:15,,coffee beans,grocery,1,12.50,12.50
T100274,2026-01-19 10:15,,diapers,baby,1,24.90,24.90
T100278,2026-01-19 10:42,,shampoo,care,2,7.40,14.80
T100278,2026-01-19 10:42,,sugar,grocery,1,3.20,3.20
T100278,2026-01-19 10:42,,pasta,grocery,1,2.30,2.30
T100278,2026-01-19 10:42,,tomatoes,produce,2,3.90,7.80
T100273,2026-01-19 10:43,C0706,diapers,baby,1,24.90,24.90
T100273,2026-01-19 10:43,C0706,yogurt,dairy,1,4.60,4.60
T100273,2026-01-19 10:43,C0706,granola,grocery,1,6.20,6.20
T100286,2026-01-19 10:47,C0586,croissant,bakery,1,1.80,1.80
T100286,2026-01-19 10:47,C0586,chicken breast,meat,1,12.80,12.80
T100286,2026-01-19 10:47,C0586,coffee beans,grocery,1,12.50,12.50
T100286,2026-01-19 10:47,C0586,parmesan,dairy,1,8.90,8.90
T100288,2026-01-19 11:49,,yogurt,dairy,1,4.60,4.60
T100281,2026-01-19 11:56,C0157,tomatoes,produce,1,3.90,3.90
T100281,2026-01-19 11:56,C0157,baby wipes,baby,1,6.70,6.70
T100281,2026-01-19 11:56,C0157,diapers,baby,1,24.90,24.90
T100281,2026-01-19 11:56,C0157,white bread,bakery,1,2.90,2.90
T100281,2026-01-19 11:56,C0157,ice cream,frozen,1,6.50,6.50
T100285,2026-01-19 12:08,,sparkling water,beverage,1,3.10,3.10
T100285,2026-01-19 12:08,,coffee beans,grocery,1,12.50,12.50
T100279,2026-01-19 12:12,C0674,butter,dairy,1,5.20,5.20
T100279,2026-01-19 12:12,C0674,strawberry jam,grocery,1,4.10,4.10
T100279,2026-01-19 12:12,C0674,avocado,produce,1,2.20,2.20
T100277,2026-01-19 12:58,,bacon,meat,2,7.80,15.60
T100277,2026-01-19 12:58,,granola,grocery,1,6.20,6.20
T100277,2026-01-19 12:58,,bananas,produce,1,2.10,2.10
T100282,2026-01-19 13:16,C0193,lemon,produce,1,0.90,0.90
T100282,2026-01-19 13:16,C0193,salmon,fish,1,15.90,15.90
T100275,2026-01-19 16:10,C0659,strawberry jam,grocery,1,4.10,4.10
T100275,2026-01-19 16:10,C0659,eggs,dairy,1,4.90,4.90
T100275,2026-01-19 16:10,C0659,berries,produce,1,5.80,5.80
T100275,2026-01-19 16:10,C0659,coffee beans,grocery,1,12.50,12.50
T100275,2026-01-19 16:10,C0659,white bread,bakery,1,2.90,2.90
T100283,2026-01-19 17:50,,frozen pizza,frozen,1,7.20,7.20
T100283,2026-01-19 17:50,,toothpaste,care,1,4.50,4.50
T100283,2026-01-19 17:50,,cucumber,produce,1,1.70,1.70
T100283,2026-01-19 17:50,,avocado,produce,1,2.20,2.20
T100283,2026-01-19 17:50,,peanuts,snack,1,4.80,4.80
T100284,2026-01-19 18:05,C0500,frozen pizza,frozen,2,7.20,14.40
T100284,2026-01-19 18:05,C0500,milk 2%,dairy,2,3.80,7.60
T100284,2026-01-19 18:05,C0500,coffee beans,grocery,2,12.50,25.00
T100276,2026-01-19 18:25,,parmesan,dairy,1,8.90,8.90
T100276,2026-01-19 18:25,,tomato sauce,grocery,1,3.60,3.60
T100276,2026-01-19 18:25,,pasta,grocery,1,2.30,2.30
T100276,2026-01-19 18:25,,olive oil,grocery,1,11.20,11.20
T100276,2026-01-19 18:25,,ground beef,meat,1,9.40,9.40
T100276,2026-01-19 18:25,,toothpaste,care,2,4.50,9.00
T100276,2026-01-19 18:25,,lettuce,produce,1,2.60,2.60
T100276,2026-01-19 18:25,,peanut butter,grocery,2,5.60,11.20
T100280,2026-01-19 18:34,,toilet paper,household,1,11.90,11.90
T100280,2026-01-19 18:34,,conditioner,care,2,7.40,14.80
T100280,2026-01-19 18:34,,shampoo,care,1,7.40,7.40
T100280,2026-01-19 18:34,,eggs,dairy,1,4.90,4.90
T100280,2026-01-19 18:34,,whole wheat bread,bakery,1,3.40,3.40
T100280,2026-01-19 18:34,,toothpaste,care,2,4.50,9.00
T100280,2026-01-19 18:34,,white bread,bakery,1,2.90,2.90
T100272,2026-01-19 18:35,C0261,coffee beans,grocery,1,12.50,12.50
T100272,2026-01-19 18:35,C0261,sugar,grocery,3,3.20,9.60
T100272,2026-01-19 18:35,C0261,red wine,beverage,1,16.00,16.00
T100272,2026-01-19 18:35,C0261,milk 2%,dairy,1,3.80,3.80
T100287,2026-01-19 20:10,C0275,salsa,grocery,1,3.90,3.90
T100287,2026-01-19 20:10,C0275,shampoo,care,2,7.40,14.80
T100287,2026-01-19 20:10,C0275,milk 2%,dairy,3,3.80,11.40
T100287,2026-01-19 20:10,C0275,toothpaste,care,1,4.50,4.50
T100307,2026-01-20 08:57,,laundry detergent,household,1,14.20,14.20
T100307,2026-01-20 08:57,,chocolate bar,snack,1,2.70,2.70
T100307,2026-01-20 08:57,,paper towels,household,1,8.30,8.30
T100307,2026-01-20 08:57,,trash bags,household,1,9.10,9.10
T100307,2026-01-20 08:57,,toilet paper,household,1,11.90,11.90
T100307,2026-01-20 08:57,,dish soap,household,2,4.70,9.40
T100307,2026-01-20 08:57,,orange juice,beverage,1,4.40,4.40
T100290,2026-01-20 10:13,C0227,pasta,grocery,1,2.30,2.30
T100290,2026-01-20 10:13,C0227,tomato sauce,grocery,1,3.60,3.60
T100290,2026-01-20 10:13,C0227,avocado,produce,1,2.20,2.20
T100290,2026-01-20 10:13,C0227,ground beef,meat,1,9.40,9.40
T100302,2026-01-20 10:24,C0775,croissant,bakery,1,1.80,1.80
T100302,2026-01-20 10:24,C0775,sparkling water,beverage,1,3.10,3.10
T100302,2026-01-20 10:24,C0775,lemon,produce,1,0.90,0.90
T100302,2026-01-20 10:24,C0775,berries,produce,1,5.80,5.80
T100302,2026-01-20 10:24,C0775,peanut butter,grocery,1,5.60,5.60
T100302,2026-01-20 10:24,C0775,salmon,fish,1,15.90,15.90
T100302,2026-01-20 10:24,C0775,cucumber,produce,1,1.70,1.70
T100294,2026-01-20 10:29,,milk 2%,dairy,2,3.80,7.60
T100294,2026-01-20 10:29,,bacon,meat,1,7.80,7.80
T100294,2026-01-20 10:29,,eggs,dairy,1,4.90,4.90
T100294,2026-01-20 10:29,,baby formula,baby,1,28.50,28.50
T100294,2026-01-20 10:29,,pasta,grocery,1,2.30,2.30
T100294,2026-01-20 10:29,,strawberry jam,grocery,1,4.10,4.10
T100294,2026-01-20 10:29,,butter,dairy,2,5.20,10.40
T100294,2026-01-20 10:29,,chocolate bar,snack,1,2.70,2.70
T100298,2026-01-20 11:48,C0344,toilet paper,household,1,11.90,11.90
T100298,2026-01-20 11:48,C0344,dish soap,household,1,4.70,4.70
T100298,2026-01-20 11:48,C0344,paper towels,household,1,8.30,8.30
T100299,2026-01-20 12:47,,croissant,bakery,3,1.80,5.40
T100299,2026-01-20 12:47,,milk 2%,dairy,1,3.80,3.80
T100289,2026-01-20 13:14,,sugar,grocery,1,3.20,3.20
T100289,2026-01-20 13:14,,shampoo,care,1,7.40,7.40
T100289,2026-01-20 13:14,,butter,dairy,1,5.20,5.20
T100289,2026-01-20 13:14,,coffee beans,grocery,1,12.50,12.50
T100289,2026-01-20 13:14,,milk 2%,dairy,1,3.80,3.80
T100289,2026-01-20 13:14,,eggs,dairy,2,4.90,9.80
T100289,2026-01-20 13:14,,strawberry jam,grocery,1,4.10,4.10
T100289,2026-01-20 13:14,,white bread,bakery,1,2.90,2.90
T100289,2026-01-20 13:14,,tomato sauce,grocery,1,3.60,3.60
T100289,2026-01-20 13:14,,olive oil,grocery,1,11.20,11.20
T100304,2026-01-20 13:30,,lettuce,produce,1,2.60,2.60
T100304,2026-01-20 13:30,,white bread,bakery,1,2.90,2.90
T100304,2026-01-20 13:30,,peanuts,snack,1,4.80,4.80
T100304,2026-01-20 13:30,,tortilla chips,snack,2,4.20,8.40
T100304,2026-01-20 13:30,,parmesan,dairy,1,8.90,8.90
T100304,2026-01-20 13:30,,strawberry jam,grocery,1,4.10,4.10
T100293,2026-01-20 13:44,,shampoo,care,1,7.40,7.40
T100293,2026-01-20 13:44,,parmesan,dairy,1,8.90,8.90
T100293,2026-01-20 13:44,,butter,dairy,1,5.20,5.20
T100293,2026-01-20 13:44,,chocolate bar,snack,1,2.70,2.70
T100293,2026-01-20 13:44,,paper towels,household,1,8.30,8.30
T100293,2026-01-20 13:44,,toilet paper,household,2,11.90,23.80
T100293,2026-01-20 13:44,,tea,grocery,2,6.40,12.80
T100303,2026-01-20 13:58,C0008,cucumber,produce,3,1.70,5.10
T100303,2026-01-20 13:58,C0008,granola,grocery,1,6.20,6.20
T100303,2026-01-20 13:58,C0008,salmon,fish,1,15.90,15.90
T100297,2026-01-20 16:19,C0805,beer,beverage,1,13.50,13.50
T100297,2026-01-20 16:19,C0805,sparkling water,beverage,1,3.10,3.10
T100297,2026-01-20 16:19,C0805,baby formula,baby,1,28.50,28.50
T100297,2026-01-20 16:19,C0805,diapers,baby,1,24.90,24.90
T100297,2026-01-20 16:19,C0805,salmon,fish,1,15.90,15.90
T100297,2026-01-20 16:19,C0805,granola,grocery,1,6.20,6.20
T100297,2026-01-20 16:19,C0805,tea,grocery,2,6.40,12.80
T100297,2026-01-20 16:19,C0805,baby wipes,baby,1,6.70,6.70
T100301,2026-01-20 16:57,,granola,grocery,1,6.20,6.20
T100301,2026-01-20 16:57,,bananas,produce,2,2.10,4.20
T100301,2026-01-20 16:57,,yogurt,dairy,1,4.60,4.60
T100301,2026-01-20 16:57,,chicken breast,meat,1,12.80,12.80
T100301,2026-01-20 16:57,,berries,produce,3,5.80,17.40
T100301,2026-01-20 16:57,,bacon,meat,1,7.80,7.80
T100301,2026-01-20 16:57,,butter,dairy,1,5.20,5.20
T100305,2026-01-20 17:09,C0458,shampoo,care,1,7.40,7.40
T100305,2026-01-20 17:09,C0458,red wine,beverage,3,16.00,48.00
T100305,2026-01-20 17:09,C0458,cucumber,produce,1,1.70,1.70
T100305,2026-01-20 17:09,C0458,salmon,fish,1,15.90,15.90
T100305,2026-01-20 17:09,C0458,lemon,produce,1,0.90,0.90
T100305,2026-01-20 17:09,C0458,olive oil,grocery,1,11.20,11.20
T100305,2026-01-20 17:09,C0458,eggs,dairy,1,4.90,4.90
T100305,2026-01-20 17:09,C0458,chocolate bar,snack,1,2.70,2.70
T100292,2026-01-20 18:27,,tea,grocery,1,6.40,6.40
T100292,2026-01-20 18:27,,baby wipes,baby,1,6.70,6.70
T100292,2026-01-20 18:27,,white bread,bakery,1,2.90,2.90
T100292,2026-01-20 18:27,,chicken breast,meat,1,12.80,12.80
T100306,2026-01-20 18:52,,coffee beans,grocery,1,12.50,12.50
T100306,2026-01-20 18:52,,baby formula,baby,1,28.50,28.50
T100306,2026-01-20 18:52,,baby wipes,baby,1,6.70,6.70
T100306,2026-01-20 18:52,,granola,grocery,1,6.20,6.20
T100306,2026-01-20 18:52,,diapers,baby,1,24.90,24.90
T100296,2026-01-20 19:02,C0665,chocolate bar,snack,1,2.70,2.70
T100296,2026-01-20 19:02,C0665,diapers,baby,1,24.90,24.90
T100296,2026-01-20 19:02,C0665,eggs,dairy,1,4.90,4.90
T100296,2026-01-20 19:02,C0665,baby wipes,baby,1,6.70,6.70
T100300,2026-01-20 19:24,,trash bags,household,1,9.10,9.10
T100300,2026-01-20 19:24,,red wine,beverage,1,16.00,16.00
T100300,2026-01-20 19:24,,paper towels,household,1,8.30,8.30
T100300,2026-01-20 19:24,,toilet paper,household,2,11.90,23.80
T100300,2026-01-20 19:24,,chocolate bar,snack,3,2.70,8.10
T100300,2026-01-20 19:24,,dish soap,household,1,4.70,4.70
T100300,2026-01-20 19:24,,croissant,bakery,1,1.80,1.80
T100300,2026-01-20 19:24,,laundry detergent,household,1,14.20,14.20
T100308,2026-01-20 19:50,C0737,baby wipes,baby,3,6.70,20.10
T100308,2026-01-20 19:50,C0737,salsa,grocery,2,3.90,7.80
T100308,2026-01-20 19:50,C0737,tomato sauce,grocery,2,3.60,7.20
T100308,2026-01-20 19:50,C0737,paper towels,household,1,8.30,8.30
T100308,2026-01-20 19:50,C0737,diapers,baby,2,24.90,49.80
T100308,2026-01-20 19:50,C0737,butter,dairy,1,5.20,5.20
T100308,2026-01-20 19:50,C0737,baby formula,baby,1,28.50,28.50
T100295,2026-01-20 19:53,,ice cream,frozen,1,6.50,6.50
T100295,2026-01-20 19:53,,croissant,bakery,2,1.80,3.60
T100295,2026-01-20 19:53,,coffee beans,grocery,1,12.50,12.50
T100295,2026-01-20 19:53,,dish soap,household,1,4.70,4.70
T100295,2026-01-20 19:53,,lettuce,produce,1,2.60,2.60
T100295,2026-01-20 19:53,,lettuce,produce,1,2.60,2.60
T100291,2026-01-20 20:48,C0511,chicken breast,meat,2,12.80,25.60
T100291,2026-01-20 20:48,C0511,chocolate bar,snack,3,2.70,8.10
T100291,2026-01-20 20:48,C0511,beer,beverage,1,13.50,13.50
T100291,2026-01-20 20:48,C0511,orange juice,beverage,1,4.40,4.40
T100291,2026-01-20 20:48,C0511,tortilla chips,snack,3,4.20,12.60
T100312,2026-01-21 09:26,C0868,conditioner,care,1,7.40,7.40
T100312,2026-01-21 09:26,C0868,croissant,bakery,1,1.80,1.80
T100312,2026-01-21 09:26,C0868,toothpaste,care,1,4.50,4.50
T100312,2026-01-21 09:26,C0868,ground beef,meat,1,9.40,9.40
T100312,2026-01-21 09:26,C0868,coffee beans,grocery,3,12.50,37.50
T100312,2026-01-21 09:26,C0868,orange juice,beverage,2,4.40,8.80
T100312,2026-01-21 09:26,C0868,sugar,grocery,1,3.20,3.20
T100333,2026-01-21 09:30,C0882,coffee beans,grocery,1,12.50,12.50
T100333,2026-01-21 09:30,C0882,toothpaste,care,2,4.50,9.00
T100333,2026-01-21 09:30,C0882,diapers,baby,1,24.90,24.90
T100333,2026-01-21 09:30,C0882,baby formula,baby,2,28.50,57.00
T100309,2026-01-21 09:54,C0640,tortilla chips,snack,1,4.20,4.20
T100309,2026-01-21 09:54,C0640,peanuts,snack,1,4.80,4.80
T100309,2026-01-21 09:54,C0640,olive oil,grocery,1,11.20,11.20
T100309,2026-01-21 09:54,C0640,avocado,produce,1,2.20,2.20
T100309,2026-01-21 09:54,C0640,chocolate bar,snack,1,2.70,2.70
T100309,2026-01-21 09:54,C0640,coffee beans,grocery,1,12.50,12.50
T100309,2026-01-21 09:54,C0640,baby formula,baby,2,28.50,57.00
T100320,2026-01-21 11:18,,coffee beans,grocery,1,12.50,12.50
T100320,2026-01-21 11:18,,berries,produce,1,5.80,5.80
T100320,2026-01-21 11:18,,avocado,produce,1,2.20,2.20
T100320,2026-01-21 11:18,,ground beef,meat,1,9.40,9.40
T100319,2026-01-21 11:19,C0661,peanut butter,grocery,1,5.60,5.60
T100319,2026-01-21 11:19,C0661,eggs,dairy,3,4.90,14.70
T100319,2026-01-21 11:19,C0661,chicken breast,meat,3,12.80,38.40
T100319,2026-01-21 11:19,C0661,peanuts,snack,3,4.80,14.40
T100319,2026-01-21 11:19,C0661,white bread,bakery,1,2.90,2.90
T100319,2026-01-21 11:19,C0661,paper towels,household,2,8.30,16.60
T100319,2026-01-21 11:19,C0661,baby wipes,baby,1,6.70,6.70
T100319,2026-01-21 11:19,C0661,tomatoes,produce,1,3.90,3.90
T100317,2026-01-21 12:37,C0628,berries,produce,1,5.80,5.80
T100317,2026-01-21 12:37,C0628,beer,beverage,1,13.50,13.50
T100317,2026-01-21 12:37,C0628,yogurt,dairy,1,4.60,4.60
T100317,2026-01-21 12:37,C0628,avocado,produce,1,2.20,2.20
T100317,2026-01-21 12:37,C0628,croissant,bakery,1,1.80,1.80
T100317,2026-01-21 12:37,C0628,bacon,meat,1,7.80,7.80
T100317,2026-01-21 12:37,C0628,bananas,produce,1,2.10,2.10
T100321,2026-01-21 13:01,C0370,eggs,dairy,1,4.90,4.90
T100321,2026-01-21 13:01,C0370,milk 2%,dairy,1,3.80,3.80
T100321,2026-01-21 13:01,C0370,coffee beans,grocery,2,12.50,25.00
T100321,2026-01-21 13:01,C0370,white bread,bakery,3,2.90,8.70
T100330,2026-01-21 13:05,C0434,salsa,grocery,1,3.90,3.90
T100330,2026-01-21 13:05,C0434,beer,beverage,1,13.50,13.50
T100330,2026-01-21 13:05,C0434,peanuts,snack,1,4.80,4.80
T100330,2026-01-21 13:05,C0434,red wine,beverage,1,16.00,16.00
T100330,2026-01-21 13:05,C0434,orange juice,beverage,1,4.40,4.40
T100314,2026-01-21 13:18,,tomato sauce,grocery,1,3.60,3.60
T100314,2026-01-21 13:18,,parmesan,dairy,3,8.90,26.70
T100314,2026-01-21 13:18,,pasta,grocery,1,2.30,2.30
T100329,2026-01-21 13:33,C0371,tortilla chips,snack,1,4.20,4.20
T100329,2026-01-21 13:33,C0371,beer,beverage,1,13.50,13.50
T100329,2026-01-21 13:33,C0371,whole wheat bread,bakery,1,3.40,3.40
T100329,2026-01-21 13:33,C0371,tomatoes,produce,1,3.90,3.90
T100329,2026-01-21 13:33,C0371,apples,produce,1,4.30,4.30
T100329,2026-01-21 13:33,C0371,toilet paper,household,1,11.90,11.90
T100329,2026-01-21 13:33,C0371,coffee beans,grocery,2,12.50,25.00
T100329,2026-01-21 13:33,C0371,ice cream,frozen,2,6.50,13.00
T100313,2026-01-21 16:02,C0458,baby formula,baby,1,28.50,28.50
T100313,2026-01-21 16:02,C0458,eggs,dairy,1,4.90,4.90
T100318,2026-01-21 16:22,,tortilla chips,snack,1,4.20,4.20
T100318,2026-01-21 16:22,,trash bags,household,1,9.10,9.10
T100318,2026-01-21 16:22,,beer,beverage,3,13.50,40.50
T100318,2026-01-21 16:22,,salsa,grocery,1,3.90,3.90
T100316,2026-01-21 16:38,C0559,granola,grocery,1,6.20,6.20
T100316,2026-01-21 16:38,C0559,peanuts,snack,1,4.80,4.80
T100316,2026-01-21 16:38,C0559,beer,beverage,1,13.50,13.50
T100316,2026-01-21 16:38,C0559,salsa,grocery,2,3.90,7.80
T100316,2026-01-21 16:38,C0559,tortilla chips,snack,1,4.20,4.20
T100311,2026-01-21 16:47,,red wine,beverage,2,16.00,32.00
T100311,2026-01-21 16:47,,tomato sauce,grocery,1,3.60,3.60
T100311,2026-01-21 16:47,,tortilla chips,snack,1,4.20,4.20
T100311,2026-01-21 16:47,,orange juice,beverage,2,4.40,8.80
T100311,2026-01-21 16:47,,whole wheat bread,bakery,1,3.40,3.40
T100311,2026-01-21 16:47,,salmon,fish,3,15.90,47.70
T100311,2026-01-21 16:47,,ground beef,meat,1,9.40,9.40
T100311,2026-01-21 16:47,,parmesan,dairy,3,8.90,26.70
T100311,2026-01-21 16:47,,salsa,grocery,1,3.90,3.90
T100315,2026-01-21 16:52,C0438,beer,beverage,1,13.50,13.50
T100315,2026-01-21 16:52,C0438,salsa,grocery,1,3.90,3.90
T100315,2026-01-21 16:52,C0438,cucumber,produce,1,1.70,1.70
T100315,2026-01-21 16:52,C0438,laundry detergent,household,1,14.20,14.20
T100315,2026-01-21 16:52,C0438,baby wipes,baby,3,6.70,20.10
T100315,2026-01-21 16:52,C0438,tortilla chips,snack,2,4.20,8.40
T100324,2026-01-21 16:53,C0225,milk 2%,dairy,2,3.80,7.60
T100324,2026-01-21 16:53,C0225,coffee beans,grocery,1,12.50,12.50
T100324,2026-01-21 16:53,C0225,butter,dairy,1,5.20,5.20
T100324,2026-01-21 16:53,C0225,strawberry jam,grocery,2,4.10,8.20
T100324,2026-01-21 16:53,C0225,eggs,dairy,1,4.90,4.90
T100324,2026-01-21 16:53,C0225,white bread,bakery,1,2.90,2.90
T100324,2026-01-21 16:53,C0225,whole wheat bread,bakery,1,3.40,3.40
T100324,2026-01-21 16:53,C0225,paper towels,household,2,8.30,16.60
T100328,2026-01-21 17:53,,olive oil,grocery,1,11.20,11.20
T100328,2026-01-21 17:53,,salsa,grocery,1,3.90,3.90
T100328,2026-01-21 17:53,,baby wipes,baby,1,6.70,6.70
T100328,2026-01-21 17:53,,tortilla chips,snack,2,4.20,8.40
T100328,2026-01-21 17:53,,laundry detergent,household,1,14.20,14.20
T100328,2026-01-21 17:53,,beer,beverage,1,13.50,13.50
T100332,2026-01-21 18:11,,orange juice,beverage,1,4.40,4.40
T100332,2026-01-21 18:11,,lemon,produce,1,0.90,0.90
T100332,2026-01-21 18:11,,salmon,fish,1,15.90,15.90
T100310,2026-01-21 18:18,C0470,diapers,baby,1,24.90,24.90
T100310,2026-01-21 18:18,C0470,berries,produce,1,5.80,5.80
T100310,2026-01-21 18:18,C0470,granola,grocery,2,6.20,12.40
T100310,2026-01-21 18:18,C0470,chicken breast,meat,1,12.80,12.80
T100310,2026-01-21 18:18,C0470,yogurt,dairy,1,4.60,4.60
T100310,2026-01-21 18:18,C0470,apples,produce,3,4.30,12.90
T100323,2026-01-21 18:24,,salsa,grocery,3,3.90,11.70
T100323,2026-01-21 18:24,,lettuce,produce,1,2.60,2.60
T100323,2026-01-21 18:24,,berries,produce,1,5.80,5.80
T100323,2026-01-21 18:24,,tortilla chips,snack,2,4.20,8.40
T100323,2026-01-21 18:24,,frozen pizza,frozen,1,7.20,7.20
T100323,2026-01-21 18:24,,yogurt,dairy,1,4.60,4.60
T100322,2026-01-21 19:03,,bananas,produce,1,2.10,2.10
T100322,2026-01-21 19:03,,butter,dairy,1,5.20,5.20
T100322,2026-01-21 19:03,,salmon,fish,3,15.90,47.70
T100322,2026-01-21 19:03,,red wine,beverage,1,16.00,16.00
T100322,2026-01-21 19:03,,milk 2%,dairy,1,3.80,3.80
T100322,2026-01-21 19:03,,tomatoes,produce,1,3.90,3.90
T100322,2026-01-21 19:03,,toothpaste,care,1,4.50,4.50
T100322,2026-01-21 19:03,,paper towels,household,1,8.30,8.30
T100322,2026-01-21 19:03,,shampoo,care,1,7.40,7.40
T100325,2026-01-21 19:22,,bananas,produce,1,2.10,2.10
T100325,2026-01-21 19:22,,white bread,bakery,1,2.90,2.90
T100325,2026-01-21 19:22,,strawberry jam,grocery,1,4.10,4.10
T100325,2026-01-21 19:22,,milk 2%,dairy,1,3.80,3.80
T100325,2026-01-21 19:22,,toothpaste,care,1,4.50,4.50
T100325,2026-01-21 19:22,,frozen pizza,frozen,1,7.20,7.20
T100325,2026-01-21 19:22,,pasta,grocery,1,2.30,2.30
T100325,2026-01-21 19:22,,butter,dairy,1,5.20,5.20
T100326,2026-01-21 20:17,,pasta,grocery,3,2.30,6.90
T100326,2026-01-21 20:17,,tea,grocery,1,6.40,6.40
T100326,2026-01-21 20:17,,olive oil,grocery,1,11.20,11.20
T100326,2026-01-21 20:17,,trash bags,household,1,9.10,9.10
T100326,2026-01-21 20:17,,lemon,produce,1,0.90,0.90
T100331,2026-01-21 20:29,C0378,tortilla chips,snack,1,4.20,4.20
T100331,2026-01-21 20:29,C0378,ice cream,frozen,1,6.50,6.50
T100331,2026-01-21 20:29,C0378,peanuts,snack,1,4.80,4.80
T100331,2026-01-21 20:29,C0378,beer,beverage,1,13.50,13.50
T100331,2026-01-21 20:29,C0378,salsa,grocery,1,3.90,3.90
T100331,2026-01-21 20:29,C0378,shampoo,care,1,7.40,7.40
T100327,2026-01-21 20:45,C0374,diapers,baby,1,24.90,24.90
T100327,2026-01-21 20:45,C0374,toothpaste,care,1,4.50,4.50
T100327,2026-01-21 20:45,C0374,baby wipes,baby,1,6.70,6.70
T100327,2026-01-21 20:45,C0374,pasta,grocery,1,2.30,2.30
T100355,2026-01-22 09:20,C0580,cucumber,produce,1,1.70,1.70
T100355,2026-01-22 09:20,C0580,beer,beverage,1,13.50,13.50
T100355,2026-01-22 09:20,C0580,peanuts,snack,3,4.80,14.40
T100355,2026-01-22 09:20,C0580,lemon,produce,3,0.90,2.70
T100355,2026-01-22 09:20,C0580,chocolate bar,snack,1,2.70,2.70
T100342,2026-01-22 09:48,C0324,coffee beans,grocery,1,12.50,12.50
T100353,2026-01-22 10:20,C0568,olive oil,grocery,1,11.20,11.20
T100353,2026-01-22 10:20,C0568,yogurt,dairy,1,4.60,4.60
T100353,2026-01-22 10:20,C0568,bananas,produce,1,2.10,2.10
T100353,2026-01-22 10:20,C0568,tomato sauce,grocery,1,3.60,3.60
T100353,2026-01-22 10:20,C0568,peanut butter,grocery,1,5.60,5.60
T100353,2026-01-22 10:20,C0568,pasta,grocery,1,2.30,2.30
T100344,2026-01-22 11:16,C0343,baby wipes,baby,1,6.70,6.70
T100344,2026-01-22 11:16,C0343,diapers,baby,1,24.90,24.90
T100349,2026-01-22 11:41,,salsa,grocery,1,3.90,3.90
T100349,2026-01-22 11:41,,milk 2%,dairy,1,3.80,3.80
T100349,2026-01-22 11:41,,beer,beverage,1,13.50,13.50
T100349,2026-01-22 11:41,,bananas,produce,1,2.10,2.10
T100349,2026-01-22 11:41,,chocolate bar,snack,1,2.70,2.70
T100349,2026-01-22 11:41,,PEANUTS,snack,1,4.80,4.80
T100349,2026-01-22 11:41,,red wine,beverage,1,16.00,16.00
T100349,2026-01-22 11:41,,tortilla chips,snack,1,4.20,4.20
T100338,2026-01-22 11:54,C0598,laundry detergent,household,1,14.20,14.20
T100338,2026-01-22 11:54,C0598,strawberry jam,grocery,1,4.10,4.10
T100338,2026-01-22 11:54,C0598,lettuce,produce,1,2.60,2.60
T100338,2026-01-22 11:54,C0598,toilet paper,household,1,11.90,11.90
T100338,2026-01-22 11:54,C0598,baby formula,baby,1,28.50,28.50
T100338,2026-01-22 11:54,C0598,diapers,baby,1,24.90,24.90
T100338,2026-01-22 11:54,C0598,chocolate bar,snack,1,2.70,2.70
T100341,2026-01-22 12:45,C0175,lemon,produce,1,0.90,0.90
T100341,2026-01-22 12:45,C0175,red wine,beverage,1,16.00,16.00
T100341,2026-01-22 12:45,C0175,trash bags,household,1,9.10,9.10
T100341,2026-01-22 12:45,C0175,salsa,grocery,1,3.90,3.90
T100340,2026-01-22 12:55,C0741,shampoo,care,1,7.40,7.40
T100340,2026-01-22 12:55,C0741,conditioner,care,1,7.40,7.40
T100340,2026-01-22 12:55,C0741,toothpaste,care,1,4.50,4.50
T100340,2026-01-22 12:55,C0741,granola,grocery,1,6.20,6.20
T100334,2026-01-22 13:02,C0388,white bread,bakery,1,2.90,2.90
T100334,2026-01-22 13:02,C0388,coffee beans,grocery,1,12.50,12.50
T100334,2026-01-22 13:02,C0388,lemon,produce,1,0.90,0.90
T100334,2026-01-22 13:02,C0388,butter,dairy,1,5.20,5.20
T100334,2026-01-22 13:02,C0388,strawberry jam,grocery,1,4.10,4.10
T100334,2026-01-22 13:02,C0388,diapers,baby,3,24.90,74.70
T100334,2026-01-22 13:02,C0388,salmon,fish,1,15.90,15.90
T100334,2026-01-22 13:02,C0388,eggs,dairy,1,4.90,4.90
T100334,2026-01-22 13:02,C0388,milk 2%,dairy,1,3.80,3.80
T100343,2026-01-22 13:04,,granola,grocery,1,6.20,6.20
T100343,2026-01-22 13:04,,berries,produce,1,5.80,5.80
T100356,2026-01-22 13:26,,olive oil,grocery,1,11.20,11.20
T100356,2026-01-22 13:26,,cucumber,produce,1,1.70,1.70
T100356,2026-01-22 13:26,,tomato sauce,grocery,1,3.60,3.60
T100356,2026-01-22 13:26,,shampoo,care,1,7.40,7.40
T100356,2026-01-22 13:26,,salmon,fish,1,15.90,15.90
T100356,2026-01-22 13:26,,croissant,bakery,1,1.80,1.80
T100339,2026-01-22 13:36,,ground beef,meat,1,9.40,9.40
T100339,2026-01-22 13:36,,dish soap,household,1,4.70,4.70
T100339,2026-01-22 13:36,,pasta,grocery,3,2.30,6.90
T100339,2026-01-22 13:36,,parmesan,dairy,1,8.90,8.90
T100339,2026-01-22 13:36,,lemon,produce,2,0.90,1.80
T100339,2026-01-22 13:36,,salmon,fish,1,15.90,15.90
T100345,2026-01-22 16:12,C0479,salsa,grocery,1,3.90,3.90
T100345,2026-01-22 16:12,C0479,conditioner,care,1,7.40,7.40
T100345,2026-01-22 16:12,C0479,beer,beverage,1,13.50,13.50
T100345,2026-01-22 16:12,C0479,tortilla chips,snack,1,4.20,4.20
T100351,2026-01-22 17:28,C0764,eggs,dairy,1,4.90,4.90
T100351,2026-01-22 17:28,C0764,strawberry jam,grocery,3,4.10,12.30
T100351,2026-01-22 17:28,C0764,milk 2%,dairy,1,3.80,3.80
T100351,2026-01-22 17:28,C0764,butter,dairy,1,5.20,5.20
T100351,2026-01-22 17:28,C0764,coffee beans,grocery,1,12.50,12.50
T100347,2026-01-22 17:34,C0639,granola,grocery,1,6.20,6.20
T100347,2026-01-22 17:34,C0639,parmesan,dairy,1,8.90,8.90
T100347,2026-01-22 17:34,C0639,pasta,grocery,1,2.30,2.30
T100347,2026-01-22 17:34,C0639,baby formula,baby,1,28.50,28.50
T100347,2026-01-22 17:34,C0639,diapers,baby,1,24.90,24.90
T100347,2026-01-22 17:34,C0639,tomato sauce,grocery,1,3.60,3.60
T100354,2026-01-22 17:54,C0855,bananas,produce,2,2.10,4.20
T100354,2026-01-22 17:54,C0855,chocolate bar,snack,1,2.70,2.70
T100354,2026-01-22 17:54,C0855,whole wheat bread,bakery,1,3.40,3.40
T100354,2026-01-22 17:54,C0855,beer,beverage,1,13.50,13.50
T100354,2026-01-22 17:54,C0855,salsa,grocery,1,3.90,3.90
T100335,2026-01-22 18:08,,yogurt,dairy,1,4.60,4.60
T100335,2026-01-22 18:08,,bananas,produce,1,2.10,2.10
T100335,2026-01-22 18:08,,ground beef,meat,1,9.40,9.40
T100335,2026-01-22 18:08,,salsa,grocery,1,3.90,3.90
T100335,2026-01-22 18:08,,granola,grocery,1,6.20,6.20
T100357,2026-01-22 18:10,,peanuts,snack,1,4.80,4.80
T100357,2026-01-22 18:10,,shampoo,care,1,7.40,7.40
T100357,2026-01-22 18:10,,sugar,grocery,1,3.20,3.20
T100357,2026-01-22 18:10,,coffee beans,grocery,1,12.50,12.50
T100357,2026-01-22 18:10,,cucumber,produce,1,1.70,1.70
T100357,2026-01-22 18:10,,ground beef,meat,1,9.40,9.40
T100357,2026-01-22 18:10,,milk 2%,dairy,2,3.80,7.60
T100357,2026-01-22 18:10,,croissant,bakery,1,1.80,1.80
T100346,2026-01-22 18:15,,salsa,grocery,1,3.90,3.90
T100346,2026-01-22 18:15,,beer,beverage,1,13.50,13.50
T100346,2026-01-22 18:15,,granola,grocery,1,6.20,6.20
T100346,2026-01-22 18:15,,croissant,bakery,1,1.80,1.80
T100346,2026-01-22 18:15,,olive oil,grocery,1,11.20,11.20
T100336,2026-01-22 18:17,,ground beef,meat,1,9.40,9.40
T100336,2026-01-22 18:17,,TEA,grocery,1,6.40,6.40
T100336,2026-01-22 18:17,,toilet paper,household,1,11.90,11.90
T100336,2026-01-22 18:17,,strawberry jam,grocery,1,4.10,4.10
T100336,2026-01-22 18:17,,cucumber,produce,1,1.70,1.70
T100336,2026-01-22 18:17,,red wine,beverage,1,16.00,16.00
T100336,2026-01-22 18:17,,lemon,produce,1,0.90,0.90
T100336,2026-01-22 18:17,,salmon,fish,1,15.90,15.90
T100336,2026-01-22 18:17,,paper towels,household,1,8.30,8.30
T100336,2026-01-22 18:17,,granola,grocery,1,6.20,6.20
T100348,2026-01-22 18:17,C0776,paper towels,household,1,8.30,8.30
T100348,2026-01-22 18:17,C0776,diapers,baby,1,24.90,24.90
T100348,2026-01-22 18:17,C0776,beer,beverage,1,13.50,13.50
T100348,2026-01-22 18:17,C0776,coffee beans,grocery,1,12.50,12.50
T100348,2026-01-22 18:17,C0776,avocado,produce,1,2.20,2.20
T100348,2026-01-22 18:17,C0776,baby wipes,baby,1,6.70,6.70
T100348,2026-01-22 18:17,C0776,frozen pizza,frozen,1,7.20,7.20
T100348,2026-01-22 18:17,C0776,trash bags,household,1,9.10,9.10
T100348,2026-01-22 18:17,C0776,olive oil,grocery,1,11.20,11.20
T100337,2026-01-22 18:27,C0724,bananas,produce,1,2.10,2.10
T100337,2026-01-22 18:27,C0724,berries,produce,1,5.80,5.80
T100337,2026-01-22 18:27,C0724,granola,grocery,1,6.20,6.20
T100337,2026-01-22 18:27,C0724,yogurt,dairy,1,4.60,4.60
T100337,2026-01-22 18:27,C0724,peanuts,snack,1,4.80,4.80
T100337,2026-01-22 18:27,C0724,toothpaste,care,2,4.50,9.00
T100337,2026-01-22 18:27,C0724,lemon,produce,2,0.90,1.80
T100337,2026-01-22 18:27,C0724,lettuce,produce,1,2.60,2.60
T100337,2026-01-22 18:27,C0724,parmesan,dairy,1,8.90,8.90
T100352,2026-01-22 18:27,,red wine,beverage,3,16.00,48.00
T100352,2026-01-22 18:27,,pasta,grocery,3,2.30,6.90
T100352,2026-01-22 18:27,,laundry detergent,household,1,14.20,14.20
T100352,2026-01-22 18:27,,strawberry jam,grocery,1,4.10,4.10
T100352,2026-01-22 18:27,,frozen pizza,frozen,1,7.20,7.20
T100352,2026-01-22 18:27,,dish soap,household,2,4.70,9.40
T100352,2026-01-22 18:27,,tomato sauce,grocery,1,3.60,3.60
T100352,2026-01-22 18:27,,parmesan,dairy,1,8.90,8.90
T100350,2026-01-22 18:59,,lettuce,produce,2,2.60,5.20
T100350,2026-01-22 18:59,,baby formula,baby,1,28.50,28.50
T100350,2026-01-22 18:59,,whole wheat bread,bakery,3,3.40,10.20
T100350,2026-01-22 18:59,,white bread,bakery,1,2.90,2.90
T100350,2026-01-22 18:59,,coffee beans,grocery,1,12.50,12.50
T100350,2026-01-22 18:59,,strawberry jam,grocery,2,4.10,8.20
T100350,2026-01-22 18:59,,milk 2%,dairy,1,3.80,3.80
T100350,2026-01-22 18:59,,pasta,grocery,1,2.30,2.30
T100350,2026-01-22 18:59,,butter,dairy,2,5.20,10.40
T100358,2026-01-22 19:42,C0586,strawberry jam,grocery,2,4.10,8.20
T100358,2026-01-22 19:42,C0586,sugar,grocery,1,3.20,3.20
T100364,2026-01-23 08:21,C0631,baby wipes,baby,1,6.70,6.70
T100364,2026-01-23 08:21,C0631,diapers,baby,3,24.90,74.70
T100364,2026-01-23 08:21,C0631,baby formula,baby,1,28.50,28.50
T100364,2026-01-23 08:21,C0631,paper towels,household,1,8.30,8.30
T100387,2026-01-23 08:30,C0834,milk 2%,dairy,1,3.80,3.80
T100387,2026-01-23 08:30,C0834,parmesan,dairy,1,8.90,8.90
T100387,2026-01-23 08:30,C0834,olive oil,grocery,1,11.20,11.20
T100387,2026-01-23 08:30,C0834,tomato sauce,grocery,1,3.60,3.60
T100387,2026-01-23 08:30,C0834,toothpaste,care,1,4.50,4.50
T100359,2026-01-23 10:12,C0264,frozen pizza,frozen,1,7.20,7.20
T100359,2026-01-23 10:12,C0264,white bread,bakery,1,2.90,2.90
T100359,2026-01-23 10:12,C0264,strawberry jam,grocery,1,4.10,4.10
T100359,2026-01-23 10:12,C0264,whole wheat bread,bakery,3,3.40,10.20
T100371,2026-01-23 11:08,,diapers,baby,1,24.90,24.90
T100371,2026-01-23 11:08,,baby formula,baby,1,28.50,28.50
T100361,2026-01-23 11:25,C0243,granola,grocery,1,6.20,6.20
T100361,2026-01-23 11:25,C0243,berries,produce,1,5.80,5.80
T100361,2026-01-23 11:25,C0243,trash bags,household,1,9.10,9.10
T100361,2026-01-23 11:25,C0243,yogurt,dairy,1,4.60,4.60
T100368,2026-01-23 11:35,C0447,salmon,fish,1,15.90,15.90
T100368,2026-01-23 11:35,C0447,peanut butter,grocery,1,5.60,5.60
T100368,2026-01-23 11:35,C0447,strawberry jam,grocery,1,4.10,4.10
T100368,2026-01-23 11:35,C0447,milk 2%,dairy,1,3.80,3.80
T100360,2026-01-23 11:40,,parmesan,dairy,2,8.90,17.80
T100360,2026-01-23 11:40,,beer,beverage,1,13.50,13.50
T100360,2026-01-23 11:40,,ice cream,frozen,1,6.50,6.50
T100360,2026-01-23 11:40,,salmon,fish,1,15.90,15.90
T100360,2026-01-23 11:40,,tortilla chips,snack,1,4.20,4.20
T100386,2026-01-23 12:24,,paper towels,household,1,8.30,8.30
T100386,2026-01-23 12:24,,toilet paper,household,1,11.90,11.90
T100386,2026-01-23 12:24,,coffee beans,grocery,1,12.50,12.50
T100386,2026-01-23 12:24,,laundry detergent,household,1,14.20,14.20
T100386,2026-01-23 12:24,,trash bags,household,1,9.10,9.10
T100384,2026-01-23 12:43,C0886,baby wipes,baby,1,6.70,6.70
T100384,2026-01-23 12:43,C0886,tomato sauce,grocery,2,3.60,7.20
T100384,2026-01-23 12:43,C0886,pasta,grocery,1,2.30,2.30
T100384,2026-01-23 12:43,C0886,parmesan,dairy,1,8.90,8.90
T100384,2026-01-23 12:43,C0886,beer,beverage,1,13.50,13.50
T100372,2026-01-23 12:46,,parmesan,dairy,1,8.90,8.90
T100372,2026-01-23 12:46,,toilet paper,household,1,11.90,11.90
T100372,2026-01-23 12:46,,tortilla chips,snack,1,4.20,4.20
T100372,2026-01-23 12:46,,lemon,produce,1,0.90,0.90
T100382,2026-01-23 12:46,C0398,beer,beverage,2,13.50,27.00
T100382,2026-01-23 12:46,C0398,cucumber,produce,1,1.70,1.70
T100382,2026-01-23 12:46,C0398,peanuts,snack,1,4.80,4.80
T100382,2026-01-23 12:46,C0398,pasta,grocery,1,2.30,2.30
T100382,2026-01-23 12:46,C0398,diapers,baby,1,24.90,24.90
T100382,2026-01-23 12:46,C0398,white bread,bakery,1,2.90,2.90
T100377,2026-01-23 12:47,,eggs,dairy,1,4.90,4.90
T100377,2026-01-23 12:47,,cucumber,produce,1,1.70,1.70
T100377,2026-01-23 12:47,,salsa,grocery,1,3.90,3.90
T100377,2026-01-23 12:47,,beer,beverage,1,13.50,13.50
T100381,2026-01-23 13:52,C0433,milk 2%,dairy,1,3.80,3.80
T100381,2026-01-23 13:52,C0433,butter,dairy,2,5.20,10.40
T100381,2026-01-23 13:52,C0433,strawberry jam,grocery,1,4.10,4.10
T100381,2026-01-23 13:52,C0433,eggs,dairy,1,4.90,4.90
T100381,2026-01-23 13:52,C0433,pasta,grocery,1,2.30,2.30
T100379,2026-01-23 16:49,,bacon,meat,1,7.80,7.80
T100379,2026-01-23 16:49,,beer,beverage,1,13.50,13.50
T100379,2026-01-23 16:49,,salmon,fish,1,15.90,15.90
T100379,2026-01-23 16:49,,salsa,grocery,1,3.90,3.90
T100379,2026-01-23 16:49,,bananas,produce,1,2.10,2.10
T100379,2026-01-23 16:49,,diapers,baby,1,24.90,24.90
T100379,2026-01-23 16:49,,ice cream,frozen,1,6.50,6.50
T100363,2026-01-23 17:09,C0323,strawberry jam,grocery,3,4.10,12.30
T100363,2026-01-23 17:09,C0323,berries,produce,2,5.80,11.60
T100363,2026-01-23 17:09,C0323,yogurt,dairy,1,4.60,4.60
T100363,2026-01-23 17:09,C0323,lettuce,produce,1,2.60,2.60
T100362,2026-01-23 17:14,,coffee beans,grocery,1,12.50,12.50
T100362,2026-01-23 17:14,,white bread,bakery,2,2.90,5.80
T100362,2026-01-23 17:14,,avocado,produce,1,2.20,2.20
T100362,2026-01-23 17:14,,strawberry jam,grocery,1,4.10,4.10
T100366,2026-01-23 17:44,C0843,milk 2%,dairy,1,3.80,3.80
T100366,2026-01-23 17:44,C0843,chocolate bar,snack,1,2.70,2.70
T100366,2026-01-23 17:44,C0843,ice cream,frozen,1,6.50,6.50
T100366,2026-01-23 17:44,C0843,baby wipes,baby,1,6.70,6.70
T100366,2026-01-23 17:44,C0843,salsa,grocery,1,3.90,3.90
T100366,2026-01-23 17:44,C0843,peanuts,snack,1,4.80,4.80
T100366,2026-01-23 17:44,C0843,beer,beverage,1,13.50,13.50
T100366,2026-01-23 17:44,C0843,tortilla chips,snack,1,4.20,4.20
T100388,2026-01-23 17:45,C0094,conditioner,care,1,7.40,7.40
T100388,2026-01-23 17:45,C0094,white bread,bakery,3,2.90,8.70
T100373,2026-01-23 17:52,,chicken breast,meat,1,12.80,12.80
T100373,2026-01-23 17:52,,milk 2%,dairy,1,3.80,3.80
T100373,2026-01-23 17:52,,butter,dairy,1,5.20,5.20
T100373,2026-01-23 17:52,,white bread,bakery,1,2.90,2.90
T100367,2026-01-23 18:05,,eggs,dairy,1,4.90,4.90
T100367,2026-01-23 18:05,,croissant,bakery,1,1.80,1.80
T100367,2026-01-23 18:05,,conditioner,care,1,7.40,7.40
T100367,2026-01-23 18:05,,olive oil,grocery,1,11.20,11.20
T100367,2026-01-23 18:05,,sugar,grocery,3,3.20,9.60
T100367,2026-01-23 18:05,,pasta,grocery,2,2.30,4.60
T100367,2026-01-23 18:05,,coffee beans,grocery,1,12.50,12.50
T100367,2026-01-23 18:05,,shampoo,care,2,7.40,14.80
T100374,2026-01-23 18:24,,chicken breast,meat,1,12.80,12.80
T100374,2026-01-23 18:24,,pasta,grocery,2,2.30,4.60
T100374,2026-01-23 18:24,,sugar,grocery,1,3.20,3.20
T100374,2026-01-23 18:24,,milk 2%,dairy,1,3.80,3.80
T100374,2026-01-23 18:24,,ICE CREAM,frozen,3,6.50,19.50
T100374,2026-01-23 18:24,,coffee beans,grocery,1,12.50,12.50
T100380,2026-01-23 18:31,C0361,milk 2%,dairy,1,3.80,3.80
T100380,2026-01-23 18:31,C0361,tomatoes,produce,1,3.90,3.90
T100380,2026-01-23 18:31,C0361,white bread,bakery,1,2.90,2.90
T100380,2026-01-23 18:31,C0361,baby formula,baby,1,28.50,28.50
T100380,2026-01-23 18:31,C0361,coffee beans,grocery,1,12.50,12.50
T100380,2026-01-23 18:31,C0361,strawberry jam,grocery,1,4.10,4.10
T100380,2026-01-23 18:31,C0361,eggs,dairy,1,4.90,4.90
T100380,2026-01-23 18:31,C0361,butter,dairy,1,5.20,5.20
T100378,2026-01-23 18:50,C0559,tomato sauce,grocery,1,3.60,3.60
T100378,2026-01-23 18:50,C0559,red wine,beverage,1,16.00,16.00
T100378,2026-01-23 18:50,C0559,whole wheat bread,bakery,2,3.40,6.80
T100378,2026-01-23 18:50,C0559,salmon,fish,1,15.90,15.90
T100378,2026-01-23 18:50,C0559,laundry detergent,household,1,14.20,14.20
T100378,2026-01-23 18:50,C0559,parmesan,dairy,1,8.90,8.90
T100378,2026-01-23 18:50,C0559,pasta,grocery,1,2.30,2.30
T100375,2026-01-23 18:54,,tomato sauce,grocery,1,3.60,3.60
T100375,2026-01-23 18:54,,croissant,bakery,1,1.80,1.80
T100365,2026-01-23 19:04,C0304,salmon,fish,1,15.90,15.90
T100365,2026-01-23 19:04,C0304,dish soap,household,1,4.70,4.70
T100385,2026-01-23 19:13,,bacon,meat,1,7.80,7.80
T100385,2026-01-23 19:13,,conditioner,care,1,7.40,7.40
T100385,2026-01-23 19:13,,bananas,produce,1,2.10,2.10
T100385,2026-01-23 19:13,,pasta,grocery,1,2.30,2.30
T100370,2026-01-23 19:15,C0186,toilet paper,household,1,11.90,11.90
T100370,2026-01-23 19:15,C0186,paper towels,household,1,8.30,8.30
T100370,2026-01-23 19:15,C0186,laundry detergent,household,3,14.20,42.60
T100376,2026-01-23 19:17,,toothpaste,care,1,4.50,4.50
T100376,2026-01-23 19:17,,shampoo,care,1,7.40,7.40
T100376,2026-01-23 19:17,,frozen pizza,frozen,1,7.20,7.20
T100376,2026-01-23 19:17,,baby formula,baby,1,28.50,28.50
T100369,2026-01-23 19:31,C0590,baby wipes,baby,1,6.70,6.70
T100369,2026-01-23 19:31,C0590,beer,beverage,1,13.50,13.50
T100369,2026-01-23 19:31,C0590,peanuts,snack,1,4.80,4.80
T100369,2026-01-23 19:31,C0590,salsa,grocery,1,3.90,3.90
T100369,2026-01-23 19:31,C0590,tortilla chips,snack,1,4.20,4.20
T100383,2026-01-23 20:43,,yogurt,dairy,1,4.60,4.60
T100383,2026-01-23 20:43,,baby formula,baby,1,28.50,28.50
T100383,2026-01-23 20:43,,paper towels,household,1,8.30,8.30
T100391,2026-01-24 09:28,C0818,apples,produce,1,4.30,4.30
T100391,2026-01-24 09:28,C0818,butter,dairy,1,5.20,5.20
T100391,2026-01-24 09:28,C0818,salmon,fish,1,15.90,15.90
T100391,2026-01-24 09:28,C0818,white bread,bakery,2,2.90,5.80
T100391,2026-01-24 09:28,C0818,bananas,produce,1,2.10,2.10
T100391,2026-01-24 09:28,C0818,strawberry jam,grocery,2,4.10,8.20
T100391,2026-01-24 09:28,C0818,croissant,bakery,1,1.80,1.80
T100391,2026-01-24 09:28,C0818,eggs,dairy,1,4.90,4.90
T100400,2026-01-24 11:07,C0844,peanuts,snack,1,4.80,4.80
T100400,2026-01-24 11:07,C0844,olive oil,grocery,1,11.20,11.20
T100400,2026-01-24 11:07,C0844,conditioner,care,1,7.40,7.40
T100400,2026-01-24 11:07,C0844,beer,beverage,1,13.50,13.50
T100400,2026-01-24 11:07,C0844,tortilla chips,snack,1,4.20,4.20
T100400,2026-01-24 11:07,C0844,shampoo,care,1,7.40,7.40
T100400,2026-01-24 11:07,C0844,salsa,grocery,1,3.90,3.90
T100400,2026-01-24 11:07,C0844,orange juice,beverage,2,4.40,8.80
T100400,2026-01-24 11:07,C0844,ice cream,frozen,1,6.50,6.50
T100411,2026-01-24 12:09,,lettuce,produce,1,2.60,2.60
T100411,2026-01-24 12:09,,dish soap,household,2,4.70,9.40
T100411,2026-01-24 12:09,,yogurt,dairy,1,4.60,4.60
T100411,2026-01-24 12:09,,sugar,grocery,1,3.20,3.20
T100411,2026-01-24 12:09,,berries,produce,1,5.80,5.80
T100389,2026-01-24 12:30,C0159,coffee beans,grocery,1,12.50,12.50
T100389,2026-01-24 12:30,C0159,milk 2%,dairy,1,3.80,3.80
T100389,2026-01-24 12:30,C0159,sugar,grocery,1,3.20,3.20
T100408,2026-01-24 12:41,C0315,pasta,grocery,2,2.30,4.60
T100408,2026-01-24 12:41,C0315,apples,produce,1,4.30,4.30
T100408,2026-01-24 12:41,C0315,parmesan,dairy,1,8.90,8.90
T100397,2026-01-24 12:47,C0556,bacon,meat,1,7.80,7.80
T100397,2026-01-24 12:47,C0556,lettuce,produce,1,2.60,2.60
T100397,2026-01-24 12:47,C0556,avocado,produce,1,2.20,2.20
T100397,2026-01-24 12:47,C0556,red wine,beverage,1,16.00,16.00
T100397,2026-01-24 12:47,C0556,tomato sauce,grocery,1,3.60,3.60
T100397,2026-01-24 12:47,C0556,pasta,grocery,1,2.30,2.30
T100397,2026-01-24 12:47,C0556,parmesan,dairy,1,8.90,8.90
T100410,2026-01-24 13:42,,ice cream,frozen,1,6.50,6.50
T100410,2026-01-24 13:42,,tortilla chips,snack,1,4.20,4.20
T100410,2026-01-24 13:42,,berries,produce,1,5.80,5.80
T100410,2026-01-24 13:42,,peanuts,snack,2,4.80,9.60
T100410,2026-01-24 13:42,,beer,beverage,1,13.50,13.50
T100410,2026-01-24 13:42,,lettuce,produce,1,2.60,2.60
T100410,2026-01-24 13:42,,salsa,grocery,1,3.90,3.90
T100410,2026-01-24 13:42,,chocolate bar,snack,1,2.70,2.70
T100407,2026-01-24 13:46,,toilet paper,household,1,11.90,11.90
T100407,2026-01-24 13:46,,conditioner,care,1,7.40,7.40
T100407,2026-01-24 13:46,,paper towels,household,1,8.30,8.30
T100407,2026-01-24 13:46,,trash bags,household,1,9.10,9.10
T100407,2026-01-24 13:46,,parmesan,dairy,1,8.90,8.90
T100406,2026-01-24 13:56,C0157,beer,beverage,1,13.50,13.50
T100406,2026-01-24 13:56,C0157,ice cream,frozen,1,6.50,6.50
T100406,2026-01-24 13:56,C0157,tortilla chips,snack,1,4.20,4.20
T100406,2026-01-24 13:56,C0157,tortilla chips,snack,1,4.20,4.20
T100401,2026-01-24 16:03,,tortilla chips,snack,1,4.20,4.20
T100401,2026-01-24 16:03,,tomato sauce,grocery,1,3.60,3.60
T100401,2026-01-24 16:03,,chicken breast,meat,3,12.80,38.40
T100401,2026-01-24 16:03,,chocolate bar,snack,1,2.70,2.70
T100401,2026-01-24 16:03,,beer,beverage,1,13.50,13.50
T100394,2026-01-24 16:28,C0875,olive oil,grocery,2,11.20,22.40
T100394,2026-01-24 16:28,C0875,bacon,meat,1,7.80,7.80
T100394,2026-01-24 16:28,C0875,lemon,produce,1,0.90,0.90
T100394,2026-01-24 16:28,C0875,cucumber,produce,1,1.70,1.70
T100394,2026-01-24 16:28,C0875,salmon,fish,1,15.90,15.90
T100394,2026-01-24 16:28,C0875,coffee beans,grocery,1,12.50,12.50
T100413,2026-01-24 16:36,,butter,dairy,1,5.20,5.20
T100413,2026-01-24 16:36,,salsa,grocery,1,3.90,3.90
T100413,2026-01-24 16:36,,diapers,baby,1,24.90,24.90
T100413,2026-01-24 16:36,,white bread,bakery,1,2.90,2.90
T100413,2026-01-24 16:36,,strawberry jam,grocery,1,4.10,4.10
T100404,2026-01-24 17:07,C0647,lettuce,produce,1,2.60,2.60
T100404,2026-01-24 17:07,C0647,diapers,baby,1,24.90,24.90
T100404,2026-01-24 17:07,C0647,berries,produce,1,5.80,5.80
T100404,2026-01-24 17:07,C0647,granola,grocery,1,6.20,6.20
T100399,2026-01-24 17:09,C0718,cucumber,produce,1,1.70,1.70
T100399,2026-01-24 17:09,C0718,salmon,fish,2,15.90,31.80
T100399,2026-01-24 17:09,C0718,olive oil,grocery,2,11.20,22.40
T100399,2026-01-24 17:09,C0718,strawberry jam,grocery,1,4.10,4.10
T100399,2026-01-24 17:09,C0718,lemon,produce,1,0.90,0.90
T100399,2026-01-24 17:09,C0718,tea,grocery,1,6.40,6.40
T100403,2026-01-24 17:22,,paper towels,household,2,8.30,16.60
T100403,2026-01-24 17:22,,cucumber,produce,1,1.70,1.70
T100403,2026-01-24 17:22,,tomato sauce,grocery,1,3.60,3.60
T100403,2026-01-24 17:22,,diapers,baby,1,24.90,24.90
T100403,2026-01-24 17:22,,COFFEE BEANS,grocery,2,12.50,25.00
T100403,2026-01-24 17:22,,sparkling water,beverage,2,3.10,6.20
T100403,2026-01-24 17:22,,laundry detergent,household,1,14.20,14.20
T100403,2026-01-24 17:22,,frozen pizza,frozen,1,7.20,7.20
T100395,2026-01-24 18:00,C0022,bananas,produce,1,2.10,2.10
T100395,2026-01-24 18:00,C0022,cucumber,produce,1,1.70,1.70
T100395,2026-01-24 18:00,C0022,tomatoes,produce,1,3.90,3.90
T100395,2026-01-24 18:00,C0022,berries,produce,1,5.80,5.80
T100395,2026-01-24 18:00,C0022,orange juice,beverage,1,4.40,4.40
T100395,2026-01-24 18:00,C0022,yogurt,dairy,1,4.60,4.60
T100395,2026-01-24 18:00,C0022,granola,grocery,3,6.20,18.60
T100409,2026-01-24 18:08,C0889,baby wipes,baby,1,6.70,6.70
T100409,2026-01-24 18:08,C0889,red wine,beverage,1,16.00,16.00
T100409,2026-01-24 18:08,C0889,diapers,baby,1,24.90,24.90
T100409,2026-01-24 18:08,C0889,baby formula,baby,1,28.50,28.50
T100405,2026-01-24 18:17,,coffee beans,grocery,1,12.50,12.50
T100405,2026-01-24 18:17,,chocolate bar,snack,3,2.70,8.10
T100405,2026-01-24 18:17,,trash bags,household,1,9.10,9.10
T100396,2026-01-24 18:28,,diapers,baby,1,24.90,24.90
T100396,2026-01-24 18:28,,beer,beverage,1,13.50,13.50
T100396,2026-01-24 18:28,,lemon,produce,1,0.90,0.90
T100396,2026-01-24 18:28,,laundry detergent,household,1,14.20,14.20
T100396,2026-01-24 18:28,,white bread,bakery,2,2.90,5.80
T100396,2026-01-24 18:28,,baby formula,baby,1,28.50,28.50
T100396,2026-01-24 18:28,,baby wipes,baby,3,6.70,20.10
T100396,2026-01-24 18:28,,salsa,grocery,1,3.90,3.90
T100396,2026-01-24 18:28,,granola,grocery,1,6.20,6.20
T100396,2026-01-24 18:28,,lettuce,produce,1,2.60,2.60
T100402,2026-01-24 18:36,C0515,eggs,dairy,1,4.90,4.90
T100402,2026-01-24 18:36,C0515,shampoo,care,1,7.40,7.40
T100402,2026-01-24 18:36,C0515,conditioner,care,1,7.40,7.40
T100402,2026-01-24 18:36,C0515,toothpaste,care,3,4.50,13.50
T100402,2026-01-24 18:36,C0515,granola,grocery,1,6.20,6.20
T100402,2026-01-24 18:36,C0515,trash bags,household,1,9.10,9.10
T100402,2026-01-24 18:36,C0515,yogurt,dairy,1,4.60,4.60
T100398,2026-01-24 18:37,C0591,baby formula,baby,1,28.50,28.50
T100398,2026-01-24 18:37,C0591,baby wipes,baby,1,6.70,6.70
T100398,2026-01-24 18:37,C0591,tea,grocery,2,6.40,12.80
T100398,2026-01-24 18:37,C0591,tomato sauce,grocery,1,3.60,3.60
T100398,2026-01-24 18:37,C0591,diapers,baby,1,24.90,24.90
T100398,2026-01-24 18:37,C0591,tomatoes,produce,1,3.90,3.90
T100390,2026-01-24 18:51,,ice cream,frozen,1,6.50,6.50
T100390,2026-01-24 18:51,,conditioner,care,1,7.40,7.40
T100390,2026-01-24 18:51,,shampoo,care,1,7.40,7.40
T100390,2026-01-24 18:51,,baby wipes,baby,1,6.70,6.70
T100390,2026-01-24 18:51,,croissant,bakery,1,1.80,1.80
T100390,2026-01-24 18:51,,toothpaste,care,1,4.50,4.50
T100412,2026-01-24 19:03,C0743,diapers,baby,1,24.90,24.90
T100412,2026-01-24 19:03,C0743,conditioner,care,1,7.40,7.40
T100412,2026-01-24 19:03,C0743,baby formula,baby,1,28.50,28.50
T100392,2026-01-24 19:04,,baby wipes,baby,1,6.70,6.70
T100392,2026-01-24 19:04,,salmon,fish,1,15.90,15.90
T100392,2026-01-24 19:04,,conditioner,care,1,7.40,7.40
T100392,2026-01-24 19:04,,tomatoes,produce,1,3.90,3.90
T100392,2026-01-24 19:04,,paper towels,household,1,8.30,8.30
T100392,2026-01-24 19:04,,diapers,baby,2,24.90,49.80
T100392,2026-01-24 19:04,,lemon,produce,1,0.90,0.90
T100393,2026-01-24 20:49,C0132,lemon,produce,1,0.90,0.90
T100393,2026-01-24 20:49,C0132,olive oil,grocery,3,11.20,33.60
T100393,2026-01-24 20:49,C0132,salmon,fish,1,15.90,15.90
T100393,2026-01-24 20:49,C0132,whole wheat bread,bakery,1,3.40,3.40
T100393,2026-01-24 20:49,C0132,cucumber,produce,2,1.70,3.40
T100427,2026-01-25 09:30,C0667,olive oil,grocery,1,11.20,11.20
T100427,2026-01-25 09:30,C0667,apples,produce,1,4.30,4.30
T100427,2026-01-25 09:30,C0667,croissant,bakery,3,1.80,5.40
T100427,2026-01-25 09:30,C0667,conditioner,care,1,7.40,7.40
T100428,2026-01-25 09:55,C0662,conditioner,care,1,7.40,7.40
T100428,2026-01-25 09:55,C0662,dish soap,household,3,4.70,14.10
T100428,2026-01-25 09:55,C0662,chocolate bar,snack,1,2.70,2.70
T100428,2026-01-25 09:55,C0662,red wine,beverage,1,16.00,16.00
T100428,2026-01-25 09:55,C0662,salsa,grocery,2,3.90,7.80
T100428,2026-01-25 09:55,C0662,orange juice,beverage,1,4.40,4.40
T100423,2026-01-25 11:57,,tea,grocery,2,6.40,12.80
T100423,2026-01-25 11:57,,tortilla chips,snack,1,4.20,4.20
T100423,2026-01-25 11:57,,BEER,beverage,1,13.50,13.50
T100423,2026-01-25 11:57,,parmesan,dairy,1,8.90,8.90
T100423,2026-01-25 11:57,,salsa,grocery,1,3.90,3.90
T100429,2026-01-25 12:00,C0840,bacon,meat,3,7.80,23.40
T100429,2026-01-25 12:00,C0840,shampoo,care,2,7.40,14.80
T100429,2026-01-25 12:00,C0840,toothpaste,care,3,4.50,13.50
T100429,2026-01-25 12:00,C0840,chicken breast,meat,1,12.80,12.80
T100429,2026-01-25 12:00,C0840,lemon,produce,1,0.90,0.90
T100429,2026-01-25 12:00,C0840,eggs,dairy,1,4.90,4.90
T100415,2026-01-25 12:26,C0586,toilet paper,household,1,11.90,11.90
T100415,2026-01-25 12:26,C0586,lemon,produce,1,0.90,0.90
T100415,2026-01-25 12:26,C0586,baby formula,baby,1,28.50,28.50
T100415,2026-01-25 12:26,C0586,conditioner,care,2,7.40,14.80
T100415,2026-01-25 12:26,C0586,salsa,grocery,1,3.90,3.90
T100415,2026-01-25 12:26,C0586,yogurt,dairy,1,4.60,4.60
T100415,2026-01-25 12:26,C0586,baby wipes,baby,1,6.70,6.70
T100415,2026-01-25 12:26,C0586,diapers,baby,1,24.90,24.90
T100426,2026-01-25 13:12,,milk 2%,dairy,1,3.80,3.80
T100426,2026-01-25 13:12,,butter,dairy,1,5.20,5.20
T100426,2026-01-25 13:12,,coffee beans,grocery,1,12.50,12.50
T100426,2026-01-25 13:12,,strawberry jam,grocery,3,4.10,12.30
T100426,2026-01-25 13:12,,yogurt,dairy,1,4.60,4.60
T100426,2026-01-25 13:12,,frozen pizza,frozen,1,7.20,7.20
T100426,2026-01-25 13:12,,dish soap,household,1,4.70,4.70
T100426,2026-01-25 13:12,,white bread,bakery,3,2.90,8.70
T100426,2026-01-25 13:12,,peanuts,snack,1,4.80,4.80
T100417,2026-01-25 13:37,C0216,berries,produce,1,5.80,5.80
T100417,2026-01-25 13:37,C0216,strawberry jam,grocery,3,4.10,12.30
T100417,2026-01-25 13:37,C0216,milk 2%,dairy,1,3.80,3.80
T100417,2026-01-25 13:37,C0216,baby formula,baby,1,28.50,28.50
T100417,2026-01-25 13:37,C0216,eggs,dairy,1,4.90,4.90
T100417,2026-01-25 13:37,C0216,olive oil,grocery,2,11.20,22.40
T100417,2026-01-25 13:37,C0216,baby wipes,baby,1,6.70,6.70
T100417,2026-01-25 13:37,C0216,lemon,produce,3,0.90,2.70
T100417,2026-01-25 13:37,C0216,diapers,baby,2,24.90,49.80
T100417,2026-01-25 13:37,C0216,dish soap,household,1,4.70,4.70
T100414,2026-01-25 13:59,,orange juice,beverage,1,4.40,4.40
T100414,2026-01-25 13:59,,olive oil,grocery,1,11.20,11.20
T100414,2026-01-25 13:59,,salmon,fish,1,15.90,15.90
T100414,2026-01-25 13:59,,paper towels,household,1,8.30,8.30
T100414,2026-01-25 13:59,,lemon,produce,1,0.90,0.90
T100424,2026-01-25 13:59,,frozen pizza,frozen,1,7.20,7.20
T100424,2026-01-25 13:59,,baby wipes,baby,1,6.70,6.70
T100424,2026-01-25 13:59,,cucumber,produce,1,1.70,1.70
T100424,2026-01-25 13:59,,granola,grocery,1,6.20,6.20
T100424,2026-01-25 13:59,,dish soap,household,2,4.70,9.40
T100424,2026-01-25 13:59,,red wine,beverage,1,16.00,16.00
T100424,2026-01-25 13:59,,diapers,baby,1,24.90,24.90
T100424,2026-01-25 13:59,,bacon,meat,1,7.80,7.80
T100419,2026-01-25 16:38,,toilet paper,household,1,11.90,11.90
T100419,2026-01-25 16:38,,dish soap,household,3,4.70,14.10
T100419,2026-01-25 16:38,,strawberry jam,grocery,1,4.10,4.10
T100430,2026-01-25 17:10,C0030,coffee beans,grocery,2,12.50,25.00
T100430,2026-01-25 17:10,C0030,beer,beverage,2,13.50,27.00
T100430,2026-01-25 17:10,C0030,paper towels,household,3,8.30,24.90
T100430,2026-01-25 17:10,C0030,baby formula,baby,1,28.50,28.50
T100430,2026-01-25 17:10,C0030,croissant,bakery,1,1.80,1.80
T100416,2026-01-25 17:42,C0673,toothpaste,care,3,4.50,13.50
T100416,2026-01-25 17:42,C0673,tomatoes,produce,3,3.90,11.70
T100421,2026-01-25 18:11,C0620,peanut butter,grocery,1,5.60,5.60
T100421,2026-01-25 18:11,C0620,salsa,grocery,2,3.90,7.80
T100421,2026-01-25 18:11,C0620,peanuts,snack,1,4.80,4.80
T100421,2026-01-25 18:11,C0620,tortilla chips,snack,2,4.20,8.40
T100421,2026-01-25 18:11,C0620,beer,beverage,1,13.50,13.50
T100425,2026-01-25 18:47,C0809,baby formula,baby,2,28.50,57.00
T100425,2026-01-25 18:47,C0809,baby wipes,baby,1,6.70,6.70
T100425,2026-01-25 18:47,C0809,diapers,baby,1,24.90,24.90
T100425,2026-01-25 18:47,C0809,beer,beverage,1,13.50,13.50
T100418,2026-01-25 19:06,C0070,chicken breast,meat,2,12.80,25.60
T100418,2026-01-25 19:06,C0070,bananas,produce,1,2.10,2.10
T100418,2026-01-25 19:06,C0070,toothpaste,care,1,4.50,4.50
T100418,2026-01-25 19:06,C0070,tea,grocery,1,6.40,6.40
T100418,2026-01-25 19:06,C0070,granola,grocery,1,6.20,6.20
T100418,2026-01-25 19:06,C0070,yogurt,dairy,1,4.60,4.60
T100418,2026-01-25 19:06,C0070,parmesan,dairy,1,8.90,8.90
T100422,2026-01-25 19:41,C0824,parmesan,dairy,3,8.90,26.70
T100422,2026-01-25 19:41,C0824,pasta,grocery,1,2.30,2.30
T100422,2026-01-25 19:41,C0824,tomato sauce,grocery,1,3.60,3.60
T100422,2026-01-25 19:41,C0824,dish soap,household,1,4.70,4.70
T100420,2026-01-25 20:51,C0237,croissant,bakery,2,1.80,3.60
T100451,2026-01-26 08:49,C0507,bananas,produce,1,2.10,2.10
T100451,2026-01-26 08:49,C0507,laundry detergent,household,1,14.20,14.20
T100451,2026-01-26 08:49,C0507,ice cream,frozen,1,6.50,6.50
T100451,2026-01-26 08:49,C0507,toothpaste,care,2,4.50,9.00
T100442,2026-01-26 09:00,C0856,pasta,grocery,1,2.30,2.30
T100442,2026-01-26 09:00,C0856,strawberry jam,grocery,1,4.10,4.10
T100442,2026-01-26 09:00,C0856,tomato sauce,grocery,1,3.60,3.60
T100442,2026-01-26 09:00,C0856,red wine,beverage,2,16.00,32.00
T100442,2026-01-26 09:00,C0856,toilet paper,household,1,11.90,11.90
T100442,2026-01-26 09:00,C0856,eggs,dairy,1,4.90,4.90
T100443,2026-01-26 09:44,,chocolate bar,snack,1,2.70,2.70
T100443,2026-01-26 09:44,,salsa,grocery,1,3.90,3.90
T100443,2026-01-26 09:44,,ground beef,meat,1,9.40,9.40
T100444,2026-01-26 11:38,C0221,coffee beans,grocery,1,12.50,12.50
T100444,2026-01-26 11:38,C0221,tea,grocery,1,6.40,6.40
T100444,2026-01-26 11:38,C0221,sugar,grocery,1,3.20,3.20
T100444,2026-01-26 11:38,C0221,white bread,bakery,1,2.90,2.90
T100448,2026-01-26 11:58,C0884,granola,grocery,1,6.20,6.20
T100448,2026-01-26 11:58,C0884,sparkling water,beverage,1,3.10,3.10
T100448,2026-01-26 11:58,C0884,olive oil,grocery,1,11.20,11.20
T100448,2026-01-26 11:58,C0884,tomato sauce,grocery,1,3.60,3.60
T100438,2026-01-26 12:27,C0087,strawberry jam,grocery,1,4.10,4.10
T100438,2026-01-26 12:27,C0087,yogurt,dairy,2,4.60,9.20
T100438,2026-01-26 12:27,C0087,laundry detergent,household,1,14.20,14.20
T100438,2026-01-26 12:27,C0087,trash bags,household,1,9.10,9.10
T100438,2026-01-26 12:27,C0087,dish soap,household,1,4.70,4.70
T100438,2026-01-26 12:27,C0087,toilet paper,household,1,11.90,11.90
T100438,2026-01-26 12:27,C0087,butter,dairy,1,5.20,5.20
T100438,2026-01-26 12:27,C0087,berries,produce,1,5.80,5.80
T100438,2026-01-26 12:27,C0087,paper towels,household,1,8.30,8.30
T100431,2026-01-26 12:41,C0882,strawberry jam,grocery,1,4.10,4.10
T100431,2026-01-26 12:41,C0882,beer,beverage,2,13.50,27.00
T100431,2026-01-26 12:41,C0882,tortilla chips,snack,1,4.20,4.20
T100431,2026-01-26 12:41,C0882,croissant,bakery,1,1.80,1.80
T100431,2026-01-26 12:41,C0882,white bread,bakery,1,2.90,2.90
T100433,2026-01-26 12:49,C0802,bananas,produce,1,2.10,2.10
T100433,2026-01-26 12:49,C0802,butter,dairy,1,5.20,5.20
T100433,2026-01-26 12:49,C0802,ground beef,meat,2,9.40,18.80
T100433,2026-01-26 12:49,C0802,sparkling water,beverage,1,3.10,3.10
T100433,2026-01-26 12:49,C0802,diapers,baby,1,24.90,24.90
T100433,2026-01-26 12:49,C0802,trash bags,household,1,9.10,9.10
T100433,2026-01-26 12:49,C0802,avocado,produce,3,2.20,6.60
T100433,2026-01-26 12:49,C0802,white bread,bakery,1,2.90,2.90
T100433,2026-01-26 12:49,C0802,eggs,dairy,3,4.90,14.70
T100440,2026-01-26 13:11,,BEER,beverage,1,13.50,13.50
T100445,2026-01-26 16:42,,ground beef,meat,3,9.40,28.20
T100445,2026-01-26 16:42,,pasta,grocery,1,2.30,2.30
T100445,2026-01-26 16:42,,shampoo,care,1,7.40,7.40
T100445,2026-01-26 16:42,,olive oil,grocery,1,11.20,11.20
T100445,2026-01-26 16:42,,toothpaste,care,2,4.50,9.00
T100432,2026-01-26 16:47,C0153,bananas,produce,1,2.10,2.10
T100432,2026-01-26 16:47,C0153,laundry detergent,household,1,14.20,14.20
T100432,2026-01-26 16:47,C0153,ice cream,frozen,1,6.50,6.50
T100432,2026-01-26 16:47,C0153,toilet paper,household,1,11.90,11.90
T100450,2026-01-26 16:49,,tea,grocery,3,6.40,19.20
T100450,2026-01-26 16:49,,peanuts,snack,1,4.80,4.80
T100450,2026-01-26 16:49,,salsa,grocery,1,3.90,3.90
T100450,2026-01-26 16:49,,milk 2%,dairy,1,3.80,3.80
T100450,2026-01-26 16:49,,tortilla chips,snack,1,4.20,4.20
T100450,2026-01-26 16:49,,croissant,bakery,1,1.80,1.80
T100450,2026-01-26 16:49,,chocolate bar,snack,1,2.70,2.70
T100450,2026-01-26 16:49,,beer,beverage,1,13.50,13.50
T100450,2026-01-26 16:49,,berries,produce,1,5.80,5.80
T100452,2026-01-26 16:55,,strawberry jam,grocery,1,4.10,4.10
T100452,2026-01-26 16:55,,white bread,bakery,1,2.90,2.90
T100452,2026-01-26 16:55,,butter,dairy,1,5.20,5.20
T100452,2026-01-26 16:55,,coffee beans,grocery,1,12.50,12.50
T100452,2026-01-26 16:55,,lemon,produce,1,0.90,0.90
T100453,2026-01-26 17:23,C0435,granola,grocery,2,6.20,12.40
T100453,2026-01-26 17:23,C0435,butter,dairy,1,5.20,5.20
T100449,2026-01-26 18:04,C0372,peanut butter,grocery,3,5.60,16.80
T100449,2026-01-26 18:04,C0372,tortilla chips,snack,1,4.20,4.20
T100449,2026-01-26 18:04,C0372,sugar,grocery,1,3.20,3.20
T100449,2026-01-26 18:04,C0372,beer,beverage,3,13.50,40.50
T100449,2026-01-26 18:04,C0372,salsa,grocery,1,3.90,3.90
T100449,2026-01-26 18:04,C0372,olive oil,grocery,1,11.20,11.20
T100437,2026-01-26 18:54,C0078,yogurt,dairy,1,4.60,4.60
T100437,2026-01-26 18:54,C0078,bacon,meat,1,7.80,7.80
T100437,2026-01-26 18:54,C0078,parmesan,dairy,1,8.90,8.90
T100437,2026-01-26 18:54,C0078,white bread,bakery,1,2.90,2.90
T100437,2026-01-26 18:54,C0078,tomato sauce,grocery,2,3.60,7.20
T100437,2026-01-26 18:54,C0078,pasta,grocery,1,2.30,2.30
T100437,2026-01-26 18:54,C0078,red wine,beverage,1,16.00,16.00
T100437,2026-01-26 18:54,C0078,ground beef,meat,1,9.40,9.40
T100434,2026-01-26 19:10,C0210,croissant,bakery,1,1.80,1.80
T100434,2026-01-26 19:10,C0210,milk 2%,dairy,1,3.80,3.80
T100434,2026-01-26 19:10,C0210,coffee beans,grocery,2,12.50,25.00
T100434,2026-01-26 19:10,C0210,sugar,grocery,1,3.20,3.20
T100434,2026-01-26 19:10,C0210,chocolate bar,snack,1,2.70,2.70
T100441,2026-01-26 19:14,C0501,peanuts,snack,1,4.80,4.80
T100441,2026-01-26 19:14,C0501,beer,beverage,1,13.50,13.50
T100441,2026-01-26 19:14,C0501,salsa,grocery,1,3.90,3.90
T100441,2026-01-26 19:14,C0501,avocado,produce,1,2.20,2.20
T100447,2026-01-26 19:20,C0760,berries,produce,1,5.80,5.80
T100447,2026-01-26 19:20,C0760,bananas,produce,1,2.10,2.10
T100447,2026-01-26 19:20,C0760,butter,dairy,1,5.20,5.20
T100447,2026-01-26 19:20,C0760,shampoo,care,2,7.40,14.80
T100447,2026-01-26 19:20,C0760,yogurt,dairy,1,4.60,4.60
T100447,2026-01-26 19:20,C0760,diapers,baby,1,24.90,24.90
T100447,2026-01-26 19:20,C0760,toothpaste,care,1,4.50,4.50
T100439,2026-01-26 19:28,,peanut butter,grocery,1,5.60,5.60
T100439,2026-01-26 19:28,,paper towels,household,3,8.30,24.90
T100439,2026-01-26 19:28,,bananas,produce,1,2.10,2.10
T100439,2026-01-26 19:28,,apples,produce,1,4.30,4.30
T100436,2026-01-26 20:02,,granola,grocery,1,6.20,6.20
T100436,2026-01-26 20:02,,berries,produce,1,5.80,5.80
T100436,2026-01-26 20:02,,yogurt,dairy,1,4.60,4.60
T100446,2026-01-26 20:11,,granola,grocery,1,6.20,6.20
T100446,2026-01-26 20:11,,pasta,grocery,1,2.30,2.30
T100446,2026-01-26 20:11,,tomato sauce,grocery,1,3.60,3.60
T100446,2026-01-26 20:11,,olive oil,grocery,1,11.20,11.20
T100446,2026-01-26 20:11,,parmesan,dairy,1,8.90,8.90
T100446,2026-01-26 20:11,,parmesan,dairy,1,8.90,8.90
T100435,2026-01-26 20:20,C0006,tomato sauce,grocery,1,3.60,3.60
T100435,2026-01-26 20:20,C0006,cucumber,produce,1,1.70,1.70
T100435,2026-01-26 20:20,C0006,parmesan,dairy,1,8.90,8.90
T100435,2026-01-26 20:20,C0006,olive oil,grocery,3,11.20,33.60
T100435,2026-01-26 20:20,C0006,ground beef,meat,3,9.40,28.20
T100435,2026-01-26 20:20,C0006,trash bags,household,1,9.10,9.10
T100435,2026-01-26 20:20,C0006,beer,beverage,1,13.50,13.50
T100435,2026-01-26 20:20,C0006,pasta,grocery,3,2.30,6.90
T100459,2026-01-27 08:56,,whole wheat bread,bakery,1,3.40,3.40
T100459,2026-01-27 08:56,,tomatoes,produce,1,3.90,3.90
T100459,2026-01-27 08:56,,eggs,dairy,1,4.90,4.90
T100459,2026-01-27 08:56,,croissant,bakery,2,1.80,3.60
T100460,2026-01-27 09:28,C0315,lemon,produce,1,0.90,0.90
T100460,2026-01-27 09:28,C0315,salmon,fish,1,15.90,15.90
T100460,2026-01-27 09:28,C0315,red wine,beverage,2,16.00,32.00
T100460,2026-01-27 09:28,C0315,olive oil,grocery,1,11.20,11.20
T100460,2026-01-27 09:28,C0315,peanuts,snack,1,4.80,4.80
T100460,2026-01-27 09:28,C0315,chicken breast,meat,1,12.80,12.80
T100457,2026-01-27 10:27,C0276,tea,grocery,1,6.40,6.40
T100457,2026-01-27 10:27,C0276,berries,produce,2,5.80,11.60
T100457,2026-01-27 10:27,C0276,red wine,beverage,3,16.00,48.00
T100457,2026-01-27 10:27,C0276,shampoo,care,1,7.40,7.40
T100457,2026-01-27 10:27,C0276,conditioner,care,3,7.40,22.20
T100471,2026-01-27 10:36,C0189,baby wipes,baby,1,6.70,6.70
T100471,2026-01-27 10:36,C0189,dish soap,household,1,4.70,4.70
T100471,2026-01-27 10:36,C0189,milk 2%,dairy,1,3.80,3.80
T100471,2026-01-27 10:36,C0189,strawberry jam,grocery,1,4.10,4.10
T100471,2026-01-27 10:36,C0189,diapers,baby,2,24.90,49.80
T100461,2026-01-27 11:02,C0432,apples,produce,1,4.30,4.30
T100461,2026-01-27 11:02,C0432,yogurt,dairy,1,4.60,4.60
T100461,2026-01-27 11:02,C0432,tomato sauce,grocery,1,3.60,3.60
T100461,2026-01-27 11:02,C0432,lettuce,produce,2,2.60,5.20
T100461,2026-01-27 11:02,C0432,granola,grocery,1,6.20,6.20
T100461,2026-01-27 11:02,C0432,avocado,produce,1,2.20,2.20
T100473,2026-01-27 11:13,C0850,bacon,meat,1,7.80,7.80
T100473,2026-01-27 11:13,C0850,salmon,fish,3,15.90,47.70
T100473,2026-01-27 11:13,C0850,laundry detergent,household,1,14.20,14.20
T100473,2026-01-27 11:13,C0850,red wine,beverage,1,16.00,16.00
T100473,2026-01-27 11:13,C0850,olive oil,grocery,1,11.20,11.20
T100455,2026-01-27 11:47,,granola,grocery,1,6.20,6.20
T100455,2026-01-27 11:47,,tomato sauce,grocery,3,3.60,10.80
T100455,2026-01-27 11:47,,milk 2%,dairy,1,3.80,3.80
T100455,2026-01-27 11:47,,salmon,fish,2,15.90,31.80
T100455,2026-01-27 11:47,,olive oil,grocery,2,11.20,22.40
T100455,2026-01-27 11:47,,red wine,beverage,1,16.00,16.00
T100455,2026-01-27 11:47,,lemon,produce,1,0.90,0.90
T100472,2026-01-27 12:16,C0465,tortilla chips,snack,1,4.20,4.20
T100472,2026-01-27 12:16,C0465,beer,beverage,2,13.50,27.00
T100472,2026-01-27 12:16,C0465,tomatoes,produce,1,3.90,3.90
T100472,2026-01-27 12:16,C0465,pasta,grocery,1,2.30,2.30
T100472,2026-01-27 12:16,C0465,croissant,bakery,3,1.80,5.40
T100472,2026-01-27 12:16,C0465,peanuts,snack,1,4.80,4.80
T100472,2026-01-27 12:16,C0465,berries,produce,1,5.80,5.80
T100472,2026-01-27 12:16,C0465,eggs,dairy,1,4.90,4.90
T100463,2026-01-27 13:15,,berries,produce,1,5.80,5.80
T100463,2026-01-27 13:15,,yogurt,dairy,1,4.60,4.60
T100463,2026-01-27 13:15,,bananas,produce,1,2.10,2.10
T100463,2026-01-27 13:15,,coffee beans,grocery,1,12.50,12.50
T100463,2026-01-27 13:15,,red wine,beverage,1,16.00,16.00
T100458,2026-01-27 13:53,C0343,sugar,grocery,1,3.20,3.20
T100458,2026-01-27 13:53,C0343,chocolate bar,snack,1,2.70,2.70
T100458,2026-01-27 13:53,C0343,pasta,grocery,1,2.30,2.30
T100458,2026-01-27 13:53,C0343,coffee beans,grocery,1,12.50,12.50
T100466,2026-01-27 16:22,C0720,chicken breast,meat,1,12.80,12.80
T100466,2026-01-27 16:22,C0720,toilet paper,household,1,11.90,11.90
T100466,2026-01-27 16:22,C0720,laundry detergent,household,3,14.20,42.60
T100466,2026-01-27 16:22,C0720,peanuts,snack,1,4.80,4.80
T100466,2026-01-27 16:22,C0720,pasta,grocery,3,2.30,6.90
T100466,2026-01-27 16:22,C0720,coffee beans,grocery,1,12.50,12.50
T100462,2026-01-27 17:00,,yogurt,dairy,1,4.60,4.60
T100462,2026-01-27 17:00,,granola,grocery,1,6.20,6.20
T100462,2026-01-27 17:00,,avocado,produce,1,2.20,2.20
T100462,2026-01-27 17:00,,ground beef,meat,1,9.40,9.40
T100462,2026-01-27 17:00,,berries,produce,1,5.80,5.80
T100462,2026-01-27 17:00,,red wine,beverage,1,16.00,16.00
T100456,2026-01-27 17:19,C0806,ground beef,meat,3,9.40,28.20
T100456,2026-01-27 17:19,C0806,olive oil,grocery,1,11.20,11.20
T100456,2026-01-27 17:19,C0806,conditioner,care,1,7.40,7.40
T100456,2026-01-27 17:19,C0806,shampoo,care,1,7.40,7.40
T100474,2026-01-27 17:42,,peanuts,snack,1,4.80,4.80
T100474,2026-01-27 17:42,,granola,grocery,1,6.20,6.20
T100474,2026-01-27 17:42,,salmon,fish,1,15.90,15.90
T100474,2026-01-27 17:42,,conditioner,care,1,7.40,7.40
T100469,2026-01-27 17:48,C0750,croissant,bakery,1,1.80,1.80
T100469,2026-01-27 17:48,C0750,ground beef,meat,1,9.40,9.40
T100469,2026-01-27 17:48,C0750,pasta,grocery,1,2.30,2.30
T100469,2026-01-27 17:48,C0750,bananas,produce,1,2.10,2.10
T100469,2026-01-27 17:48,C0750,olive oil,grocery,1,11.20,11.20
T100469,2026-01-27 17:48,C0750,sparkling water,beverage,1,3.10,3.10
T100469,2026-01-27 17:48,C0750,parmesan,dairy,3,8.90,26.70
T100469,2026-01-27 17:48,C0750,eggs,dairy,1,4.90,4.90
T100469,2026-01-27 17:48,C0750,toothpaste,care,1,4.50,4.50
T100454,2026-01-27 18:15,,baby formula,baby,1,28.50,28.50
T100454,2026-01-27 18:15,,parmesan,dairy,3,8.90,26.70
T100454,2026-01-27 18:15,,tea,grocery,1,6.40,6.40
T100454,2026-01-27 18:15,,diapers,baby,1,24.90,24.90
T100454,2026-01-27 18:15,,beer,beverage,2,13.50,27.00
T100470,2026-01-27 18:39,C0601,coffee beans,grocery,1,12.50,12.50
T100470,2026-01-27 18:39,C0601,lettuce,produce,1,2.60,2.60
T100475,2026-01-27 18:43,C0233,sparkling water,beverage,2,3.10,6.20
T100475,2026-01-27 18:43,C0233,tomato sauce,grocery,1,3.60,3.60
T100475,2026-01-27 18:43,C0233,pasta,grocery,1,2.30,2.30
T100475,2026-01-27 18:43,C0233,red wine,beverage,1,16.00,16.00
T100465,2026-01-27 19:13,C0021,conditioner,care,1,7.40,7.40
T100465,2026-01-27 19:13,C0021,diapers,baby,1,24.90,24.90
T100465,2026-01-27 19:13,C0021,salsa,grocery,1,3.90,3.90
T100465,2026-01-27 19:13,C0021,beer,beverage,1,13.50,13.50
T100465,2026-01-27 19:13,C0021,peanuts,snack,2,4.80,9.60
T100465,2026-01-27 19:13,C0021,baby wipes,baby,1,6.70,6.70
T100467,2026-01-27 19:32,,beer,beverage,1,13.50,13.50
T100467,2026-01-27 19:32,,pasta,grocery,1,2.30,2.30
T100467,2026-01-27 19:32,,salsa,grocery,1,3.90,3.90
T100467,2026-01-27 19:32,,baby wipes,baby,3,6.70,20.10
T100467,2026-01-27 19:32,,tortilla chips,snack,1,4.20,4.20
T100467,2026-01-27 19:32,,chocolate bar,snack,1,2.70,2.70
T100467,2026-01-27 19:32,,peanuts,snack,1,4.80,4.80
T100464,2026-01-27 20:03,,eggs,dairy,1,4.90,4.90
T100464,2026-01-27 20:03,,tortilla chips,snack,1,4.20,4.20
T100464,2026-01-27 20:03,,white bread,bakery,2,2.90,5.80
T100468,2026-01-27 20:17,C0201,conditioner,care,1,7.40,7.40
T100468,2026-01-27 20:17,C0201,croissant,bakery,1,1.80,1.80
T100491,2026-01-28 08:42,C0548,red wine,beverage,1,16.00,16.00
T100491,2026-01-28 08:42,C0548,tomato sauce,grocery,1,3.60,3.60
T100491,2026-01-28 08:42,C0548,parmesan,dairy,1,8.90,8.90
T100491,2026-01-28 08:42,C0548,pasta,grocery,1,2.30,2.30
T100480,2026-01-28 09:14,,olive oil,grocery,1,11.20,11.20
T100480,2026-01-28 09:14,,coffee beans,grocery,3,12.50,37.50
T100480,2026-01-28 09:14,,paper towels,household,1,8.30,8.30
T100480,2026-01-28 09:14,,bacon,meat,1,7.80,7.80
T100480,2026-01-28 09:14,,milk 2%,dairy,1,3.80,3.80
T100480,2026-01-28 09:14,,orange juice,beverage,1,4.40,4.40
T100480,2026-01-28 09:14,,sugar,grocery,1,3.20,3.20
T100494,2026-01-28 09:46,,butter,dairy,1,5.20,5.20
T100494,2026-01-28 09:46,,white bread,bakery,2,2.90,5.80
T100494,2026-01-28 09:46,,tomatoes,produce,1,3.90,3.90
T100494,2026-01-28 09:46,,red wine,beverage,1,16.00,16.00
T100482,2026-01-28 10:18,C0016,baby wipes,baby,1,6.70,6.70
T100482,2026-01-28 10:18,C0016,baby formula,baby,1,28.50,28.50
T100482,2026-01-28 10:18,C0016,diapers,baby,1,24.90,24.90
T100482,2026-01-28 10:18,C0016,sugar,grocery,1,3.20,3.20
T100486,2026-01-28 10:31,C0148,granola,grocery,1,6.20,6.20
T100486,2026-01-28 10:31,C0148,olive oil,grocery,1,11.20,11.20
T100486,2026-01-28 10:31,C0148,coffee beans,grocery,1,12.50,12.50
T100486,2026-01-28 10:31,C0148,milk 2%,dairy,1,3.80,3.80
T100486,2026-01-28 10:31,C0148,conditioner,care,1,7.40,7.40
T100486,2026-01-28 10:31,C0148,sugar,grocery,1,3.20,3.20
T100486,2026-01-28 10:31,C0148,trash bags,household,2,9.10,18.20
T100486,2026-01-28 10:31,C0148,croissant,bakery,1,1.80,1.80
T100478,2026-01-28 10:43,,frozen pizza,frozen,1,7.20,7.20
T100478,2026-01-28 10:43,,toilet paper,household,1,11.90,11.90
T100478,2026-01-28 10:43,,paper towels,household,1,8.30,8.30
T100478,2026-01-28 10:43,,white bread,bakery,1,2.90,2.90
T100478,2026-01-28 10:43,,trash bags,household,1,9.10,9.10
T100478,2026-01-28 10:43,,eggs,dairy,1,4.90,4.90
T100478,2026-01-28 10:43,,pasta,grocery,1,2.30,2.30
T100479,2026-01-28 10:44,,baby formula,baby,1,28.50,28.50
T100479,2026-01-28 10:44,,yogurt,dairy,1,4.60,4.60
T100479,2026-01-28 10:44,,tomatoes,produce,1,3.90,3.90
T100479,2026-01-28 10:44,,shampoo,care,1,7.40,7.40
T100479,2026-01-28 10:44,,tortilla chips,snack,1,4.20,4.20
T100479,2026-01-28 10:44,,pasta,grocery,1,2.30,2.30
T100479,2026-01-28 10:44,,peanuts,snack,3,4.80,14.40
T100479,2026-01-28 10:44,,trash bags,household,3,9.10,27.30
T100479,2026-01-28 10:44,,beer,beverage,3,13.50,40.50
T100485,2026-01-28 11:13,C0519,strawberry jam,grocery,1,4.10,4.10
T100485,2026-01-28 11:13,C0519,tomatoes,produce,1,3.90,3.90
T100485,2026-01-28 11:13,C0519,toilet paper,household,1,11.90,11.90
T100485,2026-01-28 11:13,C0519,shampoo,care,1,7.40,7.40
T100485,2026-01-28 11:13,C0519,butter,dairy,1,5.20,5.20
T100485,2026-01-28 11:13,C0519,cucumber,produce,1,1.70,1.70
T100485,2026-01-28 11:13,C0519,sparkling water,beverage,1,3.10,3.10
T100485,2026-01-28 11:13,C0519,paper towels,household,3,8.30,24.90
T100492,2026-01-28 12:05,C0294,tea,grocery,1,6.40,6.40
T100492,2026-01-28 12:05,C0294,coffee beans,grocery,1,12.50,12.50
T100492,2026-01-28 12:05,C0294,butter,dairy,1,5.20,5.20
T100492,2026-01-28 12:05,C0294,bacon,meat,1,7.80,7.80
T100492,2026-01-28 12:05,C0294,tomatoes,produce,1,3.90,3.90
T100492,2026-01-28 12:05,C0294,lemon,produce,2,0.90,1.80
T100492,2026-01-28 12:05,C0294,croissant,bakery,1,1.80,1.80
T100492,2026-01-28 12:05,C0294,milk 2%,dairy,1,3.80,3.80
T100492,2026-01-28 12:05,C0294,peanuts,snack,1,4.80,4.80
T100493,2026-01-28 12:08,C0601,lemon,produce,1,0.90,0.90
T100493,2026-01-28 12:08,C0601,yogurt,dairy,1,4.60,4.60
T100493,2026-01-28 12:08,C0601,granola,grocery,1,6.20,6.20
T100493,2026-01-28 12:08,C0601,berries,produce,1,5.80,5.80
T100487,2026-01-28 12:25,,lemon,produce,1,0.90,0.90
T100487,2026-01-28 12:25,,salmon,fish,1,15.90,15.90
T100487,2026-01-28 12:25,,tomatoes,produce,1,3.90,3.90
T100489,2026-01-28 16:08,,beer,beverage,1,13.50,13.50
T100489,2026-01-28 16:08,,croissant,bakery,1,1.80,1.80
T100489,2026-01-28 16:08,,parmesan,dairy,1,8.90,8.90
T100489,2026-01-28 16:08,,tomato sauce,grocery,3,3.60,10.80
T100489,2026-01-28 16:08,,bacon,meat,1,7.80,7.80
T100489,2026-01-28 16:08,,strawberry jam,grocery,1,4.10,4.10
T100483,2026-01-28 17:11,C0614,cucumber,produce,1,1.70,1.70
T100483,2026-01-28 17:11,C0614,bacon,meat,1,7.80,7.80
T100483,2026-01-28 17:11,C0614,sparkling water,beverage,1,3.10,3.10
T100483,2026-01-28 17:11,C0614,tea,grocery,1,6.40,6.40
T100483,2026-01-28 17:11,C0614,olive oil,grocery,1,11.20,11.20
T100483,2026-01-28 17:11,C0614,granola,grocery,1,6.20,6.20
T100483,2026-01-28 17:11,C0614,salmon,fish,1,15.90,15.90
T100483,2026-01-28 17:11,C0614,diapers,baby,1,24.90,24.90
T100481,2026-01-28 17:48,C0244,pasta,grocery,1,2.30,2.30
T100481,2026-01-28 17:48,C0244,ground beef,meat,1,9.40,9.40
T100481,2026-01-28 17:48,C0244,shampoo,care,1,7.40,7.40
T100481,2026-01-28 17:48,C0244,tomato sauce,grocery,1,3.60,3.60
T100496,2026-01-28 18:03,,lemon,produce,1,0.90,0.90
T100496,2026-01-28 18:03,,avocado,produce,1,2.20,2.20
T100496,2026-01-28 18:03,,berries,produce,3,5.80,17.40
T100496,2026-01-28 18:03,,tomato sauce,grocery,2,3.60,7.20
T100496,2026-01-28 18:03,,bananas,produce,1,2.10,2.10
T100496,2026-01-28 18:03,,yogurt,dairy,1,4.60,4.60
T100496,2026-01-28 18:03,,peanuts,snack,1,4.80,4.80
T100497,2026-01-28 18:04,C0786,salsa,grocery,1,3.90,3.90
T100497,2026-01-28 18:04,C0786,berries,produce,1,5.80,5.80
T100497,2026-01-28 18:04,C0786,peanuts,snack,1,4.80,4.80
T100497,2026-01-28 18:04,C0786,apples,produce,1,4.30,4.30
T100497,2026-01-28 18:04,C0786,coffee beans,grocery,1,12.50,12.50
T100497,2026-01-28 18:04,C0786,beer,beverage,2,13.50,27.00
T100484,2026-01-28 18:05,,toilet paper,household,1,11.90,11.90
T100484,2026-01-28 18:05,,paper towels,household,1,8.30,8.30
T100476,2026-01-28 18:33,,apples,produce,1,4.30,4.30
T100476,2026-01-28 18:33,,white bread,bakery,1,2.90,2.90
T100476,2026-01-28 18:33,,dish soap,household,1,4.70,4.70
T100476,2026-01-28 18:33,,butter,dairy,1,5.20,5.20
T100476,2026-01-28 18:33,,coffee beans,grocery,1,12.50,12.50
T100476,2026-01-28 18:33,,strawberry jam,grocery,1,4.10,4.10
T100476,2026-01-28 18:33,,milk 2%,dairy,1,3.80,3.80
T100476,2026-01-28 18:33,,red wine,beverage,1,16.00,16.00
T100477,2026-01-28 18:35,,yogurt,dairy,1,4.60,4.60
T100477,2026-01-28 18:35,,avocado,produce,1,2.20,2.20
T100477,2026-01-28 18:35,,milk 2%,dairy,1,3.80,3.80
T100477,2026-01-28 18:35,,cucumber,produce,1,1.70,1.70
T100477,2026-01-28 18:35,,granola,grocery,1,6.20,6.20
T100490,2026-01-28 19:25,C0889,strawberry jam,grocery,1,4.10,4.10
T100490,2026-01-28 19:25,C0889,milk 2%,dairy,1,3.80,3.80
T100490,2026-01-28 19:25,C0889,diapers,baby,1,24.90,24.90
T100495,2026-01-28 19:30,C0436,red wine,beverage,1,16.00,16.00
T100495,2026-01-28 19:30,C0436,parmesan,dairy,1,8.90,8.90
T100495,2026-01-28 19:30,C0436,strawberry jam,grocery,3,4.10,12.30
T100495,2026-01-28 19:30,C0436,pasta,grocery,1,2.30,2.30
T100495,2026-01-28 19:30,C0436,olive oil,grocery,1,11.20,11.20
T100495,2026-01-28 19:30,C0436,tomato sauce,grocery,1,3.60,3.60
T100495,2026-01-28 19:30,C0436,baby formula,baby,1,28.50,28.50
T100516,2026-01-29 09:53,,coffee beans,grocery,1,12.50,12.50
T100516,2026-01-29 09:53,,frozen pizza,frozen,1,7.20,7.20
T100516,2026-01-29 09:53,,avocado,produce,1,2.20,2.20
T100516,2026-01-29 09:53,,granola,grocery,1,6.20,6.20
T100516,2026-01-29 09:53,,bananas,produce,1,2.10,2.10
T100516,2026-01-29 09:53,,berries,produce,1,5.80,5.80
T100516,2026-01-29 09:53,,baby wipes,baby,1,6.70,6.70
T100500,2026-01-29 10:51,C0375,salmon,fish,1,15.90,15.90
T100500,2026-01-29 10:51,C0375,red wine,beverage,1,16.00,16.00
T100499,2026-01-29 11:20,C0495,red wine,beverage,1,16.00,16.00
T100499,2026-01-29 11:20,C0495,granola,grocery,1,6.20,6.20
T100499,2026-01-29 11:20,C0495,parmesan,dairy,1,8.90,8.90
T100499,2026-01-29 11:20,C0495,croissant,bakery,1,1.80,1.80
T100499,2026-01-29 11:20,C0495,peanuts,snack,1,4.80,4.80
T100499,2026-01-29 11:20,C0495,pasta,grocery,1,2.30,2.30
T100499,2026-01-29 11:20,C0495,diapers,baby,1,24.90,24.90
T100499,2026-01-29 11:20,C0495,bacon,meat,1,7.80,7.80
T100499,2026-01-29 11:20,C0495,ground beef,meat,1,9.40,9.40
T100499,2026-01-29 11:20,C0495,ice cream,frozen,1,6.50,6.50
T100499,2026-01-29 11:20,C0495,tomato sauce,grocery,1,3.60,3.60
T100515,2026-01-29 11:47,,tortilla chips,snack,1,4.20,4.20
T100515,2026-01-29 11:47,,peanuts,snack,3,4.80,14.40
T100515,2026-01-29 11:47,,red wine,beverage,1,16.00,16.00
T100515,2026-01-29 11:47,,parmesan,dairy,1,8.90,8.90
T100515,2026-01-29 11:47,,chocolate bar,snack,1,2.70,2.70
T100515,2026-01-29 11:47,,salsa,grocery,1,3.90,3.90
T100515,2026-01-29 11:47,,beer,beverage,1,13.50,13.50
T100506,2026-01-29 11:48,C0288,tortilla chips,snack,1,4.20,4.20
T100506,2026-01-29 11:48,C0288,dish soap,household,1,4.70,4.70
T100506,2026-01-29 11:48,C0288,diapers,baby,1,24.90,24.90
T100506,2026-01-29 11:48,C0288,beer,beverage,1,13.50,13.50
T100510,2026-01-29 11:48,C0381,lemon,produce,1,0.90,0.90
T100510,2026-01-29 11:48,C0381,cucumber,produce,1,1.70,1.70
T100510,2026-01-29 11:48,C0381,berries,produce,1,5.80,5.80
T100510,2026-01-29 11:48,C0381,olive oil,grocery,1,11.20,11.20
T100510,2026-01-29 11:48,C0381,salmon,fish,2,15.90,31.80
T100510,2026-01-29 11:48,C0381,trash bags,household,1,9.10,9.10
T100514,2026-01-29 12:10,,bananas,produce,2,2.10,4.20
T100514,2026-01-29 12:10,,strawberry jam,grocery,3,4.10,12.30
T100514,2026-01-29 12:10,,shampoo,care,1,7.40,7.40
T100514,2026-01-29 12:10,,avocado,produce,1,2.20,2.20
T100514,2026-01-29 12:10,,diapers,baby,1,24.90,24.90
T100514,2026-01-29 12:10,,yogurt,dairy,2,4.60,9.20
T100514,2026-01-29 12:10,,granola,grocery,1,6.20,6.20
T100508,2026-01-29 12:26,C0159,red wine,beverage,1,16.00,16.00
T100508,2026-01-29 12:26,C0159,apples,produce,1,4.30,4.30
T100508,2026-01-29 12:26,C0159,tomatoes,produce,3,3.90,11.70
T100508,2026-01-29 12:26,C0159,salmon,fish,1,15.90,15.90
T100508,2026-01-29 12:26,C0159,lemon,produce,2,0.90,1.80
T100508,2026-01-29 12:26,C0159,butter,dairy,1,5.20,5.20
T100513,2026-01-29 13:38,C0282,baby formula,baby,1,28.50,28.50
T100513,2026-01-29 13:38,C0282,pasta,grocery,1,2.30,2.30
T100504,2026-01-29 13:50,,salsa,grocery,1,3.90,3.90
T100504,2026-01-29 13:50,,peanuts,snack,1,4.80,4.80
T100504,2026-01-29 13:50,,paper towels,household,1,8.30,8.30
T100504,2026-01-29 13:50,,sparkling water,beverage,1,3.10,3.10
T100504,2026-01-29 13:50,,tortilla chips,snack,1,4.20,4.20
T100504,2026-01-29 13:50,,chocolate bar,snack,3,2.70,8.10
T100504,2026-01-29 13:50,,tomatoes,produce,1,3.90,3.90
T100518,2026-01-29 16:26,C0159,coffee beans,grocery,1,12.50,12.50
T100518,2026-01-29 16:26,C0159,sugar,grocery,1,3.20,3.20
T100511,2026-01-29 16:53,C0703,laundry detergent,household,1,14.20,14.20
T100511,2026-01-29 16:53,C0703,yogurt,dairy,1,4.60,4.60
T100511,2026-01-29 16:53,C0703,avocado,produce,1,2.20,2.20
T100511,2026-01-29 16:53,C0703,coffee beans,grocery,2,12.50,25.00
T100511,2026-01-29 16:53,C0703,peanut butter,grocery,1,5.60,5.60
T100511,2026-01-29 16:53,C0703,berries,produce,1,5.80,5.80
T100498,2026-01-29 16:56,C0623,tea,grocery,3,6.40,19.20
T100498,2026-01-29 16:56,C0623,baby wipes,baby,1,6.70,6.70
T100498,2026-01-29 16:56,C0623,chocolate bar,snack,1,2.70,2.70
T100498,2026-01-29 16:56,C0623,dish soap,household,1,4.70,4.70
T100498,2026-01-29 16:56,C0623,tortilla chips,snack,1,4.20,4.20
T100498,2026-01-29 16:56,C0623,diapers,baby,2,24.90,49.80
T100512,2026-01-29 17:00,C0763,ground beef,meat,3,9.40,28.20
T100512,2026-01-29 17:00,C0763,yogurt,dairy,1,4.60,4.60
T100512,2026-01-29 17:00,C0763,trash bags,household,1,9.10,9.10
T100512,2026-01-29 17:00,C0763,dish soap,household,1,4.70,4.70
T100503,2026-01-29 17:37,C0198,trash bags,household,2,9.10,18.20
T100503,2026-01-29 17:37,C0198,paper towels,household,1,8.30,8.30
T100503,2026-01-29 17:37,C0198,toilet paper,household,1,11.90,11.90
T100503,2026-01-29 17:37,C0198,apples,produce,1,4.30,4.30
T100503,2026-01-29 17:37,C0198,toilet paper,household,1,11.90,11.90
T100505,2026-01-29 17:53,C0699,milk 2%,dairy,1,3.80,3.80
T100505,2026-01-29 17:53,C0699,salsa,grocery,1,3.90,3.90
T100505,2026-01-29 17:53,C0699,sugar,grocery,1,3.20,3.20
T100505,2026-01-29 17:53,C0699,white bread,bakery,3,2.90,8.70
T100505,2026-01-29 17:53,C0699,strawberry jam,grocery,2,4.10,8.20
T100505,2026-01-29 17:53,C0699,tortilla chips,snack,3,4.20,12.60
T100505,2026-01-29 17:53,C0699,parmesan,dairy,1,8.90,8.90
T100505,2026-01-29 17:53,C0699,butter,dairy,1,5.20,5.20
T100505,2026-01-29 17:53,C0699,diapers,baby,1,24.90,24.90
T100505,2026-01-29 17:53,C0699,coffee beans,grocery,1,12.50,12.50
T100509,2026-01-29 18:28,C0514,diapers,baby,2,24.90,49.80
T100509,2026-01-29 18:28,C0514,red wine,beverage,1,16.00,16.00
T100509,2026-01-29 18:28,C0514,tea,grocery,1,6.40,6.40
T100509,2026-01-29 18:28,C0514,baby formula,baby,1,28.50,28.50
T100509,2026-01-29 18:28,C0514,paper towels,household,1,8.30,8.30
T100509,2026-01-29 18:28,C0514,lettuce,produce,3,2.60,7.80
T100509,2026-01-29 18:28,C0514,baby wipes,baby,1,6.70,6.70
T100501,2026-01-29 18:48,,pasta,grocery,1,2.30,2.30
T100501,2026-01-29 18:48,,milk 2%,dairy,1,3.80,3.80
T100501,2026-01-29 18:48,,white bread,bakery,1,2.90,2.90
T100502,2026-01-29 19:05,C0445,salmon,fish,1,15.90,15.90
T100502,2026-01-29 19:05,C0445,baby formula,baby,1,28.50,28.50
T100502,2026-01-29 19:05,C0445,tomato sauce,grocery,3,3.60,10.80
T100502,2026-01-29 19:05,C0445,lemon,produce,1,0.90,0.90
T100502,2026-01-29 19:05,C0445,olive oil,grocery,2,11.20,22.40
T100502,2026-01-29 19:05,C0445,laundry detergent,household,1,14.20,14.20
T100502,2026-01-29 19:05,C0445,ground beef,meat,1,9.40,9.40
T100502,2026-01-29 19:05,C0445,whole wheat bread,bakery,1,3.40,3.40
T100502,2026-01-29 19:05,C0445,berries,produce,1,5.80,5.80
T100502,2026-01-29 19:05,C0445,white bread,bakery,1,2.90,2.90
T100502,2026-01-29 19:05,C0445,trash bags,household,1,9.10,9.10
T100502,2026-01-29 19:05,C0445,eggs,dairy,2,4.90,9.80
T100507,2026-01-29 19:09,,toothpaste,care,1,4.50,4.50
T100507,2026-01-29 19:09,,conditioner,care,1,7.40,7.40
T100507,2026-01-29 19:09,,shampoo,care,2,7.40,14.80
T100507,2026-01-29 19:09,,baby formula,baby,1,28.50,28.50
T100517,2026-01-29 20:51,C0132,yogurt,dairy,1,4.60,4.60
T100517,2026-01-29 20:51,C0132,tortilla chips,snack,1,4.20,4.20
T100517,2026-01-29 20:51,C0132,lettuce,produce,1,2.60,2.60
T100517,2026-01-29 20:51,C0132,bananas,produce,1,2.10,2.10
T100517,2026-01-29 20:51,C0132,tea,grocery,1,6.40,6.40
T100517,2026-01-29 20:51,C0132,berries,produce,3,5.80,17.40
T100517,2026-01-29 20:51,C0132,granola,grocery,1,6.20,6.20
T100521,2026-01-30 08:51,,paper towels,household,3,8.30,24.90
T100521,2026-01-30 08:51,,laundry detergent,household,1,14.20,14.20
T100521,2026-01-30 08:51,,toilet paper,household,1,11.90,11.90
T100529,2026-01-30 09:48,C0889,sugar,grocery,1,3.20,3.20
T100529,2026-01-30 09:48,C0889,milk 2%,dairy,1,3.80,3.80
T100529,2026-01-30 09:48,C0889,croissant,bakery,1,1.80,1.80
T100529,2026-01-30 09:48,C0889,eggs,dairy,1,4.90,4.90
T100529,2026-01-30 09:48,C0889,coffee beans,grocery,1,12.50,12.50
T100529,2026-01-30 09:48,C0889,salsa,grocery,1,3.90,3.90
T100530,2026-01-30 10:44,C0835,yogurt,dairy,1,4.60,4.60
T100530,2026-01-30 10:44,C0835,strawberry jam,grocery,2,4.10,8.20
T100530,2026-01-30 10:44,C0835,bananas,produce,1,2.10,2.10
T100530,2026-01-30 10:44,C0835,coffee beans,grocery,1,12.50,12.50
T100520,2026-01-30 11:28,,SUGAR,grocery,1,3.20,3.20
T100520,2026-01-30 11:28,,coffee beans,grocery,1,12.50,12.50
T100528,2026-01-30 12:16,C0380,coffee beans,grocery,1,12.50,12.50
T100528,2026-01-30 12:16,C0380,shampoo,care,1,7.40,7.40
T100528,2026-01-30 12:16,C0380,milk 2%,dairy,3,3.80,11.40
T100528,2026-01-30 12:16,C0380,paper towels,household,1,8.30,8.30
T100528,2026-01-30 12:16,C0380,red wine,beverage,1,16.00,16.00
T100528,2026-01-30 12:16,C0380,pasta,grocery,1,2.30,2.30
T100528,2026-01-30 12:16,C0380,tomato sauce,grocery,1,3.60,3.60
T100524,2026-01-30 12:20,C0124,laundry detergent,household,2,14.20,28.40
T100524,2026-01-30 12:20,C0124,berries,produce,1,5.80,5.80
T100524,2026-01-30 12:20,C0124,lettuce,produce,1,2.60,2.60
T100524,2026-01-30 12:20,C0124,trash bags,household,2,9.10,18.20
T100524,2026-01-30 12:20,C0124,paper towels,household,1,8.30,8.30
T100535,2026-01-30 13:08,C0389,ice cream,frozen,2,6.50,13.00
T100535,2026-01-30 13:08,C0389,toilet paper,household,1,11.90,11.90
T100535,2026-01-30 13:08,C0389,tortilla chips,snack,1,4.20,4.20
T100535,2026-01-30 13:08,C0389,lettuce,produce,1,2.60,2.60
T100535,2026-01-30 13:08,C0389,eggs,dairy,1,4.90,4.90
T100535,2026-01-30 13:08,C0389,parmesan,dairy,1,8.90,8.90
T100535,2026-01-30 13:08,C0389,peanuts,snack,1,4.80,4.80
T100535,2026-01-30 13:08,C0389,laundry detergent,household,1,14.20,14.20
T100535,2026-01-30 13:08,C0389,paper towels,household,1,8.30,8.30
T100543,2026-01-30 13:39,C0323,shampoo,care,3,7.40,22.20
T100543,2026-01-30 13:39,C0323,olive oil,grocery,3,11.20,33.60
T100543,2026-01-30 13:39,C0323,tortilla chips,snack,1,4.20,4.20
T100543,2026-01-30 13:39,C0323,lemon,produce,1,0.90,0.90
T100543,2026-01-30 13:39,C0323,bacon,meat,3,7.80,23.40
T100543,2026-01-30 13:39,C0323,salmon,fish,1,15.90,15.90
T100543,2026-01-30 13:39,C0323,paper towels,household,2,8.30,16.60
T100536,2026-01-30 13:47,C0551,milk 2%,dairy,1,3.80,3.80
T100536,2026-01-30 13:47,C0551,coffee beans,grocery,1,12.50,12.50
T100536,2026-01-30 13:47,C0551,red wine,beverage,1,16.00,16.00
T100536,2026-01-30 13:47,C0551,bananas,produce,1,2.10,2.10
T100541,2026-01-30 13:47,C0762,paper towels,household,1,8.30,8.30
T100541,2026-01-30 13:47,C0762,pasta,grocery,1,2.30,2.30
T100541,2026-01-30 13:47,C0762,sparkling water,beverage,1,3.10,3.10
T100541,2026-01-30 13:47,C0762,toilet paper,household,3,11.90,35.70
T100541,2026-01-30 13:47,C0762,laundry detergent,household,2,14.20,28.40
T100541,2026-01-30 13:47,C0762,berries,produce,1,5.80,5.80
T100541,2026-01-30 13:47,C0762,baby wipes,baby,1,6.70,6.70
T100523,2026-01-30 16:23,C0271,milk 2%,dairy,1,3.80,3.80
T100523,2026-01-30 16:23,C0271,butter,dairy,1,5.20,5.20
T100523,2026-01-30 16:23,C0271,eggs,dairy,1,4.90,4.90
T100523,2026-01-30 16:23,C0271,strawberry jam,grocery,2,4.10,8.20
T100523,2026-01-30 16:23,C0271,white bread,bakery,1,2.90,2.90
T100532,2026-01-30 17:14,C0326,shampoo,care,1,7.40,7.40
T100532,2026-01-30 17:14,C0326,tea,grocery,1,6.40,6.40
T100532,2026-01-30 17:14,C0326,peanuts,snack,1,4.80,4.80
T100532,2026-01-30 17:14,C0326,conditioner,care,1,7.40,7.40
T100532,2026-01-30 17:14,C0326,lemon,produce,1,0.90,0.90
T100532,2026-01-30 17:14,C0326,tortilla chips,snack,2,4.20,8.40
T100532,2026-01-30 17:14,C0326,chocolate bar,snack,2,2.70,5.40
T100532,2026-01-30 17:14,C0326,beer,beverage,1,13.50,13.50
T100532,2026-01-30 17:14,C0326,trash bags,household,2,9.10,18.20
T100537,2026-01-30 17:27,,toothpaste,care,1,4.50,4.50
T100537,2026-01-30 17:27,,shampoo,care,3,7.40,22.20
T100537,2026-01-30 17:27,,conditioner,care,1,7.40,7.40
T100537,2026-01-30 17:27,,tomato sauce,grocery,1,3.60,3.60
T100540,2026-01-30 17:35,C0562,diapers,baby,1,24.90,24.90
T100540,2026-01-30 17:35,C0562,apples,produce,1,4.30,4.30
T100540,2026-01-30 17:35,C0562,baby wipes,baby,1,6.70,6.70
T100540,2026-01-30 17:35,C0562,beer,beverage,1,13.50,13.50
T100540,2026-01-30 17:35,C0562,chocolate bar,snack,1,2.70,2.70
T100540,2026-01-30 17:35,C0562,peanuts,snack,1,4.80,4.80
T100540,2026-01-30 17:35,C0562,salsa,grocery,1,3.90,3.90
T100540,2026-01-30 17:35,C0562,tortilla chips,snack,1,4.20,4.20
T100519,2026-01-30 17:40,,peanut butter,grocery,1,5.60,5.60
T100519,2026-01-30 17:40,,sparkling water,beverage,1,3.10,3.10
T100519,2026-01-30 17:40,,paper towels,household,1,8.30,8.30
T100519,2026-01-30 17:40,,laundry detergent,household,1,14.20,14.20
T100519,2026-01-30 17:40,,toilet paper,household,1,11.90,11.90
T100519,2026-01-30 17:40,,dish soap,household,1,4.70,4.70
T100542,2026-01-30 17:43,C0029,toothpaste,care,2,4.50,9.00
T100542,2026-01-30 17:43,C0029,bananas,produce,1,2.10,2.10
T100542,2026-01-30 17:43,C0029,conditioner,care,1,7.40,7.40
T100542,2026-01-30 17:43,C0029,shampoo,care,1,7.40,7.40
T100522,2026-01-30 17:51,C0229,peanuts,snack,1,4.80,4.80
T100522,2026-01-30 17:51,C0229,berries,produce,1,5.80,5.80
T100522,2026-01-30 17:51,C0229,parmesan,dairy,1,8.90,8.90
T100522,2026-01-30 17:51,C0229,yogurt,dairy,1,4.60,4.60
T100522,2026-01-30 17:51,C0229,croissant,bakery,1,1.80,1.80
T100526,2026-01-30 17:52,C0742,butter,dairy,3,5.20,15.60
T100526,2026-01-30 17:52,C0742,granola,grocery,1,6.20,6.20
T100526,2026-01-30 17:52,C0742,pasta,grocery,1,2.30,2.30
T100526,2026-01-30 17:52,C0742,yogurt,dairy,2,4.60,9.20
T100526,2026-01-30 17:52,C0742,TOMATO SAUCE,grocery,1,3.60,3.60
T100526,2026-01-30 17:52,C0742,red wine,beverage,1,16.00,16.00
T100544,2026-01-30 18:09,C0100,parmesan,dairy,1,8.90,8.90
T100544,2026-01-30 18:09,C0100,butter,dairy,1,5.20,5.20
T100544,2026-01-30 18:09,C0100,strawberry jam,grocery,1,4.10,4.10
T100544,2026-01-30 18:09,C0100,coffee beans,grocery,1,12.50,12.50
T100544,2026-01-30 18:09,C0100,white bread,bakery,1,2.90,2.90
T100531,2026-01-30 18:33,C0751,croissant,bakery,1,1.80,1.80
T100531,2026-01-30 18:33,C0751,shampoo,care,1,7.40,7.40
T100531,2026-01-30 18:33,C0751,conditioner,care,1,7.40,7.40
T100531,2026-01-30 18:33,C0751,apples,produce,1,4.30,4.30
T100525,2026-01-30 18:42,,granola,grocery,1,6.20,6.20
T100525,2026-01-30 18:42,,cucumber,produce,1,1.70,1.70
T100525,2026-01-30 18:42,,tortilla chips,snack,1,4.20,4.20
T100525,2026-01-30 18:42,,tea,grocery,1,6.40,6.40
T100525,2026-01-30 18:42,,chocolate bar,snack,1,2.70,2.70
T100525,2026-01-30 18:42,,olive oil,grocery,1,11.20,11.20
T100525,2026-01-30 18:42,,frozen pizza,frozen,1,7.20,7.20
T100525,2026-01-30 18:42,,toilet paper,household,1,11.90,11.90
T100525,2026-01-30 18:42,,avocado,produce,1,2.20,2.20
T100525,2026-01-30 18:42,,berries,produce,1,5.80,5.80
T100525,2026-01-30 18:42,,olive oil,grocery,1,11.20,11.20
T100533,2026-01-30 18:49,C0288,lemon,produce,1,0.90,0.90
T100533,2026-01-30 18:49,C0288,salmon,fish,2,15.90,31.80
T100539,2026-01-30 19:01,C0637,avocado,produce,1,2.20,2.20
T100539,2026-01-30 19:01,C0637,berries,produce,1,5.80,5.80
T100539,2026-01-30 19:01,C0637,butter,dairy,2,5.20,10.40
T100539,2026-01-30 19:01,C0637,lettuce,produce,1,2.60,2.60
T100539,2026-01-30 19:01,C0637,granola,grocery,1,6.20,6.20
T100539,2026-01-30 19:01,C0637,bacon,meat,1,7.80,7.80
T100539,2026-01-30 19:01,C0637,yogurt,dairy,1,4.60,4.60
T100539,2026-01-30 19:01,C0637,ice cream,frozen,1,6.50,6.50
T100534,2026-01-30 19:14,,coffee beans,grocery,1,12.50,12.50
T100534,2026-01-30 19:14,,shampoo,care,1,7.40,7.40
T100534,2026-01-30 19:14,,conditioner,care,1,7.40,7.40
T100534,2026-01-30 19:14,,lemon,produce,1,0.90,0.90
T100534,2026-01-30 19:14,,cucumber,produce,1,1.70,1.70
T100534,2026-01-30 19:14,,tea,grocery,2,6.40,12.80
T100534,2026-01-30 19:14,,toothpaste,care,1,4.50,4.50
T100527,2026-01-30 19:24,,toothpaste,care,1,4.50,4.50
T100527,2026-01-30 19:24,,trash bags,household,3,9.10,27.30
T100527,2026-01-30 19:24,,diapers,baby,1,24.90,24.90
T100527,2026-01-30 19:24,,baby wipes,baby,1,6.70,6.70
T100527,2026-01-30 19:24,,lettuce,produce,1,2.60,2.60
T100527,2026-01-30 19:24,,coffee beans,grocery,1,12.50,12.50
T100527,2026-01-30 19:24,,beer,beverage,1,13.50,13.50
T100527,2026-01-30 19:24,,red wine,beverage,3,16.00,48.00
T100538,2026-01-30 19:28,C0176,beer,beverage,1,13.50,13.50
T100538,2026-01-30 19:28,C0176,baby formula,baby,1,28.50,28.50
T100538,2026-01-30 19:28,C0176,diapers,baby,1,24.90,24.90
T100538,2026-01-30 19:28,C0176,tortilla chips,snack,1,4.20,4.20
T100538,2026-01-30 19:28,C0176,paper towels,household,1,8.30,8.30
T100538,2026-01-30 19:28,C0176,lettuce,produce,1,2.60,2.60
T100538,2026-01-30 19:28,C0176,baby wipes,baby,1,6.70,6.70
T100548,2026-01-31 08:31,C0060,baby wipes,baby,1,6.70,6.70
T100548,2026-01-31 08:31,C0060,butter,dairy,1,5.20,5.20
T100548,2026-01-31 08:31,C0060,baby formula,baby,1,28.50,28.50
T100548,2026-01-31 08:31,C0060,beer,beverage,1,13.50,13.50
T100548,2026-01-31 08:31,C0060,diapers,baby,1,24.90,24.90
T100551,2026-01-31 09:00,C0061,sugar,grocery,1,3.20,3.20
T100551,2026-01-31 09:00,C0061,salmon,fish,1,15.90,15.90
T100551,2026-01-31 09:00,C0061,cucumber,produce,3,1.70,5.10
T100563,2026-01-31 10:03,C0654,strawberry jam,grocery,1,4.10,4.10
T100563,2026-01-31 10:03,C0654,peanuts,snack,1,4.80,4.80
T100563,2026-01-31 10:03,C0654,milk 2%,dairy,1,3.80,3.80
T100563,2026-01-31 10:03,C0654,white bread,bakery,1,2.90,2.90
T100563,2026-01-31 10:03,C0654,butter,dairy,1,5.20,5.20
T100556,2026-01-31 10:22,C0349,yogurt,dairy,1,4.60,4.60
T100556,2026-01-31 10:22,C0349,bananas,produce,1,2.10,2.10
T100556,2026-01-31 10:22,C0349,berries,produce,1,5.80,5.80
T100556,2026-01-31 10:22,C0349,granola,grocery,1,6.20,6.20
T100556,2026-01-31 10:22,C0349,lettuce,produce,1,2.60,2.60
T100560,2026-01-31 10:45,C0115,granola,grocery,1,6.20,6.20
T100560,2026-01-31 10:45,C0115,yogurt,dairy,1,4.60,4.60
T100565,2026-01-31 11:14,C0075,dish soap,household,2,4.70,9.40
T100565,2026-01-31 11:14,C0075,diapers,baby,1,24.90,24.90
T100565,2026-01-31 11:14,C0075,trash bags,household,2,9.10,18.20
T100565,2026-01-31 11:14,C0075,laundry detergent,household,3,14.20,42.60
T100565,2026-01-31 11:14,C0075,toilet paper,household,3,11.90,35.70
T100565,2026-01-31 11:14,C0075,paper towels,household,1,8.30,8.30
T100545,2026-01-31 11:26,,coffee beans,grocery,1,12.50,12.50
T100545,2026-01-31 11:26,,sugar,grocery,1,3.20,3.20
T100545,2026-01-31 11:26,,ice cream,frozen,1,6.50,6.50
T100547,2026-01-31 13:48,,coffee beans,grocery,3,12.50,37.50
T100547,2026-01-31 13:48,,white bread,bakery,1,2.90,2.90
T100547,2026-01-31 13:48,,whole wheat bread,bakery,1,3.40,3.40
T100547,2026-01-31 13:48,,milk 2%,dairy,1,3.80,3.80
T100547,2026-01-31 13:48,,croissant,bakery,1,1.80,1.80
T100554,2026-01-31 16:29,C0610,shampoo,care,1,7.40,7.40
T100554,2026-01-31 16:29,C0610,red wine,beverage,1,16.00,16.00
T100554,2026-01-31 16:29,C0610,toothpaste,care,1,4.50,4.50
T100554,2026-01-31 16:29,C0610,paper towels,household,1,8.30,8.30
T100546,2026-01-31 16:35,C0520,salmon,fish,1,15.90,15.90
T100546,2026-01-31 16:35,C0520,olive oil,grocery,1,11.20,11.20
T100546,2026-01-31 16:35,C0520,pasta,grocery,1,2.30,2.30
T100546,2026-01-31 16:35,C0520,tomato sauce,grocery,1,3.60,3.60
T100546,2026-01-31 16:35,C0520,avocado,produce,1,2.20,2.20
T100546,2026-01-31 16:35,C0520,eggs,dairy,1,4.90,4.90
T100546,2026-01-31 16:35,C0520,parmesan,dairy,1,8.90,8.90
T100564,2026-01-31 17:01,C0755,coffee beans,grocery,1,12.50,12.50
T100564,2026-01-31 17:01,C0755,ground beef,meat,1,9.40,9.40
T100564,2026-01-31 17:01,C0755,croissant,bakery,1,1.80,1.80
T100564,2026-01-31 17:01,C0755,sugar,grocery,1,3.20,3.20
T100564,2026-01-31 17:01,C0755,olive oil,grocery,3,11.20,33.60
T100564,2026-01-31 17:01,C0755,milk 2%,dairy,1,3.80,3.80
T100555,2026-01-31 17:22,C0551,avocado,produce,1,2.20,2.20
T100555,2026-01-31 17:22,C0551,tomato sauce,grocery,1,3.60,3.60
T100555,2026-01-31 17:22,C0551,toilet paper,household,2,11.90,23.80
T100555,2026-01-31 17:22,C0551,pasta,grocery,1,2.30,2.30
T100550,2026-01-31 17:34,C0429,granola,grocery,1,6.20,6.20
T100550,2026-01-31 17:34,C0429,bananas,produce,1,2.10,2.10
T100550,2026-01-31 17:34,C0429,whole wheat bread,bakery,1,3.40,3.40
T100552,2026-01-31 18:01,C0690,chocolate bar,snack,1,2.70,2.70
T100552,2026-01-31 18:01,C0690,shampoo,care,1,7.40,7.40
T100552,2026-01-31 18:01,C0690,conditioner,care,1,7.40,7.40
T100558,2026-01-31 18:13,C0171,baby wipes,baby,1,6.70,6.70
T100558,2026-01-31 18:13,C0171,tortilla chips,snack,1,4.20,4.20
T100558,2026-01-31 18:13,C0171,pasta,grocery,1,2.30,2.30
T100558,2026-01-31 18:13,C0171,ice cream,frozen,2,6.50,13.00
T100558,2026-01-31 18:13,C0171,white bread,bakery,1,2.90,2.90
T100558,2026-01-31 18:13,C0171,butter,dairy,1,5.20,5.20
T100558,2026-01-31 18:13,C0171,toilet paper,household,1,11.90,11.90
T100558,2026-01-31 18:13,C0171,milk 2%,dairy,1,3.80,3.80
T100549,2026-01-31 18:27,C0614,olive oil,grocery,1,11.20,11.20
T100549,2026-01-31 18:27,C0614,tomato sauce,grocery,1,3.60,3.60
T100549,2026-01-31 18:27,C0614,pasta,grocery,1,2.30,2.30
T100549,2026-01-31 18:27,C0614,parmesan,dairy,1,8.90,8.90
T100549,2026-01-31 18:27,C0614,ground beef,meat,1,9.40,9.40
T100549,2026-01-31 18:27,C0614,beer,beverage,1,13.50,13.50
T100553,2026-01-31 18:38,C0614,granola,grocery,1,6.20,6.20
T100553,2026-01-31 18:38,C0614,bacon,meat,1,7.80,7.80
T100553,2026-01-31 18:38,C0614,diapers,baby,1,24.90,24.90
T100562,2026-01-31 18:42,C0437,tomato sauce,grocery,2,3.60,7.20
T100562,2026-01-31 18:42,C0437,lemon,produce,1,0.90,0.90
T100562,2026-01-31 18:42,C0437,coffee beans,grocery,1,12.50,12.50
T100562,2026-01-31 18:42,C0437,toothpaste,care,1,4.50,4.50
T100562,2026-01-31 18:42,C0437,diapers,baby,1,24.90,24.90
T100562,2026-01-31 18:42,C0437,shampoo,care,2,7.40,14.80
T100561,2026-01-31 18:43,C0002,beer,beverage,1,13.50,13.50
T100561,2026-01-31 18:43,C0002,tomatoes,produce,1,3.90,3.90
T100561,2026-01-31 18:43,C0002,diapers,baby,1,24.90,24.90
T100561,2026-01-31 18:43,C0002,baby formula,baby,1,28.50,28.50
T100557,2026-01-31 19:19,,yogurt,dairy,1,4.60,4.60
T100557,2026-01-31 19:19,,toilet paper,household,1,11.90,11.90
T100557,2026-01-31 19:19,,dish soap,household,1,4.70,4.70
T100557,2026-01-31 19:19,,conditioner,care,1,7.40,7.40
T100557,2026-01-31 19:19,,tomato sauce,grocery,1,3.60,3.60
T100557,2026-01-31 19:19,,laundry detergent,household,1,14.20,14.20
T100559,2026-01-31 19:42,C0521,white bread,bakery,2,2.90,5.80
T100559,2026-01-31 19:42,C0521,milk 2%,dairy,1,3.80,3.80
T100559,2026-01-31 19:42,C0521,eggs,dairy,1,4.90,4.90
T100559,2026-01-31 19:42,C0521,coffee beans,grocery,1,12.50,12.50
T100559,2026-01-31 19:42,C0521,chocolate bar,snack,1,2.70,2.70
T100559,2026-01-31 19:42,C0521,sugar,grocery,1,3.20,3.20
T100559,2026-01-31 19:42,C0521,strawberry jam,grocery,1,4.10,4.10
T100581,2026-02-01 08:09,C0752,bananas,produce,1,2.10,2.10
T100581,2026-02-01 08:09,C0752,chocolate bar,snack,1,2.70,2.70
T100581,2026-02-01 08:09,C0752,ground beef,meat,1,9.40,9.40
T100581,2026-02-01 08:09,C0752,ice cream,frozen,1,6.50,6.50
T100581,2026-02-01 08:09,C0752,strawberry jam,grocery,3,4.10,12.30
T100581,2026-02-01 08:09,C0752,yogurt,dairy,1,4.60,4.60
T100581,2026-02-01 08:09,C0752,white bread,bakery,1,2.90,2.90
T100566,2026-02-01 10:32,C0338,granola,grocery,1,6.20,6.20
T100566,2026-02-01 10:32,C0338,tea,grocery,1,6.40,6.40
T100566,2026-02-01 10:32,C0338,beer,beverage,2,13.50,27.00
T100566,2026-02-01 10:32,C0338,diapers,baby,1,24.90,24.90
T100566,2026-02-01 10:32,C0338,paper towels,household,1,8.30,8.30
T100566,2026-02-01 10:32,C0338,ground beef,meat,1,9.40,9.40
T100566,2026-02-01 10:32,C0338,baby wipes,baby,1,6.70,6.70
T100572,2026-02-01 10:48,C0278,conditioner,care,1,7.40,7.40
T100572,2026-02-01 10:48,C0278,pasta,grocery,1,2.30,2.30
T100572,2026-02-01 10:48,C0278,whole wheat bread,bakery,2,3.40,6.80
T100572,2026-02-01 10:48,C0278,tomato sauce,grocery,1,3.60,3.60
T100572,2026-02-01 10:48,C0278,ground beef,meat,3,9.40,28.20
T100572,2026-02-01 10:48,C0278,chicken breast,meat,1,12.80,12.80
T100572,2026-02-01 10:48,C0278,granola,grocery,1,6.20,6.20
T100577,2026-02-01 13:11,C0071,paper towels,household,1,8.30,8.30
T100577,2026-02-01 13:11,C0071,toilet paper,household,1,11.90,11.90
T100577,2026-02-01 13:11,C0071,dish soap,household,1,4.70,4.70
T100577,2026-02-01 13:11,C0071,orange juice,beverage,1,4.40,4.40
T100577,2026-02-01 13:11,C0071,peanuts,snack,3,4.80,14.40
T100577,2026-02-01 13:11,C0071,laundry detergent,household,1,14.20,14.20
T100577,2026-02-01 13:11,C0071,baby wipes,baby,1,6.70,6.70
T100578,2026-02-01 13:22,,ground beef,meat,1,9.40,9.40
T100578,2026-02-01 13:22,,beer,beverage,1,13.50,13.50
T100578,2026-02-01 13:22,,shampoo,care,1,7.40,7.40
T100578,2026-02-01 13:22,,diapers,baby,1,24.90,24.90
T100578,2026-02-01 13:22,,white bread,bakery,2,2.90,5.80
T100569,2026-02-01 16:00,C0816,olive oil,grocery,1,11.20,11.20
T100569,2026-02-01 16:00,C0816,white bread,bakery,1,2.90,2.90
T100569,2026-02-01 16:00,C0816,red wine,beverage,3,16.00,48.00
T100569,2026-02-01 16:00,C0816,shampoo,care,1,7.40,7.40
T100569,2026-02-01 16:00,C0816,lemon,produce,2,0.90,1.80
T100569,2026-02-01 16:00,C0816,salmon,fish,1,15.90,15.90
T100574,2026-02-01 16:00,C0484,croissant,bakery,1,1.80,1.80
T100574,2026-02-01 16:00,C0484,baby wipes,baby,1,6.70,6.70
T100574,2026-02-01 16:00,C0484,paper towels,household,1,8.30,8.30
T100574,2026-02-01 16:00,C0484,laundry detergent,household,2,14.20,28.40
T100571,2026-02-01 16:39,C0716,toilet paper,household,1,11.90,11.90
T100571,2026-02-01 16:39,C0716,conditioner,care,1,7.40,7.40
T100571,2026-02-01 16:39,C0716,paper towels,household,1,8.30,8.30
T100571,2026-02-01 16:39,C0716,peanuts,snack,1,4.80,4.80
T100571,2026-02-01 16:39,C0716,trash bags,household,1,9.10,9.10
T100571,2026-02-01 16:39,C0716,ground beef,meat,1,9.40,9.40
T100576,2026-02-01 16:44,,salsa,grocery,1,3.90,3.90
T100576,2026-02-01 16:44,,beer,beverage,1,13.50,13.50
T100576,2026-02-01 16:44,,berries,produce,1,5.80,5.80
T100576,2026-02-01 16:44,,sugar,grocery,1,3.20,3.20
T100576,2026-02-01 16:44,,peanuts,snack,1,4.80,4.80
T100576,2026-02-01 16:44,,tortilla chips,snack,1,4.20,4.20
T100576,2026-02-01 16:44,,diapers,baby,1,24.90,24.90
T100570,2026-02-01 17:14,C0555,granola,grocery,1,6.20,6.20
T100570,2026-02-01 17:14,C0555,lemon,produce,1,0.90,0.90
T100570,2026-02-01 17:14,C0555,berries,produce,1,5.80,5.80
T100570,2026-02-01 17:14,C0555,yogurt,dairy,1,4.60,4.60
T100570,2026-02-01 17:14,C0555,tomato sauce,grocery,1,3.60,3.60
T100570,2026-02-01 17:14,C0555,bananas,produce,2,2.10,4.20
T100579,2026-02-01 17:32,C0852,butter,dairy,1,5.20,5.20
T100579,2026-02-01 17:32,C0852,peanuts,snack,2,4.80,9.60
T100579,2026-02-01 17:32,C0852,strawberry jam,grocery,1,4.10,4.10
T100579,2026-02-01 17:32,C0852,white bread,bakery,1,2.90,2.90
T100579,2026-02-01 17:32,C0852,coffee beans,grocery,1,12.50,12.50
T100580,2026-02-01 17:55,C0757,berries,produce,1,5.80,5.80
T100580,2026-02-01 17:55,C0757,avocado,produce,1,2.20,2.20
T100580,2026-02-01 17:55,C0757,yogurt,dairy,1,4.60,4.60
T100580,2026-02-01 17:55,C0757,lettuce,produce,1,2.60,2.60
T100580,2026-02-01 17:55,C0757,peanut butter,grocery,1,5.60,5.60
T100580,2026-02-01 17:55,C0757,baby wipes,baby,1,6.70,6.70
T100580,2026-02-01 17:55,C0757,bananas,produce,1,2.10,2.10
T100567,2026-02-01 18:10,C0830,white bread,bakery,1,2.90,2.90
T100567,2026-02-01 18:10,C0830,red wine,beverage,1,16.00,16.00
T100567,2026-02-01 18:10,C0830,coffee beans,grocery,2,12.50,25.00
T100567,2026-02-01 18:10,C0830,chicken breast,meat,1,12.80,12.80
T100567,2026-02-01 18:10,C0830,strawberry jam,grocery,1,4.10,4.10
T100567,2026-02-01 18:10,C0830,butter,dairy,1,5.20,5.20
T100575,2026-02-01 19:32,C0732,dish soap,household,2,4.70,9.40
T100575,2026-02-01 19:32,C0732,white bread,bakery,1,2.90,2.90
T100575,2026-02-01 19:32,C0732,milk 2%,dairy,1,3.80,3.80
T100575,2026-02-01 19:32,C0732,butter,dairy,3,5.20,15.60
T100573,2026-02-01 19:43,C0260,sugar,grocery,1,3.20,3.20
T100573,2026-02-01 19:43,C0260,frozen pizza,frozen,1,7.20,7.20
T100573,2026-02-01 19:43,C0260,lemon,produce,1,0.90,0.90
T100573,2026-02-01 19:43,C0260,olive oil,grocery,1,11.20,11.20
T100573,2026-02-01 19:43,C0260,parmesan,dairy,1,8.90,8.90
T100573,2026-02-01 19:43,C0260,orange juice,beverage,1,4.40,4.40
T100573,2026-02-01 19:43,C0260,pasta,grocery,2,2.30,4.60
T100573,2026-02-01 19:43,C0260,white bread,bakery,2,2.90,5.80
T100573,2026-02-01 19:43,C0260,tomato sauce,grocery,1,3.60,3.60
T100573,2026-02-01 19:43,C0260,ground beef,meat,2,9.40,18.80
T100568,2026-02-01 19:49,,tea,grocery,3,6.40,19.20
T100568,2026-02-01 19:49,,granola,grocery,1,6.20,6.20
T100568,2026-02-01 19:49,,avocado,produce,1,2.20,2.20
T100568,2026-02-01 19:49,,laundry detergent,household,1,14.20,14.20
T100568,2026-02-01 19:49,,yogurt,dairy,1,4.60,4.60
T100568,2026-02-01 19:49,,strawberry jam,grocery,1,4.10,4.10
T100592,2026-02-02 10:21,,tortilla chips,snack,2,4.20,8.40
T100592,2026-02-02 10:21,,beer,beverage,1,13.50,13.50
T100592,2026-02-02 10:21,,baby wipes,baby,1,6.70,6.70
T100592,2026-02-02 10:21,,white bread,bakery,1,2.90,2.90
T100594,2026-02-02 11:09,C0068,salmon,fish,1,15.90,15.90
T100594,2026-02-02 11:09,C0068,baby wipes,baby,2,6.70,13.40
T100594,2026-02-02 11:09,C0068,olive oil,grocery,1,11.20,11.20
T100594,2026-02-02 11:09,C0068,tea,grocery,1,6.40,6.40
T100594,2026-02-02 11:09,C0068,diapers,baby,1,24.90,24.90
T100588,2026-02-02 11:13,,berries,produce,1,5.80,5.80
T100588,2026-02-02 11:13,,beer,beverage,1,13.50,13.50
T100588,2026-02-02 11:13,,chocolate bar,snack,1,2.70,2.70
T100588,2026-02-02 11:13,,tortilla chips,snack,1,4.20,4.20
T100588,2026-02-02 11:13,,peanuts,snack,2,4.80,9.60
T100588,2026-02-02 11:13,,salmon,fish,1,15.90,15.90
T100588,2026-02-02 11:13,,salsa,grocery,1,3.90,3.90
T100591,2026-02-02 11:35,C0719,pasta,grocery,2,2.30,4.60
T100591,2026-02-02 11:35,C0719,red wine,beverage,1,16.00,16.00
T100591,2026-02-02 11:35,C0719,conditioner,care,2,7.40,14.80
T100591,2026-02-02 11:35,C0719,peanut butter,grocery,3,5.60,16.80
T100591,2026-02-02 11:35,C0719,bacon,meat,1,7.80,7.80
T100591,2026-02-02 11:35,C0719,tomato sauce,grocery,1,3.60,3.60
T100591,2026-02-02 11:35,C0719,salsa,grocery,3,3.90,11.70
T100591,2026-02-02 11:35,C0719,croissant,bakery,1,1.80,1.80
T100589,2026-02-02 11:39,C0676,dish soap,household,1,4.70,4.70
T100589,2026-02-02 11:39,C0676,cucumber,produce,1,1.70,1.70
T100589,2026-02-02 11:39,C0676,frozen pizza,frozen,3,7.20,21.60
T100589,2026-02-02 11:39,C0676,beer,beverage,1,13.50,13.50
T100587,2026-02-02 11:57,C0193,butter,dairy,1,5.20,5.20
T100587,2026-02-02 11:57,C0193,white bread,bakery,1,2.90,2.90
T100587,2026-02-02 11:57,C0193,eggs,dairy,1,4.90,4.90
T100587,2026-02-02 11:57,C0193,baby wipes,baby,1,6.70,6.70
T100586,2026-02-02 12:22,C0018,yogurt,dairy,1,4.60,4.60
T100586,2026-02-02 12:22,C0018,granola,grocery,1,6.20,6.20
T100586,2026-02-02 12:22,C0018,bananas,produce,2,2.10,4.20
T100586,2026-02-02 12:22,C0018,berries,produce,1,5.80,5.80
T100583,2026-02-02 12:34,C0344,beer,beverage,1,13.50,13.50
T100583,2026-02-02 12:34,C0344,salsa,grocery,1,3.90,3.90
T100583,2026-02-02 12:34,C0344,tortilla chips,snack,1,4.20,4.20
T100583,2026-02-02 12:34,C0344,chocolate bar,snack,1,2.70,2.70
T100583,2026-02-02 12:34,C0344,butter,dairy,2,5.20,10.40
T100590,2026-02-02 13:38,C0596,salmon,fish,1,15.90,15.90
T100590,2026-02-02 13:38,C0596,white bread,bakery,1,2.90,2.90
T100590,2026-02-02 13:38,C0596,lemon,produce,1,0.90,0.90
T100590,2026-02-02 13:38,C0596,cucumber,produce,3,1.70,5.10
T100590,2026-02-02 13:38,C0596,red wine,beverage,1,16.00,16.00
T100593,2026-02-02 16:55,,cucumber,produce,1,1.70,1.70
T100593,2026-02-02 16:55,,lemon,produce,1,0.90,0.90
T100593,2026-02-02 16:55,,salmon,fish,1,15.90,15.90
T100593,2026-02-02 16:55,,peanuts,snack,1,4.80,4.80
T100585,2026-02-02 17:36,C0871,baby formula,baby,1,28.50,28.50
T100585,2026-02-02 17:36,C0871,milk 2%,dairy,1,3.80,3.80
T100585,2026-02-02 17:36,C0871,orange juice,beverage,1,4.40,4.40
T100585,2026-02-02 17:36,C0871,salmon,fish,1,15.90,15.90
T100595,2026-02-02 17:43,C0431,coffee beans,grocery,1,12.50,12.50
T100595,2026-02-02 17:43,C0431,peanuts,snack,1,4.80,4.80
T100595,2026-02-02 17:43,C0431,baby wipes,baby,1,6.70,6.70
T100595,2026-02-02 17:43,C0431,milk 2%,dairy,1,3.80,3.80
T100584,2026-02-02 18:05,C0888,bacon,meat,3,7.80,23.40
T100584,2026-02-02 18:05,C0888,parmesan,dairy,1,8.90,8.90
T100584,2026-02-02 18:05,C0888,olive oil,grocery,2,11.20,22.40
T100584,2026-02-02 18:05,C0888,sparkling water,beverage,3,3.10,9.30
T100584,2026-02-02 18:05,C0888,butter,dairy,1,5.20,5.20
T100584,2026-02-02 18:05,C0888,red wine,beverage,1,16.00,16.00
T100584,2026-02-02 18:05,C0888,dish soap,household,2,4.70,9.40
T100582,2026-02-02 18:13,C0529,shampoo,care,1,7.40,7.40
T100582,2026-02-02 18:13,C0529,chocolate bar,snack,1,2.70,2.70
T100582,2026-02-02 18:13,C0529,baby wipes,baby,1,6.70,6.70
T100582,2026-02-02 18:13,C0529,beer,beverage,1,13.50,13.50
T100597,2026-02-02 19:04,,diapers,baby,1,24.90,24.90
T100597,2026-02-02 19:04,,baby formula,baby,1,28.50,28.50
T100597,2026-02-02 19:04,,baby wipes,baby,2,6.70,13.40
T100597,2026-02-02 19:04,,paper towels,household,2,8.30,16.60
T100597,2026-02-02 19:04,,chicken breast,meat,2,12.80,25.60
T100596,2026-02-02 19:51,,croissant,bakery,1,1.80,1.80
T100596,2026-02-02 19:51,,milk 2%,dairy,1,3.80,3.80
T100596,2026-02-02 19:51,,butter,dairy,1,5.20,5.20
T100596,2026-02-02 19:51,,coffee beans,grocery,1,12.50,12.50
T100599,2026-02-03 09:19,C0022,baby formula,baby,3,28.50,85.50
T100599,2026-02-03 09:19,C0022,diapers,baby,1,24.90,24.90
T100599,2026-02-03 09:19,C0022,baby wipes,baby,1,6.70,6.70
T100599,2026-02-03 09:19,C0022,toilet paper,household,1,11.90,11.90
T100599,2026-02-03 09:19,C0022,salsa,grocery,2,3.90,7.80
T100599,2026-02-03 09:19,C0022,beer,beverage,1,13.50,13.50
T100599,2026-02-03 09:19,C0022,croissant,bakery,1,1.80,1.80
T100604,2026-02-03 10:05,,tea,grocery,1,6.40,6.40
T100604,2026-02-03 10:05,,yogurt,dairy,1,4.60,4.60
T100604,2026-02-03 10:05,,white bread,bakery,1,2.90,2.90
T100604,2026-02-03 10:05,,milk 2%,dairy,1,3.80,3.80
T100604,2026-02-03 10:05,,apples,produce,1,4.30,4.30
T100604,2026-02-03 10:05,,lettuce,produce,1,2.60,2.60
T100604,2026-02-03 10:05,,butter,dairy,1,5.20,5.20
T100604,2026-02-03 10:05,,strawberry jam,grocery,1,4.10,4.10
T100604,2026-02-03 10:05,,eggs,dairy,1,4.90,4.90
T100607,2026-02-03 10:40,C0798,sugar,grocery,1,3.20,3.20
T100607,2026-02-03 10:40,C0798,trash bags,household,1,9.10,9.10
T100607,2026-02-03 10:40,C0798,croissant,bakery,1,1.80,1.80
T100607,2026-02-03 10:40,C0798,butter,dairy,3,5.20,15.60
T100607,2026-02-03 10:40,C0798,milk 2%,dairy,1,3.80,3.80
T100607,2026-02-03 10:40,C0798,white bread,bakery,3,2.90,8.70
T100607,2026-02-03 10:40,C0798,strawberry jam,grocery,1,4.10,4.10
T100598,2026-02-03 10:51,,eggs,dairy,1,4.90,4.90
T100598,2026-02-03 10:51,,paper towels,household,1,8.30,8.30
T100598,2026-02-03 10:51,,tea,grocery,1,6.40,6.40
T100598,2026-02-03 10:51,,coffee beans,grocery,1,12.50,12.50
T100598,2026-02-03 10:51,,white bread,bakery,1,2.90,2.90
T100598,2026-02-03 10:51,,butter,dairy,1,5.20,5.20
T100598,2026-02-03 10:51,,red wine,beverage,1,16.00,16.00
T100605,2026-02-03 11:05,,parmesan,dairy,1,8.90,8.90
T100605,2026-02-03 11:05,,toilet paper,household,1,11.90,11.90
T100605,2026-02-03 11:05,,laundry detergent,household,1,14.20,14.20
T100605,2026-02-03 11:05,,white bread,bakery,1,2.90,2.90
T100610,2026-02-03 11:26,C0818,strawberry jam,grocery,1,4.10,4.10
T100610,2026-02-03 11:26,C0818,paper towels,household,1,8.30,8.30
T100610,2026-02-03 11:26,C0818,peanut butter,grocery,1,5.60,5.60
T100610,2026-02-03 11:26,C0818,baby wipes,baby,3,6.70,20.10
T100610,2026-02-03 11:26,C0818,diapers,baby,1,24.90,24.90
T100610,2026-02-03 11:26,C0818,tea,grocery,1,6.40,6.40
T100611,2026-02-03 12:31,C0220,sugar,grocery,1,3.20,3.20
T100611,2026-02-03 12:31,C0220,apples,produce,1,4.30,4.30
T100611,2026-02-03 12:31,C0220,bacon,meat,1,7.80,7.80
T100611,2026-02-03 12:31,C0220,baby wipes,baby,1,6.70,6.70
T100611,2026-02-03 12:31,C0220,toothpaste,care,1,4.50,4.50
T100611,2026-02-03 12:31,C0220,conditioner,care,1,7.40,7.40
T100611,2026-02-03 12:31,C0220,dish soap,household,1,4.70,4.70
T100611,2026-02-03 12:31,C0220,red wine,beverage,1,16.00,16.00
T100611,2026-02-03 12:31,C0220,trash bags,household,1,9.10,9.10
T100611,2026-02-03 12:31,C0220,coffee beans,grocery,1,12.50,12.50
T100611,2026-02-03 12:31,C0220,lemon,produce,2,0.90,1.80
T100601,2026-02-03 12:42,C0833,paper towels,household,1,8.30,8.30
T100601,2026-02-03 12:42,C0833,tomatoes,produce,1,3.90,3.90
T100601,2026-02-03 12:42,C0833,berries,produce,1,5.80,5.80
T100601,2026-02-03 12:42,C0833,baby wipes,baby,1,6.70,6.70
T100601,2026-02-03 12:42,C0833,diapers,baby,1,24.90,24.90
T100614,2026-02-03 13:05,C0357,berries,produce,2,5.80,11.60
T100614,2026-02-03 13:05,C0357,granola,grocery,1,6.20,6.20
T100614,2026-02-03 13:05,C0357,sugar,grocery,1,3.20,3.20
T100615,2026-02-03 13:06,,butter,dairy,2,5.20,10.40
T100615,2026-02-03 13:06,,baby wipes,baby,1,6.70,6.70
T100615,2026-02-03 13:06,,white bread,bakery,1,2.90,2.90
T100615,2026-02-03 13:06,,milk 2%,dairy,1,3.80,3.80
T100602,2026-02-03 18:17,C0333,granola,grocery,1,6.20,6.20
T100602,2026-02-03 18:17,C0333,bananas,produce,1,2.10,2.10
T100602,2026-02-03 18:17,C0333,avocado,produce,1,2.20,2.20
T100616,2026-02-03 18:17,C0260,tomato sauce,grocery,1,3.60,3.60
T100616,2026-02-03 18:17,C0260,ground beef,meat,1,9.40,9.40
T100616,2026-02-03 18:17,C0260,pasta,grocery,1,2.30,2.30
T100612,2026-02-03 18:53,,croissant,bakery,1,1.80,1.80
T100612,2026-02-03 18:53,,coffee beans,grocery,1,12.50,12.50
T100612,2026-02-03 18:53,,sugar,grocery,2,3.20,6.40
T100612,2026-02-03 18:53,,tomatoes,produce,1,3.90,3.90
T100612,2026-02-03 18:53,,lettuce,produce,1,2.60,2.60
T100606,2026-02-03 18:58,C0002,tortilla chips,snack,1,4.20,4.20
T100606,2026-02-03 18:58,C0002,BEER,beverage,1,13.50,13.50
T100606,2026-02-03 18:58,C0002,salsa,grocery,1,3.90,3.90
T100606,2026-02-03 18:58,C0002,whole wheat bread,bakery,2,3.40,6.80
T100606,2026-02-03 18:58,C0002,croissant,bakery,1,1.80,1.80
T100608,2026-02-03 19:06,,sugar,grocery,1,3.20,3.20
T100608,2026-02-03 19:06,,croissant,bakery,1,1.80,1.80
T100608,2026-02-03 19:06,,sparkling water,beverage,1,3.10,3.10
T100608,2026-02-03 19:06,,shampoo,care,1,7.40,7.40
T100608,2026-02-03 19:06,,coffee beans,grocery,1,12.50,12.50
T100608,2026-02-03 19:06,,milk 2%,dairy,1,3.80,3.80
T100609,2026-02-03 19:28,C0692,salsa,grocery,1,3.90,3.90
T100609,2026-02-03 19:28,C0692,olive oil,grocery,1,11.20,11.20
T100609,2026-02-03 19:28,C0692,conditioner,care,1,7.40,7.40
T100609,2026-02-03 19:28,C0692,shampoo,care,1,7.40,7.40
T100609,2026-02-03 19:28,C0692,toothpaste,care,1,4.50,4.50
T100609,2026-02-03 19:28,C0692,sugar,grocery,1,3.20,3.20
T100613,2026-02-03 19:47,C0898,lettuce,produce,1,2.60,2.60
T100613,2026-02-03 19:47,C0898,eggs,dairy,1,4.90,4.90
T100613,2026-02-03 19:47,C0898,whole wheat bread,bakery,1,3.40,3.40
T100613,2026-02-03 19:47,C0898,butter,dairy,3,5.20,15.60
T100613,2026-02-03 19:47,C0898,tomato sauce,grocery,1,3.60,3.60
T100613,2026-02-03 19:47,C0898,ground beef,meat,1,9.40,9.40
T100613,2026-02-03 19:47,C0898,tea,grocery,1,6.40,6.40
T100613,2026-02-03 19:47,C0898,white bread,bakery,1,2.90,2.90
T100613,2026-02-03 19:47,C0898,paper towels,household,1,8.30,8.30
T100613,2026-02-03 19:47,C0898,trash bags,household,1,9.10,9.10
T100600,2026-02-03 20:51,C0696,chicken breast,meat,1,12.80,12.80
T100600,2026-02-03 20:51,C0696,laundry detergent,household,1,14.20,14.20
T100600,2026-02-03 20:51,C0696,granola,grocery,1,6.20,6.20
T100600,2026-02-03 20:51,C0696,pasta,grocery,1,2.30,2.30
T100600,2026-02-03 20:51,C0696,yogurt,dairy,1,4.60,4.60
T100603,2026-02-03 20:54,C0392,chocolate bar,snack,1,2.70,2.70
T100603,2026-02-03 20:54,C0392,red wine,beverage,1,16.00,16.00
T100603,2026-02-03 20:54,C0392,diapers,baby,1,24.90,24.90
T100603,2026-02-03 20:54,C0392,pasta,grocery,1,2.30,2.30
T100603,2026-02-03 20:54,C0392,lettuce,produce,3,2.60,7.80
T100603,2026-02-03 20:54,C0392,tomato sauce,grocery,1,3.60,3.60
T100629,2026-02-04 10:55,,tortilla chips,snack,2,4.20,8.40
T100629,2026-02-04 10:55,,yogurt,dairy,1,4.60,4.60
T100629,2026-02-04 10:55,,granola,grocery,1,6.20,6.20
T100629,2026-02-04 10:55,,berries,produce,1,5.80,5.80
T100629,2026-02-04 10:55,,avocado,produce,1,2.20,2.20
T100629,2026-02-04 10:55,,orange juice,beverage,1,4.40,4.40
T100629,2026-02-04 10:55,,baby formula,baby,1,28.50,28.50
T100629,2026-02-04 10:55,,beer,beverage,3,13.50,40.50
T100625,2026-02-04 12:26,,red wine,beverage,1,16.00,16.00
T100625,2026-02-04 12:26,,salmon,fish,1,15.90,15.90
T100625,2026-02-04 12:26,,olive oil,grocery,1,11.20,11.20
T100625,2026-02-04 12:26,,toilet paper,household,1,11.90,11.90
T100627,2026-02-04 13:05,,tomato sauce,grocery,2,3.60,7.20
T100627,2026-02-04 13:05,,olive oil,grocery,1,11.20,11.20
T100627,2026-02-04 13:05,,toothpaste,care,1,4.50,4.50
T100627,2026-02-04 13:05,,coffee beans,grocery,1,12.50,12.50
T100627,2026-02-04 13:05,,salmon,fish,1,15.90,15.90
T100627,2026-02-04 13:05,,cucumber,produce,3,1.70,5.10
T100617,2026-02-04 13:06,C0501,chicken breast,meat,1,12.80,12.80
T100617,2026-02-04 13:06,C0501,dish soap,household,1,4.70,4.70
T100617,2026-02-04 13:06,C0501,toothpaste,care,1,4.50,4.50
T100617,2026-02-04 13:06,C0501,chocolate bar,snack,1,2.70,2.70
T100617,2026-02-04 13:06,C0501,lettuce,produce,1,2.60,2.60
T100617,2026-02-04 13:06,C0501,laundry detergent,household,1,14.20,14.20
T100617,2026-02-04 13:06,C0501,paper towels,household,1,8.30,8.30
T100631,2026-02-04 13:13,,pasta,grocery,1,2.30,2.30
T100631,2026-02-04 13:13,,croissant,bakery,1,1.80,1.80
T100631,2026-02-04 13:13,,parmesan,dairy,1,8.90,8.90
T100631,2026-02-04 13:13,,beer,beverage,1,13.50,13.50
T100631,2026-02-04 13:13,,tomato sauce,grocery,1,3.60,3.60
T100631,2026-02-04 13:13,,red wine,beverage,1,16.00,16.00
T100626,2026-02-04 13:48,C0282,yogurt,dairy,1,4.60,4.60
T100626,2026-02-04 13:48,C0282,conditioner,care,1,7.40,7.40
T100626,2026-02-04 13:48,C0282,salsa,grocery,1,3.90,3.90
T100618,2026-02-04 16:21,,paper towels,household,1,8.30,8.30
T100618,2026-02-04 16:21,,ice cream,frozen,2,6.50,13.00
T100618,2026-02-04 16:21,,toilet paper,household,1,11.90,11.90
T100618,2026-02-04 16:21,,tea,grocery,1,6.40,6.40
T100620,2026-02-04 16:26,C0803,laundry detergent,household,1,14.20,14.20
T100620,2026-02-04 16:26,C0803,baby formula,baby,3,28.50,85.50
T100619,2026-02-04 17:31,,chocolate bar,snack,1,2.70,2.70
T100619,2026-02-04 17:31,,laundry detergent,household,1,14.20,14.20
T100619,2026-02-04 17:31,,trash bags,household,1,9.10,9.10
T100619,2026-02-04 17:31,,tortilla chips,snack,1,4.20,4.20
T100619,2026-02-04 17:31,,peanuts,snack,2,4.80,9.60
T100632,2026-02-04 17:45,,butter,dairy,3,5.20,15.60
T100632,2026-02-04 17:45,,yogurt,dairy,1,4.60,4.60
T100632,2026-02-04 17:45,,granola,grocery,2,6.20,12.40
T100632,2026-02-04 17:45,,berries,produce,1,5.80,5.80
T100622,2026-02-04 18:07,,ground beef,meat,1,9.40,9.40
T100622,2026-02-04 18:07,,coffee beans,grocery,1,12.50,12.50
T100622,2026-02-04 18:07,,chocolate bar,snack,3,2.70,8.10
T100622,2026-02-04 18:07,,pasta,grocery,1,2.30,2.30
T100622,2026-02-04 18:07,,olive oil,grocery,3,11.20,33.60
T100622,2026-02-04 18:07,,tomato sauce,grocery,1,3.60,3.60
T100622,2026-02-04 18:07,,parmesan,dairy,1,8.90,8.90
T100624,2026-02-04 18:12,,berries,produce,1,5.80,5.80
T100624,2026-02-04 18:12,,red wine,beverage,1,16.00,16.00
T100624,2026-02-04 18:12,,ground beef,meat,1,9.40,9.40
T100624,2026-02-04 18:12,,avocado,produce,1,2.20,2.20
T100624,2026-02-04 18:12,,tortilla chips,snack,1,4.20,4.20
T100624,2026-02-04 18:12,,sugar,grocery,2,3.20,6.40
T100624,2026-02-04 18:12,,yogurt,dairy,1,4.60,4.60
T100624,2026-02-04 18:12,,baby wipes,baby,1,6.70,6.70
T100624,2026-02-04 18:12,,salmon,fish,1,15.90,15.90
T100630,2026-02-04 18:13,C0167,salsa,grocery,3,3.90,11.70
T100630,2026-02-04 18:13,C0167,bacon,meat,3,7.80,23.40
T100630,2026-02-04 18:13,C0167,lemon,produce,3,0.90,2.70
T100630,2026-02-04 18:13,C0167,olive oil,grocery,1,11.20,11.20
T100628,2026-02-04 18:41,C0069,salmon,fish,1,15.90,15.90
T100628,2026-02-04 18:41,C0069,pasta,grocery,3,2.30,6.90
T100628,2026-02-04 18:41,C0069,coffee beans,grocery,1,12.50,12.50
T100621,2026-02-04 19:29,C0527,lettuce,produce,1,2.60,2.60
T100621,2026-02-04 19:29,C0527,milk 2%,dairy,1,3.80,3.80
T100621,2026-02-04 19:29,C0527,coffee beans,grocery,1,12.50,12.50
T100621,2026-02-04 19:29,C0527,whole wheat bread,bakery,1,3.40,3.40
T100621,2026-02-04 19:29,C0527,strawberry jam,grocery,1,4.10,4.10
T100621,2026-02-04 19:29,C0527,croissant,bakery,1,1.80,1.80
T100621,2026-02-04 19:29,C0527,white bread,bakery,1,2.90,2.90
T100623,2026-02-04 19:38,,shampoo,care,1,7.40,7.40
T100623,2026-02-04 19:38,,milk 2%,dairy,1,3.80,3.80
T100623,2026-02-04 19:38,,tortilla chips,snack,1,4.20,4.20
T100623,2026-02-04 19:38,,ice cream,frozen,3,6.50,19.50
T100623,2026-02-04 19:38,,orange juice,beverage,1,4.40,4.40
T100623,2026-02-04 19:38,,laundry detergent,household,1,14.20,14.20
T100623,2026-02-04 19:38,,salsa,grocery,1,3.90,3.90
T100623,2026-02-04 19:38,,diapers,baby,1,24.90,24.90
T100623,2026-02-04 19:38,,bananas,produce,1,2.10,2.10
T100623,2026-02-04 19:38,,salsa,grocery,1,3.90,3.90
T100644,2026-02-05 10:37,C0453,eggs,dairy,1,4.90,4.90
T100644,2026-02-05 10:37,C0453,granola,grocery,1,6.20,6.20
T100644,2026-02-05 10:37,C0453,yogurt,dairy,1,4.60,4.60
T100644,2026-02-05 10:37,C0453,bananas,produce,1,2.10,2.10
T100644,2026-02-05 10:37,C0453,baby formula,baby,1,28.50,28.50
T100644,2026-02-05 10:37,C0453,laundry detergent,household,1,14.20,14.20
T100644,2026-02-05 10:37,C0453,berries,produce,1,5.80,5.80
T100634,2026-02-05 11:03,C0231,apples,produce,1,4.30,4.30
T100634,2026-02-05 11:03,C0231,coffee beans,grocery,1,12.50,12.50
T100646,2026-02-05 11:07,C0327,pasta,grocery,1,2.30,2.30
T100646,2026-02-05 11:07,C0327,tomato sauce,grocery,1,3.60,3.60
T100646,2026-02-05 11:07,C0327,red wine,beverage,1,16.00,16.00
T100646,2026-02-05 11:07,C0327,paper towels,household,1,8.30,8.30
T100646,2026-02-05 11:07,C0327,parmesan,dairy,1,8.90,8.90
T100646,2026-02-05 11:07,C0327,olive oil,grocery,1,11.20,11.20
T100643,2026-02-05 11:25,C0151,lemon,produce,1,0.90,0.90
T100643,2026-02-05 11:25,C0151,salmon,fish,1,15.90,15.90
T100643,2026-02-05 11:25,C0151,cucumber,produce,1,1.70,1.70
T100633,2026-02-05 12:19,C0210,laundry detergent,household,1,14.20,14.20
T100633,2026-02-05 12:19,C0210,croissant,bakery,2,1.80,3.60
T100633,2026-02-05 12:19,C0210,orange juice,beverage,1,4.40,4.40
T100633,2026-02-05 12:19,C0210,tomato sauce,grocery,1,3.60,3.60
T100633,2026-02-05 12:19,C0210,toilet paper,household,1,11.90,11.90
T100633,2026-02-05 12:19,C0210,paper towels,household,1,8.30,8.30
T100633,2026-02-05 12:19,C0210,bacon,meat,2,7.80,15.60
T100633,2026-02-05 12:19,C0210,toothpaste,care,1,4.50,4.50
T100633,2026-02-05 12:19,C0210,red wine,beverage,3,16.00,48.00
T100633,2026-02-05 12:19,C0210,ground beef,meat,1,9.40,9.40
T100636,2026-02-05 16:08,C0344,peanut butter,grocery,2,5.60,11.20
T100636,2026-02-05 16:08,C0344,lettuce,produce,1,2.60,2.60
T100636,2026-02-05 16:08,C0344,granola,grocery,1,6.20,6.20
T100636,2026-02-05 16:08,C0344,coffee beans,grocery,1,12.50,12.50
T100636,2026-02-05 16:08,C0344,yogurt,dairy,1,4.60,4.60
T100636,2026-02-05 16:08,C0344,sugar,grocery,1,3.20,3.20
T100636,2026-02-05 16:08,C0344,berries,produce,1,5.80,5.80
T100639,2026-02-05 16:14,,olive oil,grocery,1,11.20,11.20
T100639,2026-02-05 16:14,,lemon,produce,1,0.90,0.90
T100639,2026-02-05 16:14,,salmon,fish,1,15.90,15.90
T100639,2026-02-05 16:14,,chicken breast,meat,1,12.80,12.80
T100639,2026-02-05 16:14,,tomatoes,produce,1,3.90,3.90
T100642,2026-02-05 16:20,C0862,toilet paper,household,2,11.90,23.80
T100642,2026-02-05 16:20,C0862,milk 2%,dairy,1,3.80,3.80
T100642,2026-02-05 16:20,C0862,strawberry jam,grocery,1,4.10,4.10
T100642,2026-02-05 16:20,C0862,tomatoes,produce,1,3.90,3.90
T100642,2026-02-05 16:20,C0862,peanut butter,grocery,1,5.60,5.60
T100641,2026-02-05 16:29,,beer,beverage,1,13.50,13.50
T100641,2026-02-05 16:29,,parmesan,dairy,1,8.90,8.90
T100641,2026-02-05 16:29,,diapers,baby,1,24.90,24.90
T100641,2026-02-05 16:29,,baby formula,baby,1,28.50,28.50
T100638,2026-02-05 16:37,,red wine,beverage,1,16.00,16.00
T100638,2026-02-05 16:37,,ice cream,frozen,1,6.50,6.50
T100638,2026-02-05 16:37,,tea,grocery,1,6.40,6.40
T100638,2026-02-05 16:37,,butter,dairy,3,5.20,15.60
T100638,2026-02-05 16:37,,eggs,dairy,1,4.90,4.90
T100638,2026-02-05 16:37,,cucumber,produce,1,1.70,1.70
T100638,2026-02-05 16:37,,beer,beverage,1,13.50,13.50
T100638,2026-02-05 16:37,,coffee beans,grocery,1,12.50,12.50
T100638,2026-02-05 16:37,,white bread,bakery,1,2.90,2.90
T100638,2026-02-05 16:37,,peanuts,snack,3,4.80,14.40
T100648,2026-02-05 16:49,C0194,tomato sauce,grocery,1,3.60,3.60
T100648,2026-02-05 16:49,C0194,pasta,grocery,2,2.30,4.60
T100648,2026-02-05 16:49,C0194,parmesan,dairy,1,8.90,8.90
T100635,2026-02-05 17:33,C0077,parmesan,dairy,1,8.90,8.90
T100635,2026-02-05 17:33,C0077,baby formula,baby,1,28.50,28.50
T100635,2026-02-05 17:33,C0077,salmon,fish,3,15.90,47.70
T100635,2026-02-05 17:33,C0077,olive oil,grocery,1,11.20,11.20
T100635,2026-02-05 17:33,C0077,red wine,beverage,1,16.00,16.00
T100635,2026-02-05 17:33,C0077,pasta,grocery,1,2.30,2.30
T100635,2026-02-05 17:33,C0077,tomato sauce,grocery,1,3.60,3.60
T100640,2026-02-05 18:07,,cucumber,produce,1,1.70,1.70
T100640,2026-02-05 18:07,,dish soap,household,3,4.70,14.10
T100640,2026-02-05 18:07,,salmon,fish,1,15.90,15.90
T100640,2026-02-05 18:07,,bacon,meat,2,7.80,15.60
T100640,2026-02-05 18:07,,lemon,produce,1,0.90,0.90
T100640,2026-02-05 18:07,,shampoo,care,1,7.40,7.40
T100640,2026-02-05 18:07,,lettuce,produce,1,2.60,2.60
T100637,2026-02-05 18:17,C0777,ground beef,meat,2,9.40,18.80
T100637,2026-02-05 18:17,C0777,whole wheat bread,bakery,1,3.40,3.40
T100637,2026-02-05 18:17,C0777,pasta,grocery,1,2.30,2.30
T100637,2026-02-05 18:17,C0777,parmesan,dairy,1,8.90,8.90
T100637,2026-02-05 18:17,C0777,tomato sauce,grocery,1,3.60,3.60
T100637,2026-02-05 18:17,C0777,chocolate bar,snack,1,2.70,2.70
T100647,2026-02-05 19:26,C0536,cucumber,produce,1,1.70,1.70
T100647,2026-02-05 19:26,C0536,baby wipes,baby,1,6.70,6.70
T100647,2026-02-05 19:26,C0536,dish soap,household,1,4.70,4.70
T100647,2026-02-05 19:26,C0536,orange juice,beverage,1,4.40,4.40
T100647,2026-02-05 19:26,C0536,avocado,produce,1,2.20,2.20
T100645,2026-02-05 19:35,,lemon,produce,1,0.90,0.90
T100645,2026-02-05 19:35,,parmesan,dairy,1,8.90,8.90
T100645,2026-02-05 19:35,,salmon,fish,1,15.90,15.90
T100645,2026-02-05 19:35,,cucumber,produce,1,1.70,1.70
T100645,2026-02-05 19:35,,milk 2%,dairy,3,3.80,11.40
T100645,2026-02-05 19:35,,sparkling water,beverage,3,3.10,9.30
T100649,2026-02-05 19:37,,bacon,meat,2,7.80,15.60
T100649,2026-02-05 19:37,,strawberry jam,grocery,1,4.10,4.10
T100649,2026-02-05 19:37,,tea,grocery,1,6.40,6.40
T100649,2026-02-05 19:37,,dish soap,household,1,4.70,4.70
T100649,2026-02-05 19:37,,paper towels,household,1,8.30,8.30
T100649,2026-02-05 19:37,,avocado,produce,1,2.20,2.20
T100649,2026-02-05 19:37,,laundry detergent,household,1,14.20,14.20
T100649,2026-02-05 19:37,,conditioner,care,3,7.40,22.20
T100676,2026-02-06 08:37,C0680,whole wheat bread,bakery,1,3.40,3.40
T100676,2026-02-06 08:37,C0680,granola,grocery,3,6.20,18.60
T100676,2026-02-06 08:37,C0680,shampoo,care,1,7.40,7.40
T100676,2026-02-06 08:37,C0680,coffee beans,grocery,1,12.50,12.50
T100676,2026-02-06 08:37,C0680,milk 2%,dairy,1,3.80,3.80
T100656,2026-02-06 08:58,C0256,whole wheat bread,bakery,1,3.40,3.40
T100656,2026-02-06 08:58,C0256,toothpaste,care,1,4.50,4.50
T100656,2026-02-06 08:58,C0256,tomato sauce,grocery,1,3.60,3.60
T100656,2026-02-06 08:58,C0256,chicken breast,meat,1,12.80,12.80
T100656,2026-02-06 08:58,C0256,sparkling water,beverage,1,3.10,3.10
T100656,2026-02-06 08:58,C0256,pasta,grocery,1,2.30,2.30
T100656,2026-02-06 08:58,C0256,bacon,meat,2,7.80,15.60
T100656,2026-02-06 08:58,C0256,parmesan,dairy,1,8.90,8.90
T100664,2026-02-06 09:22,,butter,dairy,1,5.20,5.20
T100664,2026-02-06 09:22,,berries,produce,3,5.80,17.40
T100664,2026-02-06 09:22,,whole wheat bread,bakery,1,3.40,3.40
T100664,2026-02-06 09:22,,eggs,dairy,1,4.90,4.90
T100664,2026-02-06 09:22,,coffee beans,grocery,1,12.50,12.50
T100664,2026-02-06 09:22,,diapers,baby,1,24.90,24.90
T100664,2026-02-06 09:22,,white bread,bakery,1,2.90,2.90
T100671,2026-02-06 09:36,,lemon,produce,1,0.90,0.90
T100671,2026-02-06 09:36,,avocado,produce,1,2.20,2.20
T100671,2026-02-06 09:36,,milk 2%,dairy,1,3.80,3.80
T100671,2026-02-06 09:36,,apples,produce,1,4.30,4.30
T100654,2026-02-06 10:26,,yogurt,dairy,1,4.60,4.60
T100654,2026-02-06 10:26,,shampoo,care,1,7.40,7.40
T100654,2026-02-06 10:26,,avocado,produce,1,2.20,2.20
T100654,2026-02-06 10:26,,lettuce,produce,1,2.60,2.60
T100654,2026-02-06 10:26,,bananas,produce,1,2.10,2.10
T100670,2026-02-06 10:30,C0136,frozen pizza,frozen,2,7.20,14.40
T100670,2026-02-06 10:30,C0136,ground beef,meat,1,9.40,9.40
T100670,2026-02-06 10:30,C0136,yogurt,dairy,1,4.60,4.60
T100670,2026-02-06 10:30,C0136,tortilla chips,snack,1,4.20,4.20
T100670,2026-02-06 10:30,C0136,peanuts,snack,1,4.80,4.80
T100670,2026-02-06 10:30,C0136,salsa,grocery,1,3.90,3.90
T100670,2026-02-06 10:30,C0136,paper towels,household,3,8.30,24.90
T100661,2026-02-06 11:06,C0726,parmesan,dairy,1,8.90,8.90
T100661,2026-02-06 11:06,C0726,conditioner,care,1,7.40,7.40
T100661,2026-02-06 11:06,C0726,tomatoes,produce,1,3.90,3.90
T100661,2026-02-06 11:06,C0726,toilet paper,household,1,11.90,11.90
T100661,2026-02-06 11:06,C0726,toothpaste,care,1,4.50,4.50
T100661,2026-02-06 11:06,C0726,shampoo,care,1,7.40,7.40
T100665,2026-02-06 11:27,C0281,olive oil,grocery,1,11.20,11.20
T100665,2026-02-06 11:27,C0281,lemon,produce,1,0.90,0.90
T100665,2026-02-06 11:27,C0281,salmon,fish,1,15.90,15.90
T100665,2026-02-06 11:27,C0281,cucumber,produce,1,1.70,1.70
T100665,2026-02-06 11:27,C0281,tea,grocery,1,6.40,6.40
T100657,2026-02-06 11:49,C0042,paper towels,household,1,8.30,8.30
T100657,2026-02-06 11:49,C0042,berries,produce,1,5.80,5.80
T100657,2026-02-06 11:49,C0042,pasta,grocery,1,2.30,2.30
T100657,2026-02-06 11:49,C0042,avocado,produce,1,2.20,2.20
T100657,2026-02-06 11:49,C0042,bananas,produce,1,2.10,2.10
T100657,2026-02-06 11:49,C0042,conditioner,care,1,7.40,7.40
T100666,2026-02-06 11:58,C0253,white bread,bakery,2,2.90,5.80
T100666,2026-02-06 11:58,C0253,tortilla chips,snack,3,4.20,12.60
T100666,2026-02-06 11:58,C0253,beer,beverage,1,13.50,13.50
T100666,2026-02-06 11:58,C0253,ice cream,frozen,1,6.50,6.50
T100666,2026-02-06 11:58,C0253,cucumber,produce,2,1.70,3.40
T100666,2026-02-06 11:58,C0253,salsa,grocery,1,3.90,3.90
T100666,2026-02-06 11:58,C0253,tomato sauce,grocery,1,3.60,3.60
T100658,2026-02-06 12:04,C0765,sugar,grocery,1,3.20,3.20
T100658,2026-02-06 12:04,C0765,olive oil,grocery,1,11.20,11.20
T100658,2026-02-06 12:04,C0765,white bread,bakery,3,2.90,8.70
T100658,2026-02-06 12:04,C0765,baby formula,baby,1,28.50,28.50
T100658,2026-02-06 12:04,C0765,coffee beans,grocery,3,12.50,37.50
T100658,2026-02-06 12:04,C0765,milk 2%,dairy,1,3.80,3.80
T100653,2026-02-06 12:58,,conditioner,care,1,7.40,7.40
T100653,2026-02-06 12:58,,milk 2%,dairy,1,3.80,3.80
T100653,2026-02-06 12:58,,butter,dairy,1,5.20,5.20
T100653,2026-02-06 12:58,,sugar,grocery,2,3.20,6.40
T100659,2026-02-06 13:17,,pasta,grocery,2,2.30,4.60
T100659,2026-02-06 13:17,,dish soap,household,1,4.70,4.70
T100659,2026-02-06 13:17,,toilet paper,household,1,11.90,11.90
T100659,2026-02-06 13:17,,laundry detergent,household,1,14.20,14.20
T100667,2026-02-06 16:04,,peanuts,snack,1,4.80,4.80
T100667,2026-02-06 16:04,,salsa,grocery,1,3.90,3.90
T100667,2026-02-06 16:04,,tortilla chips,snack,2,4.20,8.40
T100669,2026-02-06 16:13,,diapers,baby,1,24.90,24.90
T100669,2026-02-06 16:13,,lemon,produce,1,0.90,0.90
T100677,2026-02-06 16:46,C0383,olive oil,grocery,1,11.20,11.20
T100677,2026-02-06 16:46,C0383,salsa,grocery,3,3.90,11.70
T100677,2026-02-06 16:46,C0383,toilet paper,household,2,11.90,23.80
T100673,2026-02-06 17:19,,toilet paper,household,1,11.90,11.90
T100673,2026-02-06 17:19,,white bread,bakery,1,2.90,2.90
T100673,2026-02-06 17:19,,paper towels,household,1,8.30,8.30
T100673,2026-02-06 17:19,,dish soap,household,1,4.70,4.70
T100673,2026-02-06 17:19,,laundry detergent,household,1,14.20,14.20
T100673,2026-02-06 17:19,,lettuce,produce,1,2.60,2.60
T100672,2026-02-06 18:00,,butter,dairy,1,5.20,5.20
T100672,2026-02-06 18:00,,berries,produce,1,5.80,5.80
T100672,2026-02-06 18:00,,lettuce,produce,1,2.60,2.60
T100672,2026-02-06 18:00,,yogurt,dairy,1,4.60,4.60
T100672,2026-02-06 18:00,,avocado,produce,1,2.20,2.20
T100674,2026-02-06 18:22,C0354,ground beef,meat,1,9.40,9.40
T100674,2026-02-06 18:22,C0354,salmon,fish,1,15.90,15.90
T100668,2026-02-06 18:33,C0405,bacon,meat,1,7.80,7.80
T100668,2026-02-06 18:33,C0405,conditioner,care,1,7.40,7.40
T100668,2026-02-06 18:33,C0405,shampoo,care,3,7.40,22.20
T100650,2026-02-06 19:18,,tortilla chips,snack,1,4.20,4.20
T100650,2026-02-06 19:18,,lettuce,produce,2,2.60,5.20
T100650,2026-02-06 19:18,,ground beef,meat,2,9.40,18.80
T100650,2026-02-06 19:18,,apples,produce,1,4.30,4.30
T100650,2026-02-06 19:18,,bacon,meat,2,7.80,15.60
T100662,2026-02-06 19:30,,peanut butter,grocery,3,5.60,16.80
T100662,2026-02-06 19:30,,milk 2%,dairy,2,3.80,7.60
T100662,2026-02-06 19:30,,strawberry jam,grocery,1,4.10,4.10
T100662,2026-02-06 19:30,,butter,dairy,1,5.20,5.20
T100652,2026-02-06 19:41,C0179,salmon,fish,1,15.90,15.90
T100652,2026-02-06 19:41,C0179,tea,grocery,1,6.40,6.40
T100652,2026-02-06 19:41,C0179,lemon,produce,1,0.90,0.90
T100652,2026-02-06 19:41,C0179,shampoo,care,1,7.40,7.40
T100652,2026-02-06 19:41,C0179,avocado,produce,1,2.20,2.20
T100652,2026-02-06 19:41,C0179,baby formula,baby,1,28.50,28.50
T100652,2026-02-06 19:41,C0179,tomato sauce,grocery,1,3.60,3.60
T100655,2026-02-06 20:07,C0444,sugar,grocery,1,3.20,3.20
T100655,2026-02-06 20:07,C0444,coffee beans,grocery,1,12.50,12.50
T100655,2026-02-06 20:07,C0444,croissant,bakery,1,1.80,1.80
T100660,2026-02-06 20:26,,lemon,produce,2,0.90,1.80
T100660,2026-02-06 20:26,,cucumber,produce,1,1.70,1.70
T100660,2026-02-06 20:26,,tea,grocery,3,6.40,19.20
T100660,2026-02-06 20:26,,laundry detergent,household,1,14.20,14.20
T100660,2026-02-06 20:26,,croissant,bakery,1,1.80,1.80
T100660,2026-02-06 20:26,,salmon,fish,1,15.90,15.90
T100660,2026-02-06 20:26,,olive oil,grocery,1,11.20,11.20
T100675,2026-02-06 20:33,C0002,tomato sauce,grocery,1,3.60,3.60
T100675,2026-02-06 20:33,C0002,milk 2%,dairy,1,3.80,3.80
T100675,2026-02-06 20:33,C0002,white bread,bakery,2,2.90,5.80
T100675,2026-02-06 20:33,C0002,tea,grocery,1,6.40,6.40
T100675,2026-02-06 20:33,C0002,bacon,meat,2,7.80,15.60
T100675,2026-02-06 20:33,C0002,butter,dairy,3,5.20,15.60
T100675,2026-02-06 20:33,C0002,pasta,grocery,2,2.30,4.60
T100663,2026-02-06 20:48,C0031,cucumber,produce,1,1.70,1.70
T100663,2026-02-06 20:48,C0031,salmon,fish,1,15.90,15.90
T100663,2026-02-06 20:48,C0031,laundry detergent,household,1,14.20,14.20
T100663,2026-02-06 20:48,C0031,tortilla chips,snack,1,4.20,4.20
T100651,2026-02-06 20:58,C0755,conditioner,care,1,7.40,7.40
T100651,2026-02-06 20:58,C0755,toothpaste,care,1,4.50,4.50
T100651,2026-02-06 20:58,C0755,tomato sauce,grocery,1,3.60,3.60
T100651,2026-02-06 20:58,C0755,pasta,grocery,1,2.30,2.30
T100682,2026-02-07 09:38,,milk 2%,dairy,1,3.80,3.80
T100682,2026-02-07 09:38,,trash bags,household,1,9.10,9.10
T100682,2026-02-07 09:38,,coffee beans,grocery,3,12.50,37.50
T100682,2026-02-07 09:38,,strawberry jam,grocery,1,4.10,4.10
T100682,2026-02-07 09:38,,white bread,bakery,2,2.90,5.80
T100689,2026-02-07 10:23,,butter,dairy,3,5.20,15.60
T100689,2026-02-07 10:23,,tortilla chips,snack,1,4.20,4.20
T100689,2026-02-07 10:23,,chicken breast,meat,1,12.80,12.80
T100689,2026-02-07 10:23,,tomatoes,produce,1,3.90,3.90
T100693,2026-02-07 10:24,C0111,lettuce,produce,1,2.60,2.60
T100693,2026-02-07 10:24,C0111,pasta,grocery,1,2.30,2.30
T100693,2026-02-07 10:24,C0111,red wine,beverage,1,16.00,16.00
T100693,2026-02-07 10:24,C0111,sparkling water,beverage,3,3.10,9.30
T100693,2026-02-07 10:24,C0111,sugar,grocery,1,3.20,3.20
T100693,2026-02-07 10:24,C0111,tortilla chips,snack,1,4.20,4.20
T100693,2026-02-07 10:24,C0111,avocado,produce,1,2.20,2.20
T100693,2026-02-07 10:24,C0111,berries,produce,1,5.80,5.80
T100697,2026-02-07 10:30,,baby formula,baby,1,28.50,28.50
T100697,2026-02-07 10:30,,butter,dairy,1,5.20,5.20
T100697,2026-02-07 10:30,,coffee beans,grocery,1,12.50,12.50
T100697,2026-02-07 10:30,,tortilla chips,snack,1,4.20,4.20
T100697,2026-02-07 10:30,,strawberry jam,grocery,1,4.10,4.10
T100697,2026-02-07 10:30,,olive oil,grocery,1,11.20,11.20
T100697,2026-02-07 10:30,,milk 2%,dairy,2,3.80,7.60
T100697,2026-02-07 10:30,,sparkling water,beverage,1,3.10,3.10
T100694,2026-02-07 11:33,C0734,bananas,produce,1,2.10,2.10
T100694,2026-02-07 11:33,C0734,diapers,baby,2,24.90,49.80
T100694,2026-02-07 11:33,C0734,croissant,bakery,2,1.80,3.60
T100694,2026-02-07 11:33,C0734,lemon,produce,1,0.90,0.90
T100694,2026-02-07 11:33,C0734,tea,grocery,1,6.40,6.40
T100694,2026-02-07 11:33,C0734,avocado,produce,1,2.20,2.20
T100694,2026-02-07 11:33,C0734,granola,grocery,2,6.20,12.40
T100694,2026-02-07 11:33,C0734,baby wipes,baby,1,6.70,6.70
T100694,2026-02-07 11:33,C0734,berries,produce,3,5.80,17.40
T100694,2026-02-07 11:33,C0734,cucumber,produce,1,1.70,1.70
T100683,2026-02-07 12:03,C0745,diapers,baby,1,24.90,24.90
T100683,2026-02-07 12:03,C0745,granola,grocery,1,6.20,6.20
T100683,2026-02-07 12:03,C0745,berries,produce,1,5.80,5.80
T100683,2026-02-07 12:03,C0745,yogurt,dairy,1,4.60,4.60
T100683,2026-02-07 12:03,C0745,red wine,beverage,3,16.00,48.00
T100683,2026-02-07 12:03,C0745,baby formula,baby,1,28.50,28.50
T100683,2026-02-07 12:03,C0745,salmon,fish,1,15.90,15.90
T100692,2026-02-07 12:42,C0301,peanut butter,grocery,1,5.60,5.60
T100692,2026-02-07 12:42,C0301,orange juice,beverage,1,4.40,4.40
T100692,2026-02-07 12:42,C0301,pasta,grocery,1,2.30,2.30
T100692,2026-02-07 12:42,C0301,red wine,beverage,1,16.00,16.00
T100692,2026-02-07 12:42,C0301,parmesan,dairy,1,8.90,8.90
T100692,2026-02-07 12:42,C0301,salsa,grocery,1,3.90,3.90
T100692,2026-02-07 12:42,C0301,tomatoes,produce,1,3.90,3.90
T100692,2026-02-07 12:42,C0301,ground beef,meat,3,9.40,28.20
T100692,2026-02-07 12:42,C0301,tomato sauce,grocery,1,3.60,3.60
T100684,2026-02-07 12:45,C0388,red wine,beverage,1,16.00,16.00
T100684,2026-02-07 12:45,C0388,sugar,grocery,1,3.20,3.20
T100684,2026-02-07 12:45,C0388,pasta,grocery,1,2.30,2.30
T100684,2026-02-07 12:45,C0388,tomato sauce,grocery,1,3.60,3.60
T100695,2026-02-07 12:51,,toilet paper,household,1,11.90,11.90
T100695,2026-02-07 12:51,,berries,produce,1,5.80,5.80
T100695,2026-02-07 12:51,,orange juice,beverage,1,4.40,4.40
T100695,2026-02-07 12:51,,paper towels,household,1,8.30,8.30
T100695,2026-02-07 12:51,,croissant,bakery,1,1.80,1.80
T100695,2026-02-07 12:51,,trash bags,household,1,9.10,9.10
T100695,2026-02-07 12:51,,white bread,bakery,3,2.90,8.70
T100695,2026-02-07 12:51,,dish soap,household,1,4.70,4.70
T100695,2026-02-07 12:51,,tomato sauce,grocery,2,3.60,7.20
T100695,2026-02-07 12:51,,sugar,grocery,1,3.20,3.20
T100696,2026-02-07 13:42,C0834,milk 2%,dairy,1,3.80,3.80
T100696,2026-02-07 13:42,C0834,white bread,bakery,1,2.90,2.90
T100696,2026-02-07 13:42,C0834,eggs,dairy,1,4.90,4.90
T100696,2026-02-07 13:42,C0834,butter,dairy,1,5.20,5.20
T100696,2026-02-07 13:42,C0834,sparkling water,beverage,2,3.10,6.20
T100696,2026-02-07 13:42,C0834,strawberry jam,grocery,1,4.10,4.10
T100696,2026-02-07 13:42,C0834,bananas,produce,1,2.10,2.10
T100687,2026-02-07 17:15,,trash bags,household,1,9.10,9.10
T100687,2026-02-07 17:15,,sparkling water,beverage,1,3.10,3.10
T100687,2026-02-07 17:15,,conditioner,care,1,7.40,7.40
T100687,2026-02-07 17:15,,bacon,meat,3,7.80,23.40
T100687,2026-02-07 17:15,,coffee beans,grocery,1,12.50,12.50
T100687,2026-02-07 17:15,,strawberry jam,grocery,1,4.10,4.10
T100687,2026-02-07 17:15,,olive oil,grocery,2,11.20,22.40
T100687,2026-02-07 17:15,,white bread,bakery,1,2.90,2.90
T100687,2026-02-07 17:15,,butter,dairy,1,5.20,5.20
T100698,2026-02-07 17:30,,berries,produce,1,5.80,5.80
T100698,2026-02-07 17:30,,tomato sauce,grocery,1,3.60,3.60
T100698,2026-02-07 17:30,,parmesan,dairy,1,8.90,8.90
T100698,2026-02-07 17:30,,bacon,meat,1,7.80,7.80
T100698,2026-02-07 17:30,,granola,grocery,2,6.20,12.40
T100698,2026-02-07 17:30,,diapers,baby,1,24.90,24.90
T100698,2026-02-07 17:30,,avocado,produce,2,2.20,4.40
T100698,2026-02-07 17:30,,bananas,produce,1,2.10,2.10
T100680,2026-02-07 17:50,,peanut butter,grocery,1,5.60,5.60
T100685,2026-02-07 17:56,C0841,coffee beans,grocery,1,12.50,12.50
T100685,2026-02-07 17:56,C0841,croissant,bakery,3,1.80,5.40
T100685,2026-02-07 17:56,C0841,lettuce,produce,1,2.60,2.60
T100679,2026-02-07 18:20,C0599,beer,beverage,1,13.50,13.50
T100679,2026-02-07 18:20,C0599,salsa,grocery,1,3.90,3.90
T100679,2026-02-07 18:20,C0599,toothpaste,care,1,4.50,4.50
T100679,2026-02-07 18:20,C0599,tortilla chips,snack,1,4.20,4.20
T100690,2026-02-07 18:35,,diapers,baby,1,24.90,24.90
T100690,2026-02-07 18:35,,dish soap,household,1,4.70,4.70
T100690,2026-02-07 18:35,,sugar,grocery,1,3.20,3.20
T100686,2026-02-07 18:59,C0800,eggs,dairy,1,4.90,4.90
T100686,2026-02-07 18:59,C0800,salsa,grocery,1,3.90,3.90
T100686,2026-02-07 18:59,C0800,strawberry jam,grocery,1,4.10,4.10
T100686,2026-02-07 18:59,C0800,butter,dairy,1,5.20,5.20
T100686,2026-02-07 18:59,C0800,peanut butter,grocery,1,5.60,5.60
T100686,2026-02-07 18:59,C0800,milk 2%,dairy,1,3.80,3.80
T100681,2026-02-07 19:00,C0518,apples,produce,1,4.30,4.30
T100681,2026-02-07 19:00,C0518,chocolate bar,snack,1,2.70,2.70
T100681,2026-02-07 19:00,C0518,tortilla chips,snack,1,4.20,4.20
T100681,2026-02-07 19:00,C0518,beer,beverage,3,13.50,40.50
T100688,2026-02-07 19:03,C0092,coffee beans,grocery,1,12.50,12.50
T100688,2026-02-07 19:03,C0092,red wine,beverage,1,16.00,16.00
T100688,2026-02-07 19:03,C0092,white bread,bakery,3,2.90,8.70
T100688,2026-02-07 19:03,C0092,eggs,dairy,1,4.90,4.90
T100688,2026-02-07 19:03,C0092,strawberry jam,grocery,1,4.10,4.10
T100699,2026-02-07 19:07,,milk 2%,dairy,1,3.80,3.80
T100699,2026-02-07 19:07,,lettuce,produce,1,2.60,2.60
T100699,2026-02-07 19:07,,croissant,bakery,1,1.80,1.80
T100699,2026-02-07 19:07,,coffee beans,grocery,1,12.50,12.50
T100699,2026-02-07 19:07,,olive oil,grocery,1,11.20,11.20
T100699,2026-02-07 19:07,,sugar,grocery,1,3.20,3.20
T100678,2026-02-07 19:28,,olive oil,grocery,1,11.20,11.20
T100678,2026-02-07 19:28,,salmon,fish,1,15.90,15.90
T100678,2026-02-07 19:28,,shampoo,care,2,7.40,14.80
T100691,2026-02-07 19:55,C0658,salmon,fish,1,15.90,15.90
T100691,2026-02-07 19:55,C0658,chocolate bar,snack,2,2.70,5.40
T100691,2026-02-07 19:55,C0658,trash bags,household,1,9.10,9.10
T100691,2026-02-07 19:55,C0658,sugar,grocery,3,3.20,9.60
T100702,2026-02-08 08:00,,parmesan,dairy,1,8.90,8.90
T100702,2026-02-08 08:00,,pasta,grocery,1,2.30,2.30
T100702,2026-02-08 08:00,,olive oil,grocery,3,11.20,33.60
T100702,2026-02-08 08:00,,tomato sauce,grocery,1,3.60,3.60
T100703,2026-02-08 08:41,,sparkling water,beverage,1,3.10,3.10
T100703,2026-02-08 08:41,,sugar,grocery,2,3.20,6.40
T100703,2026-02-08 08:41,,shampoo,care,1,7.40,7.40
T100700,2026-02-08 09:45,C0158,laundry detergent,household,1,14.20,14.20
T100700,2026-02-08 09:45,C0158,orange juice,beverage,3,4.40,13.20
T100700,2026-02-08 09:45,C0158,diapers,baby,1,24.90,24.90
T100705,2026-02-08 12:17,C0647,trash bags,household,1,9.10,9.10
T100705,2026-02-08 12:17,C0647,berries,produce,1,5.80,5.80
T100705,2026-02-08 12:17,C0647,laundry detergent,household,1,14.20,14.20
T100705,2026-02-08 12:17,C0647,paper towels,household,1,8.30,8.30
T100701,2026-02-08 13:09,C0559,white bread,bakery,1,2.90,2.90
T100701,2026-02-08 13:09,C0559,strawberry jam,grocery,1,4.10,4.10
T100701,2026-02-08 13:09,C0559,laundry detergent,household,1,14.20,14.20
T100701,2026-02-08 13:09,C0559,granola,grocery,1,6.20,6.20
T100701,2026-02-08 13:09,C0559,coffee beans,grocery,1,12.50,12.50
T100707,2026-02-08 17:38,,parmesan,dairy,1,8.90,8.90
T100707,2026-02-08 17:38,,ground beef,meat,1,9.40,9.40
T100707,2026-02-08 17:38,,pasta,grocery,1,2.30,2.30
T100707,2026-02-08 17:38,,olive oil,grocery,1,11.20,11.20
T100704,2026-02-08 18:35,C0077,shampoo,care,3,7.40,22.20
T100704,2026-02-08 18:35,C0077,beer,beverage,1,13.50,13.50
T100704,2026-02-08 18:35,C0077,diapers,baby,1,24.90,24.90
T100704,2026-02-08 18:35,C0077,baby formula,baby,1,28.50,28.50
T100706,2026-02-08 19:50,C0172,tea,grocery,1,6.40,6.40
T100706,2026-02-08 19:50,C0172,baby wipes,baby,1,6.70,6.70
T100706,2026-02-08 19:50,C0172,diapers,baby,1,24.90,24.90
T100710,2026-02-09 09:28,,white bread,bakery,3,2.90,8.70
T100710,2026-02-09 09:28,,sparkling water,beverage,1,3.10,3.10
T100710,2026-02-09 09:28,,milk 2%,dairy,1,3.80,3.80
T100710,2026-02-09 09:28,,strawberry jam,grocery,1,4.10,4.10
T100710,2026-02-09 09:28,,toilet paper,household,1,11.90,11.90
T100710,2026-02-09 09:28,,eggs,dairy,1,4.90,4.90
T100710,2026-02-09 09:28,,red wine,beverage,1,16.00,16.00
T100710,2026-02-09 09:28,,parmesan,dairy,1,8.90,8.90
T100710,2026-02-09 09:28,,salmon,fish,1,15.90,15.90
T100721,2026-02-09 10:41,,baby wipes,baby,1,6.70,6.70
T100721,2026-02-09 10:41,,yogurt,dairy,1,4.60,4.60
T100721,2026-02-09 10:41,,sugar,grocery,2,3.20,6.40
T100721,2026-02-09 10:41,,peanut butter,grocery,1,5.60,5.60
T100721,2026-02-09 10:41,,tortilla chips,snack,1,4.20,4.20
T100721,2026-02-09 10:41,,granola,grocery,1,6.20,6.20
T100721,2026-02-09 10:41,,berries,produce,1,5.80,5.80
T100721,2026-02-09 10:41,,bananas,produce,1,2.10,2.10
T100712,2026-02-09 12:32,,cucumber,produce,1,1.70,1.70
T100712,2026-02-09 12:32,,apples,produce,2,4.30,8.60
T100712,2026-02-09 12:32,,beer,beverage,2,13.50,27.00
T100712,2026-02-09 12:32,,salmon,fish,1,15.90,15.90
T100712,2026-02-09 12:32,,ice cream,frozen,1,6.50,6.50
T100712,2026-02-09 12:32,,olive oil,grocery,1,11.20,11.20
T100712,2026-02-09 12:32,,diapers,baby,2,24.90,49.80
T100719,2026-02-09 13:28,,cucumber,produce,1,1.70,1.70
T100719,2026-02-09 13:28,,croissant,bakery,1,1.80,1.80
T100719,2026-02-09 13:28,,butter,dairy,3,5.20,15.60
T100719,2026-02-09 13:28,,tortilla chips,snack,1,4.20,4.20
T100719,2026-02-09 13:28,,strawberry jam,grocery,1,4.10,4.10
T100719,2026-02-09 13:28,,avocado,produce,3,2.20,6.60
T100719,2026-02-09 13:28,,beer,beverage,3,13.50,40.50
T100723,2026-02-09 13:57,C0218,shampoo,care,1,7.40,7.40
T100723,2026-02-09 13:57,C0218,milk 2%,dairy,1,3.80,3.80
T100723,2026-02-09 13:57,C0218,berries,produce,1,5.80,5.80
T100723,2026-02-09 13:57,C0218,avocado,produce,1,2.20,2.20
T100720,2026-02-09 17:05,C0406,cucumber,produce,1,1.70,1.70
T100720,2026-02-09 17:05,C0406,coffee beans,grocery,1,12.50,12.50
T100720,2026-02-09 17:05,C0406,chicken breast,meat,1,12.80,12.80
T100720,2026-02-09 17:05,C0406,red wine,beverage,1,16.00,16.00
T100720,2026-02-09 17:05,C0406,milk 2%,dairy,1,3.80,3.80
T100708,2026-02-09 17:11,,toilet paper,household,1,11.90,11.90
T100708,2026-02-09 17:11,,dish soap,household,1,4.70,4.70
T100716,2026-02-09 17:13,C0066,yogurt,dairy,1,4.60,4.60
T100716,2026-02-09 17:13,C0066,chicken breast,meat,1,12.80,12.80
T100716,2026-02-09 17:13,C0066,granola,grocery,1,6.20,6.20
T100716,2026-02-09 17:13,C0066,bananas,produce,1,2.10,2.10
T100713,2026-02-09 17:20,C0527,granola,grocery,2,6.20,12.40
T100713,2026-02-09 17:20,C0527,bananas,produce,1,2.10,2.10
T100713,2026-02-09 17:20,C0527,frozen pizza,frozen,1,7.20,7.20
T100713,2026-02-09 17:20,C0527,milk 2%,dairy,1,3.80,3.80
T100713,2026-02-09 17:20,C0527,pasta,grocery,1,2.30,2.30
T100713,2026-02-09 17:20,C0527,yogurt,dairy,1,4.60,4.60
T100713,2026-02-09 17:20,C0527,salsa,grocery,1,3.90,3.90
T100714,2026-02-09 17:28,C0315,eggs,dairy,1,4.90,4.90
T100714,2026-02-09 17:28,C0315,paper towels,household,1,8.30,8.30
T100717,2026-02-09 18:01,C0767,toilet paper,household,2,11.90,23.80
T100717,2026-02-09 18:01,C0767,conditioner,care,1,7.40,7.40
T100717,2026-02-09 18:01,C0767,dish soap,household,1,4.70,4.70
T100717,2026-02-09 18:01,C0767,paper towels,household,1,8.30,8.30
T100717,2026-02-09 18:01,C0767,whole wheat bread,bakery,3,3.40,10.20
T100709,2026-02-09 18:06,C0400,yogurt,dairy,2,4.60,9.20
T100709,2026-02-09 18:06,C0400,tea,grocery,3,6.40,19.20
T100709,2026-02-09 18:06,C0400,sugar,grocery,1,3.20,3.20
T100709,2026-02-09 18:06,C0400,trash bags,household,1,9.10,9.10
T100709,2026-02-09 18:06,C0400,avocado,produce,1,2.20,2.20
T100709,2026-02-09 18:06,C0400,ice cream,frozen,1,6.50,6.50
T100709,2026-02-09 18:06,C0400,bananas,produce,1,2.10,2.10
T100709,2026-02-09 18:06,C0400,berries,produce,1,5.80,5.80
T100711,2026-02-09 18:18,C0855,diapers,baby,1,24.90,24.90
T100711,2026-02-09 18:18,C0855,beer,beverage,1,13.50,13.50
T100711,2026-02-09 18:18,C0855,baby wipes,baby,1,6.70,6.70
T100711,2026-02-09 18:18,C0855,baby formula,baby,1,28.50,28.50
T100715,2026-02-09 18:34,C0282,olive oil,grocery,2,11.20,22.40
T100715,2026-02-09 18:34,C0282,cucumber,produce,1,1.70,1.70
T100715,2026-02-09 18:34,C0282,toothpaste,care,1,4.50,4.50
T100715,2026-02-09 18:34,C0282,baby wipes,baby,3,6.70,20.10
T100715,2026-02-09 18:34,C0282,dish soap,household,1,4.70,4.70
T100715,2026-02-09 18:34,C0282,laundry detergent,household,2,14.20,28.40
T100715,2026-02-09 18:34,C0282,tortilla chips,snack,1,4.20,4.20
T100715,2026-02-09 18:34,C0282,toilet paper,household,1,11.90,11.90
T100715,2026-02-09 18:34,C0282,red wine,beverage,1,16.00,16.00
T100718,2026-02-09 19:44,C0459,baby formula,baby,3,28.50,85.50
T100718,2026-02-09 19:44,C0459,diapers,baby,1,24.90,24.90
T100724,2026-02-09 20:00,,sparkling water,beverage,1,3.10,3.10
T100724,2026-02-09 20:00,,baby wipes,baby,1,6.70,6.70
T100724,2026-02-09 20:00,,lettuce,produce,1,2.60,2.60
T100724,2026-02-09 20:00,,tomatoes,produce,3,3.90,11.70
T100722,2026-02-09 20:56,C0270,tomato sauce,grocery,1,3.60,3.60
T100722,2026-02-09 20:56,C0270,trash bags,household,1,9.10,9.10
T100722,2026-02-09 20:56,C0270,parmesan,dairy,1,8.90,8.90
T100722,2026-02-09 20:56,C0270,coffee beans,grocery,1,12.50,12.50
T100747,2026-02-10 09:33,C0854,beer,beverage,1,13.50,13.50
T100747,2026-02-10 09:33,C0854,toilet paper,household,1,11.90,11.90
T100747,2026-02-10 09:33,C0854,coffee beans,grocery,1,12.50,12.50
T100747,2026-02-10 09:33,C0854,sugar,grocery,1,3.20,3.20
T100747,2026-02-10 09:33,C0854,diapers,baby,1,24.90,24.90
T100747,2026-02-10 09:33,C0854,white bread,bakery,3,2.90,8.70
T100747,2026-02-10 09:33,C0854,butter,dairy,1,5.20,5.20
T100744,2026-02-10 09:43,C0601,trash bags,household,1,9.10,9.10
T100744,2026-02-10 09:43,C0601,tortilla chips,snack,1,4.20,4.20
T100744,2026-02-10 09:43,C0601,toilet paper,household,1,11.90,11.90
T100744,2026-02-10 09:43,C0601,paper towels,household,1,8.30,8.30
T100744,2026-02-10 09:43,C0601,lemon,produce,1,0.90,0.90
T100739,2026-02-10 09:46,,pasta,grocery,2,2.30,4.60
T100739,2026-02-10 09:46,,red wine,beverage,1,16.00,16.00
T100739,2026-02-10 09:46,,tomato sauce,grocery,1,3.60,3.60
T100739,2026-02-10 09:46,,yogurt,dairy,1,4.60,4.60
T100739,2026-02-10 09:46,,sparkling water,beverage,1,3.10,3.10
T100739,2026-02-10 09:46,,parmesan,dairy,1,8.90,8.90
T100733,2026-02-10 10:45,C0446,beer,beverage,1,13.50,13.50
T100733,2026-02-10 10:45,C0446,milk 2%,dairy,1,3.80,3.80
T100733,2026-02-10 10:45,C0446,croissant,bakery,1,1.80,1.80
T100733,2026-02-10 10:45,C0446,sugar,grocery,1,3.20,3.20
T100733,2026-02-10 10:45,C0446,toilet paper,household,1,11.90,11.90
T100733,2026-02-10 10:45,C0446,coffee beans,grocery,1,12.50,12.50
T100733,2026-02-10 10:45,C0446,apples,produce,1,4.30,4.30
T100732,2026-02-10 11:09,C0142,shampoo,care,1,7.40,7.40
T100732,2026-02-10 11:09,C0142,paper towels,household,3,8.30,24.90
T100732,2026-02-10 11:09,C0142,conditioner,care,2,7.40,14.80
T100732,2026-02-10 11:09,C0142,peanuts,snack,1,4.80,4.80
T100732,2026-02-10 11:09,C0142,cucumber,produce,1,1.70,1.70
T100743,2026-02-10 11:22,,milk 2%,dairy,1,3.80,3.80
T100743,2026-02-10 11:22,,tomatoes,produce,1,3.90,3.90
T100743,2026-02-10 11:22,,butter,dairy,2,5.20,10.40
T100743,2026-02-10 11:22,,sugar,grocery,1,3.20,3.20
T100746,2026-02-10 11:53,C0452,lemon,produce,1,0.90,0.90
T100746,2026-02-10 11:53,C0452,berries,produce,1,5.80,5.80
T100746,2026-02-10 11:53,C0452,avocado,produce,1,2.20,2.20
T100746,2026-02-10 11:53,C0452,yogurt,dairy,2,4.60,9.20
T100738,2026-02-10 12:26,C0089,peanuts,snack,1,4.80,4.80
T100738,2026-02-10 12:26,C0089,trash bags,household,1,9.10,9.10
T100736,2026-02-10 12:47,,bananas,produce,1,2.10,2.10
T100736,2026-02-10 12:47,,tomato sauce,grocery,1,3.60,3.60
T100736,2026-02-10 12:47,,dish soap,household,1,4.70,4.70
T100736,2026-02-10 12:47,,toilet paper,household,1,11.90,11.90
T100735,2026-02-10 13:09,C0474,granola,grocery,1,6.20,6.20
T100735,2026-02-10 13:09,C0474,salmon,fish,1,15.90,15.90
T100735,2026-02-10 13:09,C0474,tomato sauce,grocery,1,3.60,3.60
T100735,2026-02-10 13:09,C0474,pasta,grocery,1,2.30,2.30
T100735,2026-02-10 13:09,C0474,orange juice,beverage,1,4.40,4.40
T100735,2026-02-10 13:09,C0474,parmesan,dairy,2,8.90,17.80
T100735,2026-02-10 13:09,C0474,paper towels,household,1,8.30,8.30
T100730,2026-02-10 13:28,C0037,coffee beans,grocery,1,12.50,12.50
T100730,2026-02-10 13:28,C0037,apples,produce,1,4.30,4.30
T100730,2026-02-10 13:28,C0037,parmesan,dairy,1,8.90,8.90
T100730,2026-02-10 13:28,C0037,beer,beverage,1,13.50,13.50
T100737,2026-02-10 13:35,,laundry detergent,household,1,14.20,14.20
T100737,2026-02-10 13:35,,toothpaste,care,2,4.50,9.00
T100737,2026-02-10 13:35,,white bread,bakery,1,2.90,2.90
T100737,2026-02-10 13:35,,coffee beans,grocery,1,12.50,12.50
T100737,2026-02-10 13:35,,bacon,meat,1,7.80,7.80
T100737,2026-02-10 13:35,,strawberry jam,grocery,1,4.10,4.10
T100737,2026-02-10 13:35,,butter,dairy,1,5.20,5.20
T100737,2026-02-10 13:35,,diapers,baby,1,24.90,24.90
T100737,2026-02-10 13:35,,milk 2%,dairy,1,3.80,3.80
T100737,2026-02-10 13:35,,parmesan,dairy,1,8.90,8.90
T100740,2026-02-10 16:17,C0653,strawberry jam,grocery,1,4.10,4.10
T100740,2026-02-10 16:17,C0653,granola,grocery,1,6.20,6.20
T100740,2026-02-10 16:17,C0653,coffee beans,grocery,3,12.50,37.50
T100740,2026-02-10 16:17,C0653,chocolate bar,snack,1,2.70,2.70
T100742,2026-02-10 17:02,C0463,pasta,grocery,1,2.30,2.30
T100742,2026-02-10 17:02,C0463,salmon,fish,2,15.90,31.80
T100742,2026-02-10 17:02,C0463,ground beef,meat,1,9.40,9.40
T100748,2026-02-10 17:17,C0340,yogurt,dairy,1,4.60,4.60
T100748,2026-02-10 17:17,C0340,berries,produce,1,5.80,5.80
T100748,2026-02-10 17:17,C0340,lettuce,produce,1,2.60,2.60
T100729,2026-02-10 17:38,C0168,beer,beverage,1,13.50,13.50
T100729,2026-02-10 17:38,C0168,pasta,grocery,1,2.30,2.30
T100729,2026-02-10 17:38,C0168,tomato sauce,grocery,1,3.60,3.60
T100729,2026-02-10 17:38,C0168,bananas,produce,1,2.10,2.10
T100729,2026-02-10 17:38,C0168,chocolate bar,snack,1,2.70,2.70
T100729,2026-02-10 17:38,C0168,yogurt,dairy,1,4.60,4.60
T100728,2026-02-10 17:39,C0156,laundry detergent,household,2,14.20,28.40
T100728,2026-02-10 17:39,C0156,cucumber,produce,1,1.70,1.70
T100728,2026-02-10 17:39,C0156,avocado,produce,1,2.20,2.20
T100728,2026-02-10 17:39,C0156,conditioner,care,3,7.40,22.20
T100728,2026-02-10 17:39,C0156,apples,produce,1,4.30,4.30
T100731,2026-02-10 17:46,C0033,granola,grocery,1,6.20,6.20
T100731,2026-02-10 17:46,C0033,ice cream,frozen,1,6.50,6.50
T100731,2026-02-10 17:46,C0033,diapers,baby,1,24.90,24.90
T100731,2026-02-10 17:46,C0033,salsa,grocery,3,3.90,11.70
T100726,2026-02-10 18:04,C0794,cucumber,produce,1,1.70,1.70
T100726,2026-02-10 18:04,C0794,toothpaste,care,1,4.50,4.50
T100726,2026-02-10 18:04,C0794,peanuts,snack,1,4.80,4.80
T100726,2026-02-10 18:04,C0794,lemon,produce,2,0.90,1.80
T100726,2026-02-10 18:04,C0794,salmon,fish,3,15.90,47.70
T100725,2026-02-10 18:13,,sugar,grocery,2,3.20,6.40
T100725,2026-02-10 18:13,,lemon,produce,1,0.90,0.90
T100725,2026-02-10 18:13,,trash bags,household,1,9.10,9.10
T100725,2026-02-10 18:13,,coffee beans,grocery,1,12.50,12.50
T100725,2026-02-10 18:13,,berries,produce,1,5.80,5.80
T100725,2026-02-10 18:13,,milk 2%,dairy,3,3.80,11.40
T100727,2026-02-10 18:25,C0160,shampoo,care,1,7.40,7.40
T100727,2026-02-10 18:25,C0160,toothpaste,care,1,4.50,4.50
T100727,2026-02-10 18:25,C0160,yogurt,dairy,1,4.60,4.60
T100727,2026-02-10 18:25,C0160,bananas,produce,1,2.10,2.10
T100745,2026-02-10 19:42,C0090,toilet paper,household,1,11.90,11.90
T100745,2026-02-10 19:42,C0090,laundry detergent,household,1,14.20,14.20
T100745,2026-02-10 19:42,C0090,conditioner,care,1,7.40,7.40
T100745,2026-02-10 19:42,C0090,dish soap,household,1,4.70,4.70
T100741,2026-02-10 19:45,C0351,whole wheat bread,bakery,1,3.40,3.40
T100741,2026-02-10 19:45,C0351,white bread,bakery,1,2.90,2.90
T100741,2026-02-10 19:45,C0351,diapers,baby,1,24.90,24.90
T100741,2026-02-10 19:45,C0351,trash bags,household,1,9.10,9.10
T100741,2026-02-10 19:45,C0351,eggs,dairy,1,4.90,4.90
T100741,2026-02-10 19:45,C0351,strawberry jam,grocery,1,4.10,4.10
T100741,2026-02-10 19:45,C0351,butter,dairy,1,5.20,5.20
T100734,2026-02-10 19:54,,trash bags,household,2,9.10,18.20
T100734,2026-02-10 19:54,,strawberry jam,grocery,2,4.10,8.20
T100734,2026-02-10 19:54,,parmesan,dairy,1,8.90,8.90
T100734,2026-02-10 19:54,,beer,beverage,1,13.50,13.50
T100756,2026-02-11 09:11,C0609,toilet paper,household,3,11.90,35.70
T100756,2026-02-11 09:11,C0609,dish soap,household,1,4.70,4.70
T100756,2026-02-11 09:11,C0609,conditioner,care,1,7.40,7.40
T100756,2026-02-11 09:11,C0609,parmesan,dairy,3,8.90,26.70
T100756,2026-02-11 09:11,C0609,lettuce,produce,1,2.60,2.60
T100765,2026-02-11 10:08,,avocado,produce,1,2.20,2.20
T100765,2026-02-11 10:08,,bananas,produce,1,2.10,2.10
T100765,2026-02-11 10:08,,dish soap,household,1,4.70,4.70
T100765,2026-02-11 10:08,,toilet paper,household,1,11.90,11.90
T100765,2026-02-11 10:08,,yogurt,dairy,1,4.60,4.60
T100765,2026-02-11 10:08,,berries,produce,1,5.80,5.80
T100765,2026-02-11 10:08,,granola,grocery,1,6.20,6.20
T100762,2026-02-11 10:38,C0743,tea,grocery,2,6.40,12.80
T100762,2026-02-11 10:38,C0743,granola,grocery,1,6.20,6.20
T100762,2026-02-11 10:38,C0743,berries,produce,1,5.80,5.80
T100762,2026-02-11 10:38,C0743,avocado,produce,1,2.20,2.20
T100762,2026-02-11 10:38,C0743,croissant,bakery,1,1.80,1.80
T100762,2026-02-11 10:38,C0743,bananas,produce,1,2.10,2.10
T100760,2026-02-11 10:53,C0888,salsa,grocery,1,3.90,3.90
T100760,2026-02-11 10:53,C0888,milk 2%,dairy,1,3.80,3.80
T100760,2026-02-11 10:53,C0888,toilet paper,household,1,11.90,11.90
T100760,2026-02-11 10:53,C0888,paper towels,household,1,8.30,8.30
T100764,2026-02-11 11:13,C0426,laundry detergent,household,1,14.20,14.20
T100764,2026-02-11 11:13,C0426,peanuts,snack,1,4.80,4.80
T100764,2026-02-11 11:13,C0426,tortilla chips,snack,1,4.20,4.20
T100764,2026-02-11 11:13,C0426,beer,beverage,1,13.50,13.50
T100764,2026-02-11 11:13,C0426,diapers,baby,1,24.90,24.90
T100764,2026-02-11 11:13,C0426,shampoo,care,1,7.40,7.40
T100764,2026-02-11 11:13,C0426,salsa,grocery,1,3.90,3.90
T100759,2026-02-11 11:21,,milk 2%,dairy,2,3.80,7.60
T100759,2026-02-11 11:21,,sugar,grocery,1,3.20,3.20
T100759,2026-02-11 11:21,,white bread,bakery,1,2.90,2.90
T100749,2026-02-11 11:30,,lettuce,produce,1,2.60,2.60
T100749,2026-02-11 11:30,,sugar,grocery,1,3.20,3.20
T100749,2026-02-11 11:30,,laundry detergent,household,1,14.20,14.20
T100749,2026-02-11 11:30,,baby wipes,baby,1,6.70,6.70
T100753,2026-02-11 11:38,C0554,parmesan,dairy,1,8.90,8.90
T100753,2026-02-11 11:38,C0554,pasta,grocery,1,2.30,2.30
T100753,2026-02-11 11:38,C0554,tomato sauce,grocery,1,3.60,3.60
T100770,2026-02-11 12:15,C0617,conditioner,care,1,7.40,7.40
T100770,2026-02-11 12:15,C0617,shampoo,care,1,7.40,7.40
T100770,2026-02-11 12:15,C0617,toothpaste,care,1,4.50,4.50
T100751,2026-02-11 12:54,C0421,pasta,grocery,1,2.30,2.30
T100751,2026-02-11 12:54,C0421,croissant,bakery,1,1.80,1.80
T100751,2026-02-11 12:54,C0421,toothpaste,care,1,4.50,4.50
T100751,2026-02-11 12:54,C0421,red wine,beverage,1,16.00,16.00
T100767,2026-02-11 16:19,C0355,beer,beverage,1,13.50,13.50
T100767,2026-02-11 16:19,C0355,milk 2%,dairy,1,3.80,3.80
T100767,2026-02-11 16:19,C0355,coffee beans,grocery,2,12.50,25.00
T100767,2026-02-11 16:19,C0355,dish soap,household,2,4.70,9.40
T100767,2026-02-11 16:19,C0355,bacon,meat,1,7.80,7.80
T100767,2026-02-11 16:19,C0355,baby wipes,baby,1,6.70,6.70
T100767,2026-02-11 16:19,C0355,white bread,bakery,1,2.90,2.90
T100761,2026-02-11 16:20,C0324,dish soap,household,1,4.70,4.70
T100761,2026-02-11 16:20,C0324,tortilla chips,snack,1,4.20,4.20
T100761,2026-02-11 16:20,C0324,bananas,produce,2,2.10,4.20
T100761,2026-02-11 16:20,C0324,beer,beverage,1,13.50,13.50
T100766,2026-02-11 17:39,,milk 2%,dairy,1,3.80,3.80
T100766,2026-02-11 17:39,,conditioner,care,3,7.40,22.20
T100766,2026-02-11 17:39,,eggs,dairy,1,4.90,4.90
T100766,2026-02-11 17:39,,white bread,bakery,1,2.90,2.90
T100766,2026-02-11 17:39,,coffee beans,grocery,1,12.50,12.50
T100766,2026-02-11 17:39,,butter,dairy,1,5.20,5.20
T100763,2026-02-11 18:08,C0023,ice cream,frozen,3,6.50,19.50
T100763,2026-02-11 18:08,C0023,paper towels,household,1,8.30,8.30
T100763,2026-02-11 18:08,C0023,toilet paper,household,1,11.90,11.90
T100754,2026-02-11 18:10,C0323,strawberry jam,grocery,1,4.10,4.10
T100754,2026-02-11 18:10,C0323,white bread,bakery,1,2.90,2.90
T100754,2026-02-11 18:10,C0323,coffee beans,grocery,1,12.50,12.50
T100754,2026-02-11 18:10,C0323,orange juice,beverage,1,4.40,4.40
T100754,2026-02-11 18:10,C0323,butter,dairy,1,5.20,5.20
T100754,2026-02-11 18:10,C0323,shampoo,care,1,7.40,7.40
T100754,2026-02-11 18:10,C0323,peanuts,snack,1,4.80,4.80
T100754,2026-02-11 18:10,C0323,milk 2%,dairy,1,3.80,3.80
T100758,2026-02-11 18:33,C0635,red wine,beverage,3,16.00,48.00
T100758,2026-02-11 18:33,C0635,berries,produce,1,5.80,5.80
T100758,2026-02-11 18:33,C0635,laundry detergent,household,2,14.20,28.40
T100758,2026-02-11 18:33,C0635,paper towels,household,1,8.30,8.30
T100758,2026-02-11 18:33,C0635,red wine,beverage,3,16.00,48.00
T100768,2026-02-11 19:00,C0379,diapers,baby,1,24.90,24.90
T100768,2026-02-11 19:00,C0379,orange juice,beverage,1,4.40,4.40
T100768,2026-02-11 19:00,C0379,lettuce,produce,3,2.60,7.80
T100768,2026-02-11 19:00,C0379,tortilla chips,snack,1,4.20,4.20
T100768,2026-02-11 19:00,C0379,beer,beverage,1,13.50,13.50
T100768,2026-02-11 19:00,C0379,white bread,bakery,1,2.90,2.90
T100750,2026-02-11 19:01,C0665,avocado,produce,1,2.20,2.20
T100750,2026-02-11 19:01,C0665,tomatoes,produce,2,3.90,7.80
T100750,2026-02-11 19:01,C0665,sparkling water,beverage,3,3.10,9.30
T100750,2026-02-11 19:01,C0665,paper towels,household,1,8.30,8.30
T100752,2026-02-11 19:11,C0134,croissant,bakery,1,1.80,1.80
T100752,2026-02-11 19:11,C0134,paper towels,household,3,8.30,24.90
T100752,2026-02-11 19:11,C0134,trash bags,household,3,9.10,27.30
T100752,2026-02-11 19:11,C0134,salmon,fish,1,15.90,15.90
T100755,2026-02-11 20:14,C0895,white bread,bakery,1,2.90,2.90
T100755,2026-02-11 20:14,C0895,ground beef,meat,1,9.40,9.40
T100755,2026-02-11 20:14,C0895,strawberry jam,grocery,1,4.10,4.10
T100755,2026-02-11 20:14,C0895,coffee beans,grocery,1,12.50,12.50
T100755,2026-02-11 20:14,C0895,milk 2%,dairy,1,3.80,3.80
T100755,2026-02-11 20:14,C0895,apples,produce,3,4.30,12.90
T100755,2026-02-11 20:14,C0895,olive oil,grocery,1,11.20,11.20
T100755,2026-02-11 20:14,C0895,butter,dairy,1,5.20,5.20
T100757,2026-02-11 20:27,C0655,beer,beverage,1,13.50,13.50
T100757,2026-02-11 20:27,C0655,peanuts,snack,1,4.80,4.80
T100757,2026-02-11 20:27,C0655,tortilla chips,snack,3,4.20,12.60
T100757,2026-02-11 20:27,C0655,strawberry jam,grocery,1,4.10,4.10
T100769,2026-02-11 20:42,C0132,olive oil,grocery,1,11.20,11.20
T100769,2026-02-11 20:42,C0132,dish soap,household,3,4.70,14.10
T100769,2026-02-11 20:42,C0132,cucumber,produce,2,1.70,3.40
T100769,2026-02-11 20:42,C0132,pasta,grocery,3,2.30,6.90
T100769,2026-02-11 20:42,C0132,parmesan,dairy,1,8.90,8.90
T100769,2026-02-11 20:42,C0132,tomato sauce,grocery,1,3.60,3.60
T100781,2026-02-12 09:10,,salmon,fish,1,15.90,15.90
T100781,2026-02-12 09:10,,cucumber,produce,1,1.70,1.70
T100781,2026-02-12 09:10,,white bread,bakery,1,2.90,2.90
T100781,2026-02-12 09:10,,dish soap,household,2,4.70,9.40
T100781,2026-02-12 09:10,,beer,beverage,3,13.50,40.50
T100781,2026-02-12 09:10,,tortilla chips,snack,1,4.20,4.20
T100781,2026-02-12 09:10,,eggs,dairy,1,4.90,4.90
T100775,2026-02-12 09:50,C0687,red wine,beverage,1,16.00,16.00
T100775,2026-02-12 09:50,C0687,conditioner,care,1,7.40,7.40
T100775,2026-02-12 09:50,C0687,lettuce,produce,2,2.60,5.20
T100775,2026-02-12 09:50,C0687,bacon,meat,1,7.80,7.80
T100775,2026-02-12 09:50,C0687,tomato sauce,grocery,1,3.60,3.60
T100775,2026-02-12 09:50,C0687,toothpaste,care,1,4.50,4.50
T100775,2026-02-12 09:50,C0687,toilet paper,household,1,11.90,11.90
T100771,2026-02-12 10:38,,lemon,produce,1,0.90,0.90
T100771,2026-02-12 10:38,,salmon,fish,1,15.90,15.90
T100771,2026-02-12 10:38,,tomatoes,produce,1,3.90,3.90
T100771,2026-02-12 10:38,,apples,produce,1,4.30,4.30
T100774,2026-02-12 11:16,C0709,laundry detergent,household,1,14.20,14.20
T100774,2026-02-12 11:16,C0709,trash bags,household,1,9.10,9.10
T100774,2026-02-12 11:16,C0709,sugar,grocery,1,3.20,3.20
T100774,2026-02-12 11:16,C0709,paper towels,household,1,8.30,8.30
T100774,2026-02-12 11:16,C0709,toilet paper,household,1,11.90,11.90
T100780,2026-02-12 11:17,,trash bags,household,1,9.10,9.10
T100780,2026-02-12 11:17,,toilet paper,household,2,11.90,23.80
T100780,2026-02-12 11:17,,ground beef,meat,1,9.40,9.40
T100780,2026-02-12 11:17,,peanuts,snack,2,4.80,9.60
T100780,2026-02-12 11:17,,paper towels,household,1,8.30,8.30
T100780,2026-02-12 11:17,,laundry detergent,household,1,14.20,14.20
T100780,2026-02-12 11:17,,dish soap,household,1,4.70,4.70
T100782,2026-02-12 16:08,C0207,butter,dairy,1,5.20,5.20
T100782,2026-02-12 16:08,C0207,strawberry jam,grocery,1,4.10,4.10
T100782,2026-02-12 16:08,C0207,white bread,bakery,1,2.90,2.90
T100782,2026-02-12 16:08,C0207,milk 2%,dairy,1,3.80,3.80
T100782,2026-02-12 16:08,C0207,shampoo,care,1,7.40,7.40
T100782,2026-02-12 16:08,C0207,lemon,produce,1,0.90,0.90
T100782,2026-02-12 16:08,C0207,white bread,bakery,1,2.90,2.90
T100776,2026-02-12 16:37,,shampoo,care,1,7.40,7.40
T100776,2026-02-12 16:37,,coffee beans,grocery,3,12.50,37.50
T100778,2026-02-12 17:00,C0019,toilet paper,household,1,11.90,11.90
T100778,2026-02-12 17:00,C0019,trash bags,household,2,9.10,18.20
T100778,2026-02-12 17:00,C0019,laundry detergent,household,1,14.20,14.20
T100778,2026-02-12 17:00,C0019,paper towels,household,3,8.30,24.90
T100772,2026-02-12 18:30,C0191,ground beef,meat,1,9.40,9.40
T100772,2026-02-12 18:30,C0191,eggs,dairy,1,4.90,4.90
T100772,2026-02-12 18:30,C0191,apples,produce,1,4.30,4.30
T100772,2026-02-12 18:30,C0191,tomato sauce,grocery,1,3.60,3.60
T100772,2026-02-12 18:30,C0191,pasta,grocery,1,2.30,2.30
T100777,2026-02-12 19:04,C0211,olive oil,grocery,1,11.20,11.20
T100777,2026-02-12 19:04,C0211,butter,dairy,1,5.20,5.20
T100777,2026-02-12 19:04,C0211,paper towels,household,1,8.30,8.30
T100777,2026-02-12 19:04,C0211,frozen pizza,frozen,1,7.20,7.20
T100777,2026-02-12 19:04,C0211,red wine,beverage,1,16.00,16.00
T100777,2026-02-12 19:04,C0211,salmon,fish,1,15.90,15.90
T100777,2026-02-12 19:04,C0211,cucumber,produce,1,1.70,1.70
T100783,2026-02-12 19:19,C0642,peanuts,snack,1,4.80,4.80
T100783,2026-02-12 19:19,C0642,beer,beverage,1,13.50,13.50
T100783,2026-02-12 19:19,C0642,chocolate bar,snack,1,2.70,2.70
T100783,2026-02-12 19:19,C0642,white bread,bakery,1,2.90,2.90
T100783,2026-02-12 19:19,C0642,baby wipes,baby,1,6.70,6.70
T100783,2026-02-12 19:19,C0642,tortilla chips,snack,1,4.20,4.20
T100779,2026-02-12 19:25,C0760,peanuts,snack,1,4.80,4.80
T100779,2026-02-12 19:25,C0760,diapers,baby,1,24.90,24.90
T100779,2026-02-12 19:25,C0760,salsa,grocery,1,3.90,3.90
T100779,2026-02-12 19:25,C0760,beer,beverage,1,13.50,13.50
T100779,2026-02-12 19:25,C0760,LETTUCE,produce,3,2.60,7.80
T100773,2026-02-12 20:27,,sugar,grocery,2,3.20,6.40
T100773,2026-02-12 20:27,,coffee beans,grocery,1,12.50,12.50
T100773,2026-02-12 20:27,,milk 2%,dairy,1,3.80,3.80
T100773,2026-02-12 20:27,,toilet paper,household,1,11.90,11.90
T100773,2026-02-12 20:27,,granola,grocery,1,6.20,6.20
T100788,2026-02-13 09:38,,lemon,produce,1,0.90,0.90
T100788,2026-02-13 09:38,,salmon,fish,1,15.90,15.90
T100788,2026-02-13 09:38,,olive oil,grocery,1,11.20,11.20
T100788,2026-02-13 09:38,,beer,beverage,1,13.50,13.50
T100802,2026-02-13 10:58,C0813,sugar,grocery,2,3.20,6.40
T100802,2026-02-13 10:58,C0813,milk 2%,dairy,1,3.80,3.80
T100802,2026-02-13 10:58,C0813,toilet paper,household,1,11.90,11.90
T100802,2026-02-13 10:58,C0813,dish soap,household,1,4.70,4.70
T100802,2026-02-13 10:58,C0813,coffee beans,grocery,1,12.50,12.50
T100809,2026-02-13 11:34,C0654,pasta,grocery,1,2.30,2.30
T100809,2026-02-13 11:34,C0654,sparkling water,beverage,1,3.10,3.10
T100809,2026-02-13 11:34,C0654,tomato sauce,grocery,1,3.60,3.60
T100809,2026-02-13 11:34,C0654,olive oil,grocery,1,11.20,11.20
T100790,2026-02-13 11:46,C0840,beer,beverage,1,13.50,13.50
T100790,2026-02-13 11:46,C0840,ice cream,frozen,1,6.50,6.50
T100790,2026-02-13 11:46,C0840,tortilla chips,snack,1,4.20,4.20
T100790,2026-02-13 11:46,C0840,chocolate bar,snack,1,2.70,2.70
T100790,2026-02-13 11:46,C0840,orange juice,beverage,1,4.40,4.40
T100808,2026-02-13 12:16,C0348,frozen pizza,frozen,1,7.20,7.20
T100808,2026-02-13 12:16,C0348,bananas,produce,1,2.10,2.10
T100808,2026-02-13 12:16,C0348,pasta,grocery,1,2.30,2.30
T100808,2026-02-13 12:16,C0348,granola,grocery,1,6.20,6.20
T100808,2026-02-13 12:16,C0348,yogurt,dairy,1,4.60,4.60
T100808,2026-02-13 12:16,C0348,tomato sauce,grocery,1,3.60,3.60
T100808,2026-02-13 12:16,C0348,berries,produce,1,5.80,5.80
T100786,2026-02-13 12:21,C0854,white bread,bakery,1,2.90,2.90
T100786,2026-02-13 12:21,C0854,toilet paper,household,1,11.90,11.90
T100786,2026-02-13 12:21,C0854,ice cream,frozen,1,6.50,6.50
T100786,2026-02-13 12:21,C0854,eggs,dairy,1,4.90,4.90
T100786,2026-02-13 12:21,C0854,milk 2%,dairy,1,3.80,3.80
T100786,2026-02-13 12:21,C0854,coffee beans,grocery,1,12.50,12.50
T100806,2026-02-13 13:07,C0750,bananas,produce,1,2.10,2.10
T100806,2026-02-13 13:07,C0750,lettuce,produce,1,2.60,2.60
T100806,2026-02-13 13:07,C0750,yogurt,dairy,1,4.60,4.60
T100795,2026-02-13 13:14,C0320,toothpaste,care,1,4.50,4.50
T100795,2026-02-13 13:14,C0320,apples,produce,1,4.30,4.30
T100795,2026-02-13 13:14,C0320,salmon,fish,1,15.90,15.90
T100792,2026-02-13 13:21,C0228,white bread,bakery,1,2.90,2.90
T100792,2026-02-13 13:21,C0228,pasta,grocery,1,2.30,2.30
T100792,2026-02-13 13:21,C0228,butter,dairy,1,5.20,5.20
T100792,2026-02-13 13:21,C0228,eggs,dairy,1,4.90,4.90
T100792,2026-02-13 13:21,C0228,strawberry jam,grocery,1,4.10,4.10
T100792,2026-02-13 13:21,C0228,coffee beans,grocery,1,12.50,12.50
T100796,2026-02-13 13:31,C0863,berries,produce,2,5.80,11.60
T100796,2026-02-13 13:31,C0863,yogurt,dairy,3,4.60,13.80
T100796,2026-02-13 13:31,C0863,lettuce,produce,1,2.60,2.60
T100796,2026-02-13 13:31,C0863,whole wheat bread,bakery,3,3.40,10.20
T100804,2026-02-13 16:01,,bananas,produce,1,2.10,2.10
T100804,2026-02-13 16:01,,tea,grocery,1,6.40,6.40
T100804,2026-02-13 16:01,,salsa,grocery,1,3.90,3.90
T100804,2026-02-13 16:01,,lettuce,produce,1,2.60,2.60
T100800,2026-02-13 17:09,,diapers,baby,1,24.90,24.90
T100800,2026-02-13 17:09,,sugar,grocery,2,3.20,6.40
T100800,2026-02-13 17:09,,eggs,dairy,3,4.90,14.70
T100800,2026-02-13 17:09,,coffee beans,grocery,3,12.50,37.50
T100800,2026-02-13 17:09,,granola,grocery,1,6.20,6.20
T100800,2026-02-13 17:09,,paper towels,household,1,8.30,8.30
T100800,2026-02-13 17:09,,croissant,bakery,1,1.80,1.80
T100789,2026-02-13 17:25,C0521,lemon,produce,1,0.90,0.90
T100789,2026-02-13 17:25,C0521,baby formula,baby,1,28.50,28.50
T100789,2026-02-13 17:25,C0521,salmon,fish,1,15.90,15.90
T100789,2026-02-13 17:25,C0521,olive oil,grocery,1,11.20,11.20
T100789,2026-02-13 17:25,C0521,bananas,produce,1,2.10,2.10
T100789,2026-02-13 17:25,C0521,coffee beans,grocery,1,12.50,12.50
T100803,2026-02-13 17:40,C0362,chocolate bar,snack,1,2.70,2.70
T100785,2026-02-13 18:00,C0474,tomatoes,produce,1,3.90,3.90
T100785,2026-02-13 18:00,C0474,yogurt,dairy,1,4.60,4.60
T100785,2026-02-13 18:00,C0474,bananas,produce,1,2.10,2.10
T100785,2026-02-13 18:00,C0474,chocolate bar,snack,1,2.70,2.70
T100785,2026-02-13 18:00,C0474,toothpaste,care,1,4.50,4.50
T100785,2026-02-13 18:00,C0474,milk 2%,dairy,3,3.80,11.40
T100785,2026-02-13 18:00,C0474,berries,produce,2,5.80,11.60
T100810,2026-02-13 18:00,C0503,white bread,bakery,1,2.90,2.90
T100810,2026-02-13 18:00,C0503,sugar,grocery,1,3.20,3.20
T100810,2026-02-13 18:00,C0503,salsa,grocery,1,3.90,3.90
T100810,2026-02-13 18:00,C0503,baby formula,baby,1,28.50,28.50
T100810,2026-02-13 18:00,C0503,butter,dairy,1,5.20,5.20
T100810,2026-02-13 18:00,C0503,coffee beans,grocery,1,12.50,12.50
T100810,2026-02-13 18:00,C0503,strawberry jam,grocery,1,4.10,4.10
T100791,2026-02-13 18:25,C0405,yogurt,dairy,1,4.60,4.60
T100791,2026-02-13 18:25,C0405,baby formula,baby,1,28.50,28.50
T100791,2026-02-13 18:25,C0405,sugar,grocery,1,3.20,3.20
T100791,2026-02-13 18:25,C0405,toilet paper,household,1,11.90,11.90
T100793,2026-02-13 18:32,C0714,tortilla chips,snack,1,4.20,4.20
T100793,2026-02-13 18:32,C0714,coffee beans,grocery,1,12.50,12.50
T100793,2026-02-13 18:32,C0714,sparkling water,beverage,1,3.10,3.10
T100793,2026-02-13 18:32,C0714,laundry detergent,household,1,14.20,14.20
T100793,2026-02-13 18:32,C0714,frozen pizza,frozen,1,7.20,7.20
T100793,2026-02-13 18:32,C0714,paper towels,household,1,8.30,8.30
T100793,2026-02-13 18:32,C0714,toilet paper,household,1,11.90,11.90
T100793,2026-02-13 18:32,C0714,chicken breast,meat,1,12.80,12.80
T100805,2026-02-13 19:03,,eggs,dairy,1,4.90,4.90
T100805,2026-02-13 19:03,,white bread,bakery,1,2.90,2.90
T100805,2026-02-13 19:03,,diapers,baby,1,24.90,24.90
T100805,2026-02-13 19:03,,baby wipes,baby,1,6.70,6.70
T100805,2026-02-13 19:03,,bacon,meat,1,7.80,7.80
T100797,2026-02-13 19:06,C0769,conditioner,care,1,7.40,7.40
T100797,2026-02-13 19:06,C0769,ground beef,meat,1,9.40,9.40
T100797,2026-02-13 19:06,C0769,lemon,produce,1,0.90,0.90
T100797,2026-02-13 19:06,C0769,butter,dairy,1,5.20,5.20
T100797,2026-02-13 19:06,C0769,strawberry jam,grocery,1,4.10,4.10
T100797,2026-02-13 19:06,C0769,shampoo,care,1,7.40,7.40
T100797,2026-02-13 19:06,C0769,sparkling water,beverage,1,3.10,3.10
T100797,2026-02-13 19:06,C0769,beer,beverage,3,13.50,40.50
T100799,2026-02-13 19:17,,cucumber,produce,1,1.70,1.70
T100799,2026-02-13 19:17,,milk 2%,dairy,1,3.80,3.80
T100799,2026-02-13 19:17,,laundry detergent,household,1,14.20,14.20
T100794,2026-02-13 19:44,C0551,strawberry jam,grocery,1,4.10,4.10
T100794,2026-02-13 19:44,C0551,peanuts,snack,1,4.80,4.80
T100787,2026-02-13 19:45,,coffee beans,grocery,1,12.50,12.50
T100787,2026-02-13 19:45,,eggs,dairy,1,4.90,4.90
T100787,2026-02-13 19:45,,sugar,grocery,1,3.20,3.20
T100801,2026-02-13 19:58,,baby wipes,baby,1,6.70,6.70
T100801,2026-02-13 19:58,,diapers,baby,1,24.90,24.90
T100801,2026-02-13 19:58,,paper towels,household,1,8.30,8.30
T100801,2026-02-13 19:58,,tomatoes,produce,1,3.90,3.90
T100784,2026-02-13 20:15,C0391,olive oil,grocery,1,11.20,11.20
T100784,2026-02-13 20:15,C0391,salmon,fish,1,15.90,15.90
T100784,2026-02-13 20:15,C0391,granola,grocery,1,6.20,6.20
T100784,2026-02-13 20:15,C0391,cucumber,produce,2,1.70,3.40
T100784,2026-02-13 20:15,C0391,orange juice,beverage,2,4.40,8.80
T100807,2026-02-13 20:21,C0321,white bread,bakery,1,2.90,2.90
T100807,2026-02-13 20:21,C0321,butter,dairy,1,5.20,5.20
T100807,2026-02-13 20:21,C0321,salmon,fish,1,15.90,15.90
T100807,2026-02-13 20:21,C0321,eggs,dairy,1,4.90,4.90
T100807,2026-02-13 20:21,C0321,strawberry jam,grocery,1,4.10,4.10
T100807,2026-02-13 20:21,C0321,chicken breast,meat,1,12.80,12.80
T100807,2026-02-13 20:21,C0321,olive oil,grocery,1,11.20,11.20
T100798,2026-02-13 20:44,,laundry detergent,household,1,14.20,14.20
T100798,2026-02-13 20:44,,lemon,produce,1,0.90,0.90
T100798,2026-02-13 20:44,,lettuce,produce,1,2.60,2.60
T100798,2026-02-13 20:44,,beer,beverage,1,13.50,13.50
T100798,2026-02-13 20:44,,tortilla chips,snack,1,4.20,4.20
T100812,2026-02-14 08:51,C0770,milk 2%,dairy,1,3.80,3.80
T100812,2026-02-14 08:51,C0770,eggs,dairy,1,4.90,4.90
T100812,2026-02-14 08:51,C0770,white bread,bakery,3,2.90,8.70
T100812,2026-02-14 08:51,C0770,butter,dairy,1,5.20,5.20
T100821,2026-02-14 10:15,C0432,laundry detergent,household,2,14.20,28.40
T100821,2026-02-14 10:15,C0432,trash bags,household,1,9.10,9.10
T100821,2026-02-14 10:15,C0432,paper towels,household,1,8.30,8.30
T100821,2026-02-14 10:15,C0432,diapers,baby,2,24.90,49.80
T100821,2026-02-14 10:15,C0432,butter,dairy,1,5.20,5.20
T100815,2026-02-14 10:36,,ice cream,frozen,1,6.50,6.50
T100815,2026-02-14 10:36,,tea,grocery,1,6.40,6.40
T100815,2026-02-14 10:36,,milk 2%,dairy,1,3.80,3.80
T100815,2026-02-14 10:36,,coffee beans,grocery,1,12.50,12.50
T100815,2026-02-14 10:36,,paper towels,household,1,8.30,8.30
T100815,2026-02-14 10:36,,peanuts,snack,1,4.80,4.80
T100814,2026-02-14 10:47,,trash bags,household,1,9.10,9.10
T100814,2026-02-14 10:47,,frozen pizza,frozen,1,7.20,7.20
T100814,2026-02-14 10:47,,milk 2%,dairy,1,3.80,3.80
T100814,2026-02-14 10:47,,coffee beans,grocery,1,12.50,12.50
T100814,2026-02-14 10:47,,sugar,grocery,1,3.20,3.20
T100814,2026-02-14 10:47,,berries,produce,1,5.80,5.80
T100814,2026-02-14 10:47,,conditioner,care,1,7.40,7.40
T100819,2026-02-14 11:09,,coffee beans,grocery,1,12.50,12.50
T100819,2026-02-14 11:09,,white bread,bakery,1,2.90,2.90
T100819,2026-02-14 11:09,,strawberry jam,grocery,1,4.10,4.10
T100819,2026-02-14 11:09,,bacon,meat,1,7.80,7.80
T100819,2026-02-14 11:09,,milk 2%,dairy,1,3.80,3.80
T100819,2026-02-14 11:09,,butter,dairy,1,5.20,5.20
T100819,2026-02-14 11:09,,frozen pizza,frozen,3,7.20,21.60
T100819,2026-02-14 11:09,,eggs,dairy,1,4.90,4.90
T100826,2026-02-14 11:10,,eggs,dairy,3,4.90,14.70
T100826,2026-02-14 11:10,,white bread,bakery,1,2.90,2.90
T100826,2026-02-14 11:10,,frozen pizza,frozen,2,7.20,14.40
T100826,2026-02-14 11:10,,butter,dairy,1,5.20,5.20
T100826,2026-02-14 11:10,,coffee beans,grocery,3,12.50,37.50
T100826,2026-02-14 11:10,,ground beef,meat,1,9.40,9.40
T100841,2026-02-14 12:46,,tomato sauce,grocery,1,3.60,3.60
T100841,2026-02-14 12:46,,milk 2%,dairy,2,3.80,7.60
T100841,2026-02-14 12:46,,apples,produce,1,4.30,4.30
T100841,2026-02-14 12:46,,strawberry jam,grocery,1,4.10,4.10
T100841,2026-02-14 12:46,,white bread,bakery,1,2.90,2.90
T100816,2026-02-14 12:52,C0335,peanuts,snack,1,4.80,4.80
T100816,2026-02-14 12:52,C0335,tortilla chips,snack,1,4.20,4.20
T100816,2026-02-14 12:52,C0335,salmon,fish,1,15.90,15.90
T100831,2026-02-14 13:46,C0606,bananas,produce,1,2.10,2.10
T100831,2026-02-14 13:46,C0606,ground beef,meat,1,9.40,9.40
T100831,2026-02-14 13:46,C0606,beer,beverage,3,13.50,40.50
T100831,2026-02-14 13:46,C0606,tortilla chips,snack,1,4.20,4.20
T100836,2026-02-14 16:03,C0312,white bread,bakery,1,2.90,2.90
T100836,2026-02-14 16:03,C0312,coffee beans,grocery,1,12.50,12.50
T100836,2026-02-14 16:03,C0312,lettuce,produce,1,2.60,2.60
T100836,2026-02-14 16:03,C0312,sparkling water,beverage,2,3.10,6.20
T100836,2026-02-14 16:03,C0312,butter,dairy,2,5.20,10.40
T100836,2026-02-14 16:03,C0312,berries,produce,1,5.80,5.80
T100817,2026-02-14 16:14,C0396,pasta,grocery,1,2.30,2.30
T100817,2026-02-14 16:14,C0396,tomato sauce,grocery,1,3.60,3.60
T100817,2026-02-14 16:14,C0396,yogurt,dairy,1,4.60,4.60
T100817,2026-02-14 16:14,C0396,dish soap,household,1,4.70,4.70
T100817,2026-02-14 16:14,C0396,berries,produce,1,5.80,5.80
T100837,2026-02-14 16:26,,salsa,grocery,3,3.90,11.70
T100837,2026-02-14 16:26,,olive oil,grocery,1,11.20,11.20
T100837,2026-02-14 16:26,,trash bags,household,2,9.10,18.20
T100837,2026-02-14 16:26,,beer,beverage,3,13.50,40.50
T100837,2026-02-14 16:26,,chocolate bar,snack,1,2.70,2.70
T100837,2026-02-14 16:26,,peanuts,snack,1,4.80,4.80
T100837,2026-02-14 16:26,,diapers,baby,2,24.90,49.80
T100837,2026-02-14 16:26,,tortilla chips,snack,1,4.20,4.20
T100830,2026-02-14 17:02,C0380,trash bags,household,1,9.10,9.10
T100830,2026-02-14 17:02,C0380,laundry detergent,household,3,14.20,42.60
T100830,2026-02-14 17:02,C0380,sparkling water,beverage,1,3.10,3.10
T100830,2026-02-14 17:02,C0380,toilet paper,household,3,11.90,35.70
T100830,2026-02-14 17:02,C0380,paper towels,household,2,8.30,16.60
T100835,2026-02-14 17:07,C0339,pasta,grocery,1,2.30,2.30
T100835,2026-02-14 17:07,C0339,  sugar ,grocery,1,3.20,3.20
T100835,2026-02-14 17:07,C0339,parmesan,dairy,1,8.90,8.90
T100835,2026-02-14 17:07,C0339,ground beef,meat,1,9.40,9.40
T100835,2026-02-14 17:07,C0339,tomato sauce,grocery,1,3.60,3.60
T100813,2026-02-14 17:12,,peanuts,snack,1,4.80,4.80
T100813,2026-02-14 17:12,,bacon,meat,1,7.80,7.80
T100813,2026-02-14 17:12,,tortilla chips,snack,1,4.20,4.20
T100813,2026-02-14 17:12,,beer,beverage,1,13.50,13.50
T100813,2026-02-14 17:12,,chocolate bar,snack,2,2.70,5.40
T100832,2026-02-14 17:33,,ice cream,frozen,1,6.50,6.50
T100832,2026-02-14 17:33,,frozen pizza,frozen,1,7.20,7.20
T100832,2026-02-14 17:33,,diapers,baby,2,24.90,49.80
T100832,2026-02-14 17:33,,baby wipes,baby,1,6.70,6.70
T100832,2026-02-14 17:33,,baby formula,baby,1,28.50,28.50
T100832,2026-02-14 17:33,,toilet paper,household,1,11.90,11.90
T100832,2026-02-14 17:33,,granola,grocery,1,6.20,6.20
T100828,2026-02-14 17:38,C0599,milk 2%,dairy,1,3.80,3.80
T100828,2026-02-14 17:38,C0599,butter,dairy,1,5.20,5.20
T100828,2026-02-14 17:38,C0599,frozen pizza,frozen,1,7.20,7.20
T100828,2026-02-14 17:38,C0599,coffee beans,grocery,1,12.50,12.50
T100828,2026-02-14 17:38,C0599,eggs,dairy,1,4.90,4.90
T100828,2026-02-14 17:38,C0599,red wine,beverage,3,16.00,48.00
T100828,2026-02-14 17:38,C0599,cucumber,produce,1,1.70,1.70
T100828,2026-02-14 17:38,C0599,white bread,bakery,1,2.90,2.90
T100839,2026-02-14 17:40,C0758,berries,produce,1,5.80,5.80
T100839,2026-02-14 17:40,C0758,granola,grocery,1,6.20,6.20
T100839,2026-02-14 17:40,C0758,bananas,produce,1,2.10,2.10
T100839,2026-02-14 17:40,C0758,yogurt,dairy,1,4.60,4.60
T100839,2026-02-14 17:40,C0758,strawberry jam,grocery,1,4.10,4.10
T100839,2026-02-14 17:40,C0758,tortilla chips,snack,1,4.20,4.20
T100842,2026-02-14 17:50,C0470,lemon,produce,1,0.90,0.90
T100842,2026-02-14 17:50,C0470,butter,dairy,1,5.20,5.20
T100842,2026-02-14 17:50,C0470,white bread,bakery,1,2.90,2.90
T100842,2026-02-14 17:50,C0470,salsa,grocery,1,3.90,3.90
T100842,2026-02-14 17:50,C0470,sugar,grocery,1,3.20,3.20
T100840,2026-02-14 17:51,,salmon,fish,1,15.90,15.90
T100840,2026-02-14 17:51,,peanut butter,grocery,2,5.60,11.20
T100840,2026-02-14 17:51,,lemon,produce,1,0.90,0.90
T100829,2026-02-14 18:05,,paper towels,household,1,8.30,8.30
T100829,2026-02-14 18:05,,baby wipes,baby,2,6.70,13.40
T100829,2026-02-14 18:05,,toilet paper,household,2,11.90,23.80
T100829,2026-02-14 18:05,,strawberry jam,grocery,1,4.10,4.10
T100829,2026-02-14 18:05,,laundry detergent,household,1,14.20,14.20
T100829,2026-02-14 18:05,,peanuts,snack,1,4.80,4.80
T100829,2026-02-14 18:05,,orange juice,beverage,2,4.40,8.80
T100827,2026-02-14 18:17,,tomato sauce,grocery,1,3.60,3.60
T100827,2026-02-14 18:17,,pasta,grocery,1,2.30,2.30
T100827,2026-02-14 18:17,,shampoo,care,1,7.40,7.40
T100827,2026-02-14 18:17,,parmesan,dairy,1,8.90,8.90
T100838,2026-02-14 18:21,,tomato sauce,grocery,2,3.60,7.20
T100838,2026-02-14 18:21,,toothpaste,care,1,4.50,4.50
T100838,2026-02-14 18:21,,pasta,grocery,1,2.30,2.30
T100838,2026-02-14 18:21,,red wine,beverage,1,16.00,16.00
T100838,2026-02-14 18:21,,parmesan,dairy,1,8.90,8.90
T100838,2026-02-14 18:21,,ground beef,meat,1,9.40,9.40
T100838,2026-02-14 18:21,,avocado,produce,1,2.20,2.20
T100838,2026-02-14 18:21,,olive oil,grocery,1,11.20,11.20
T100818,2026-02-14 18:55,,chicken breast,meat,1,12.80,12.80
T100818,2026-02-14 18:55,,peanut butter,grocery,2,5.60,11.20
T100818,2026-02-14 18:55,,baby wipes,baby,1,6.70,6.70
T100818,2026-02-14 18:55,,diapers,baby,1,24.90,24.90
T100818,2026-02-14 18:55,,coffee beans,grocery,1,12.50,12.50
T100818,2026-02-14 18:55,,dish soap,household,1,4.70,4.70
T100822,2026-02-14 19:14,C0890,dish soap,household,1,4.70,4.70
T100822,2026-02-14 19:14,C0890,coffee beans,grocery,3,12.50,37.50
T100822,2026-02-14 19:14,C0890,toothpaste,care,1,4.50,4.50
T100822,2026-02-14 19:14,C0890,butter,dairy,1,5.20,5.20
T100822,2026-02-14 19:14,C0890,bananas,produce,1,2.10,2.10
T100822,2026-02-14 19:14,C0890,white bread,bakery,1,2.90,2.90
T100834,2026-02-14 19:18,,strawberry jam,grocery,1,4.10,4.10
T100834,2026-02-14 19:18,,white bread,bakery,2,2.90,5.80
T100834,2026-02-14 19:18,,butter,dairy,1,5.20,5.20
T100834,2026-02-14 19:18,,salsa,grocery,1,3.90,3.90
T100824,2026-02-14 19:24,,olive oil,grocery,1,11.20,11.20
T100824,2026-02-14 19:24,,ground beef,meat,2,9.40,18.80
T100824,2026-02-14 19:24,,lemon,produce,1,0.90,0.90
T100824,2026-02-14 19:24,,cucumber,produce,2,1.70,3.40
T100824,2026-02-14 19:24,,salmon,fish,1,15.90,15.90
T100824,2026-02-14 19:24,,cucumber,produce,2,1.70,3.40
T100825,2026-02-14 19:33,,shampoo,care,1,7.40,7.40
T100825,2026-02-14 19:33,,toothpaste,care,2,4.50,9.00
T100833,2026-02-14 20:03,,red wine,beverage,3,16.00,48.00
T100833,2026-02-14 20:03,,peanut butter,grocery,1,5.60,5.60
T100833,2026-02-14 20:03,,salmon,fish,1,15.90,15.90
T100823,2026-02-14 20:04,C0258,paper towels,household,1,8.30,8.30
T100823,2026-02-14 20:04,C0258,trash bags,household,1,9.10,9.10
T100823,2026-02-14 20:04,C0258,eggs,dairy,1,4.90,4.90
T100823,2026-02-14 20:04,C0258,dish soap,household,2,4.70,9.40
T100823,2026-02-14 20:04,C0258,toilet paper,household,1,11.90,11.90
T100823,2026-02-14 20:04,C0258,ice cream,frozen,1,6.50,6.50
T100823,2026-02-14 20:04,C0258,peanuts,snack,1,4.80,4.80
T100823,2026-02-14 20:04,C0258,laundry detergent,household,1,14.20,14.20
T100820,2026-02-14 20:12,C0215,milk 2%,dairy,2,3.80,7.60
T100820,2026-02-14 20:12,C0215,coffee beans,grocery,1,12.50,12.50
T100820,2026-02-14 20:12,C0215,sugar,grocery,1,3.20,3.20
T100864,2026-02-15 08:15,,coffee beans,grocery,1,12.50,12.50
T100864,2026-02-15 08:15,,salmon,fish,1,15.90,15.90
T100864,2026-02-15 08:15,,croissant,bakery,2,1.80,3.60
T100864,2026-02-15 08:15,,sugar,grocery,1,3.20,3.20
T100864,2026-02-15 08:15,,salsa,grocery,1,3.90,3.90
T100864,2026-02-15 08:15,,croissant,bakery,2,1.80,3.60
T100865,2026-02-15 08:17,C0289,shampoo,care,3,7.40,22.20
T100865,2026-02-15 08:17,C0289,toothpaste,care,1,4.50,4.50
T100865,2026-02-15 08:17,C0289,croissant,bakery,1,1.80,1.80
T100862,2026-02-15 09:01,C0868,tomato sauce,grocery,1,3.60,3.60
T100862,2026-02-15 09:01,C0868,peanuts,snack,1,4.80,4.80
T100862,2026-02-15 09:01,C0868,pasta,grocery,1,2.30,2.30
T100867,2026-02-15 09:19,C0791,diapers,baby,1,24.90,24.90
T100867,2026-02-15 09:19,C0791,coffee beans,grocery,1,12.50,12.50
T100867,2026-02-15 09:19,C0791,trash bags,household,1,9.10,9.10
T100867,2026-02-15 09:19,C0791,baby formula,baby,3,28.50,85.50
T100859,2026-02-15 09:58,,paper towels,household,1,8.30,8.30
T100859,2026-02-15 09:58,,salmon,fish,1,15.90,15.90
T100859,2026-02-15 09:58,,baby wipes,baby,1,6.70,6.70
T100859,2026-02-15 09:58,,tomatoes,produce,1,3.90,3.90
T100859,2026-02-15 09:58,,baby formula,baby,1,28.50,28.50
T100859,2026-02-15 09:58,,strawberry jam,grocery,1,4.10,4.10
T100859,2026-02-15 09:58,,diapers,baby,1,24.90,24.90
T100859,2026-02-15 09:58,,croissant,bakery,1,1.80,1.80
T100859,2026-02-15 09:58,,lettuce,produce,1,2.60,2.60
T100859,2026-02-15 09:58,,laundry detergent,household,1,14.20,14.20
T100848,2026-02-15 11:15,C0462,toilet paper,household,1,11.90,11.90
T100848,2026-02-15 11:15,C0462,laundry detergent,household,2,14.20,28.40
T100848,2026-02-15 11:15,C0462,bacon,meat,1,7.80,7.80
T100848,2026-02-15 11:15,C0462,dish soap,household,1,4.70,4.70
T100848,2026-02-15 11:15,C0462,berries,produce,1,5.80,5.80
T100853,2026-02-15 11:46,,tea,grocery,1,6.40,6.40
T100853,2026-02-15 11:46,,bananas,produce,1,2.10,2.10
T100853,2026-02-15 11:46,,yogurt,dairy,1,4.60,4.60
T100853,2026-02-15 11:46,,granola,grocery,1,6.20,6.20
T100853,2026-02-15 11:46,,berries,produce,1,5.80,5.80
T100853,2026-02-15 11:46,,paper towels,household,3,8.30,24.90
T100855,2026-02-15 12:01,,red wine,beverage,3,16.00,48.00
T100855,2026-02-15 12:01,,pasta,grocery,1,2.30,2.30
T100855,2026-02-15 12:01,,ground beef,meat,1,9.40,9.40
T100855,2026-02-15 12:01,,salmon,fish,1,15.90,15.90
T100855,2026-02-15 12:01,,tomato sauce,grocery,1,3.60,3.60
T100855,2026-02-15 12:01,,parmesan,dairy,1,8.90,8.90
T100855,2026-02-15 12:01,,olive oil,grocery,2,11.20,22.40
T100851,2026-02-15 12:44,C0385,lemon,produce,1,0.90,0.90
T100851,2026-02-15 12:44,C0385,peanut butter,grocery,1,5.60,5.60
T100851,2026-02-15 12:44,C0385,tomatoes,produce,3,3.90,11.70
T100851,2026-02-15 12:44,C0385,red wine,beverage,3,16.00,48.00
T100851,2026-02-15 12:44,C0385,cucumber,produce,1,1.70,1.70
T100861,2026-02-15 13:15,C0111,salmon,fish,1,15.90,15.90
T100861,2026-02-15 13:15,C0111,lettuce,produce,1,2.60,2.60
T100861,2026-02-15 13:15,C0111,olive oil,grocery,1,11.20,11.20
T100861,2026-02-15 13:15,C0111,lemon,produce,1,0.90,0.90
T100861,2026-02-15 13:15,C0111,sugar,grocery,1,3.20,3.20
T100861,2026-02-15 13:15,C0111,red wine,beverage,1,16.00,16.00
T100861,2026-02-15 13:15,C0111,white bread,bakery,1,2.90,2.90
T100857,2026-02-15 13:34,,beer,beverage,3,13.50,40.50
T100857,2026-02-15 13:34,,dish soap,household,1,4.70,4.70
T100857,2026-02-15 13:34,,parmesan,dairy,3,8.90,26.70
T100857,2026-02-15 13:34,,toilet paper,household,1,11.90,11.90
T100857,2026-02-15 13:34,,laundry detergent,household,1,14.20,14.20
T100857,2026-02-15 13:34,,red wine,beverage,1,16.00,16.00
T100858,2026-02-15 16:11,C0618,white bread,bakery,1,2.90,2.90
T100858,2026-02-15 16:11,C0618,orange juice,beverage,1,4.40,4.40
T100858,2026-02-15 16:11,C0618,coffee beans,grocery,1,12.50,12.50
T100858,2026-02-15 16:11,C0618,tomatoes,produce,1,3.90,3.90
T100858,2026-02-15 16:11,C0618,salsa,grocery,2,3.90,7.80
T100858,2026-02-15 16:11,C0618,butter,dairy,1,5.20,5.20
T100858,2026-02-15 16:11,C0618,sugar,grocery,3,3.20,9.60
T100858,2026-02-15 16:11,C0618,red wine,beverage,1,16.00,16.00
T100844,2026-02-15 17:00,C0484,bananas,produce,1,2.10,2.10
T100844,2026-02-15 17:00,C0484,tomato sauce,grocery,1,3.60,3.60
T100844,2026-02-15 17:00,C0484,olive oil,grocery,3,11.20,33.60
T100844,2026-02-15 17:00,C0484,pasta,grocery,1,2.30,2.30
T100844,2026-02-15 17:00,C0484,parmesan,dairy,1,8.90,8.90
T100852,2026-02-15 17:07,C0349,sparkling water,beverage,1,3.10,3.10
T100852,2026-02-15 17:07,C0349,beer,beverage,3,13.50,40.50
T100852,2026-02-15 17:07,C0349,peanuts,snack,1,4.80,4.80
T100852,2026-02-15 17:07,C0349,tortilla chips,snack,1,4.20,4.20
T100852,2026-02-15 17:07,C0349,salsa,grocery,1,3.90,3.90
T100854,2026-02-15 17:45,,milk 2%,dairy,1,3.80,3.80
T100854,2026-02-15 17:45,,butter,dairy,1,5.20,5.20
T100854,2026-02-15 17:45,,white bread,bakery,1,2.90,2.90
T100854,2026-02-15 17:45,,strawberry jam,grocery,1,4.10,4.10
T100854,2026-02-15 17:45,,coffee beans,grocery,1,12.50,12.50
T100845,2026-02-15 18:00,C0885,avocado,produce,1,2.20,2.20
T100845,2026-02-15 18:00,C0885,butter,dairy,1,5.20,5.20
T100845,2026-02-15 18:00,C0885,yogurt,dairy,1,4.60,4.60
T100845,2026-02-15 18:00,C0885,bananas,produce,2,2.10,4.20
T100847,2026-02-15 18:01,C0198,lemon,produce,1,0.90,0.90
T100847,2026-02-15 18:01,C0198,tomato sauce,grocery,2,3.60,7.20
T100847,2026-02-15 18:01,C0198,parmesan,dairy,2,8.90,17.80
T100847,2026-02-15 18:01,C0198,olive oil,grocery,1,11.20,11.20
T100847,2026-02-15 18:01,C0198,pasta,grocery,1,2.30,2.30
T100847,2026-02-15 18:01,C0198,granola,grocery,1,6.20,6.20
T100856,2026-02-15 18:37,C0298,croissant,bakery,1,1.80,1.80
T100856,2026-02-15 18:37,C0298,sugar,grocery,1,3.20,3.20
T100856,2026-02-15 18:37,C0298,coffee beans,grocery,1,12.50,12.50
T100860,2026-02-15 18:54,,berries,produce,1,5.80,5.80
T100860,2026-02-15 18:54,,bananas,produce,1,2.10,2.10
T100860,2026-02-15 18:54,,beer,beverage,1,13.50,13.50
T100860,2026-02-15 18:54,,lettuce,produce,1,2.60,2.60
T100860,2026-02-15 18:54,,yogurt,dairy,1,4.60,4.60
T100860,2026-02-15 18:54,,avocado,produce,1,2.20,2.20
T100846,2026-02-15 19:02,,yogurt,dairy,2,4.60,9.20
T100846,2026-02-15 19:02,,paper towels,household,1,8.30,8.30
T100846,2026-02-15 19:02,,berries,produce,1,5.80,5.80
T100846,2026-02-15 19:02,,bananas,produce,1,2.10,2.10
T100846,2026-02-15 19:02,,granola,grocery,1,6.20,6.20
T100866,2026-02-15 19:22,C0718,salmon,fish,1,15.90,15.90
T100866,2026-02-15 19:22,C0718,cucumber,produce,1,1.70,1.70
T100866,2026-02-15 19:22,C0718,bacon,meat,1,7.80,7.80
T100866,2026-02-15 19:22,C0718,bananas,produce,1,2.10,2.10
T100866,2026-02-15 19:22,C0718,olive oil,grocery,1,11.20,11.20
T100866,2026-02-15 19:22,C0718,lettuce,produce,1,2.60,2.60
T100850,2026-02-15 19:46,,lemon,produce,1,0.90,0.90
T100850,2026-02-15 19:46,,salmon,fish,1,15.90,15.90
T100850,2026-02-15 19:46,,cucumber,produce,1,1.70,1.70
T100850,2026-02-15 19:46,,red wine,beverage,1,16.00,16.00
T100863,2026-02-15 19:50,C0533,toilet paper,household,1,11.90,11.90
T100863,2026-02-15 19:50,C0533,paper towels,household,1,8.30,8.30
T100863,2026-02-15 19:50,C0533,frozen pizza,frozen,1,7.20,7.20
T100863,2026-02-15 19:50,C0533,trash bags,household,1,9.10,9.10
T100863,2026-02-15 19:50,C0533,laundry detergent,household,1,14.20,14.20
T100843,2026-02-15 20:54,C0355,ground beef,meat,1,9.40,9.40
T100843,2026-02-15 20:54,C0355,whole wheat bread,bakery,1,3.40,3.40
T100875,2026-02-16 10:50,,ground beef,meat,1,9.40,9.40
T100875,2026-02-16 10:50,,tomato sauce,grocery,1,3.60,3.60
T100875,2026-02-16 10:50,,bananas,produce,1,2.10,2.10
T100875,2026-02-16 10:50,,baby formula,baby,1,28.50,28.50
T100875,2026-02-16 10:50,,pasta,grocery,3,2.30,6.90
T100875,2026-02-16 10:50,,lettuce,produce,1,2.60,2.60
T100876,2026-02-16 12:45,,ground beef,meat,1,9.40,9.40
T100876,2026-02-16 12:45,,peanuts,snack,3,4.80,14.40
T100876,2026-02-16 12:45,,parmesan,dairy,2,8.90,17.80
T100876,2026-02-16 12:45,,milk 2%,dairy,1,3.80,3.80
T100876,2026-02-16 12:45,,pasta,grocery,1,2.30,2.30
T100876,2026-02-16 12:45,,tortilla chips,snack,1,4.20,4.20
T100872,2026-02-16 12:58,C0452,salmon,fish,1,15.90,15.90
T100873,2026-02-16 13:09,,toothpaste,care,1,4.50,4.50
T100873,2026-02-16 13:09,,baby formula,baby,1,28.50,28.50
T100873,2026-02-16 13:09,,diapers,baby,1,24.90,24.90
T100873,2026-02-16 13:09,,paper towels,household,2,8.30,16.60
T100873,2026-02-16 13:09,,baby wipes,baby,1,6.70,6.70
T100873,2026-02-16 13:09,,tea,grocery,1,6.40,6.40
T100869,2026-02-16 16:11,C0592,bananas,produce,1,2.10,2.10
T100869,2026-02-16 16:11,C0592,tomato sauce,grocery,1,3.60,3.60
T100869,2026-02-16 16:11,C0592,parmesan,dairy,1,8.90,8.90
T100869,2026-02-16 16:11,C0592,olive oil,grocery,1,11.20,11.20
T100869,2026-02-16 16:11,C0592,pasta,grocery,3,2.30,6.90
T100869,2026-02-16 16:11,C0592,red wine,beverage,1,16.00,16.00
T100868,2026-02-16 18:16,,dish soap,household,1,4.70,4.70
T100868,2026-02-16 18:16,,laundry detergent,household,1,14.20,14.20
T100868,2026-02-16 18:16,,parmesan,dairy,1,8.90,8.90
T100868,2026-02-16 18:16,,paper towels,household,1,8.30,8.30
T100868,2026-02-16 18:16,,trash bags,household,1,9.10,9.10
T100870,2026-02-16 18:30,,whole wheat bread,bakery,1,3.40,3.40
T100870,2026-02-16 18:30,,berries,produce,1,5.80,5.80
T100870,2026-02-16 18:30,,parmesan,dairy,1,8.90,8.90
T100870,2026-02-16 18:30,,salmon,fish,3,15.90,47.70
T100871,2026-02-16 18:49,,conditioner,care,1,7.40,7.40
T100871,2026-02-16 18:49,,trash bags,household,2,9.10,18.20
T100871,2026-02-16 18:49,,paper towels,household,2,8.30,16.60
T100871,2026-02-16 18:49,,dish soap,household,1,4.70,4.70
T100871,2026-02-16 18:49,,lettuce,produce,2,2.60,5.20
T100871,2026-02-16 18:49,,toilet paper,household,1,11.90,11.90
T100871,2026-02-16 18:49,,olive oil,grocery,3,11.20,33.60
T100874,2026-02-16 19:18,C0479,cucumber,produce,1,1.70,1.70
T100874,2026-02-16 19:18,C0479,salmon,fish,1,15.90,15.90
T100874,2026-02-16 19:18,C0479,bananas,produce,1,2.10,2.10
T100874,2026-02-16 19:18,C0479,ground beef,meat,1,9.40,9.40
T100874,2026-02-16 19:18,C0479,lemon,produce,1,0.90,0.90
T100874,2026-02-16 19:18,C0479,olive oil,grocery,1,11.20,11.20
T100874,2026-02-16 19:18,C0479,beer,beverage,1,13.50,13.50
T100886,2026-02-17 08:26,,eggs,dairy,1,4.90,4.90
T100886,2026-02-17 08:26,,sugar,grocery,2,3.20,6.40
T100886,2026-02-17 08:26,,toilet paper,household,1,11.90,11.90
T100886,2026-02-17 08:26,,croissant,bakery,1,1.80,1.80
T100886,2026-02-17 08:26,,lettuce,produce,1,2.60,2.60
T100886,2026-02-17 08:26,,coffee beans,grocery,1,12.50,12.50
T100890,2026-02-17 08:48,,strawberry jam,grocery,1,4.10,4.10
T100890,2026-02-17 08:48,,butter,dairy,1,5.20,5.20
T100890,2026-02-17 08:48,,baby wipes,baby,1,6.70,6.70
T100890,2026-02-17 08:48,,tomatoes,produce,2,3.90,7.80
T100890,2026-02-17 08:48,,lettuce,produce,1,2.60,2.60
T100894,2026-02-17 09:13,C0898,coffee beans,grocery,1,12.50,12.50
T100894,2026-02-17 09:13,C0898,yogurt,dairy,1,4.60,4.60
T100894,2026-02-17 09:13,C0898,milk 2%,dairy,1,3.80,3.80
T100894,2026-02-17 09:13,C0898,olive oil,grocery,1,11.20,11.20
T100885,2026-02-17 09:23,,bananas,produce,1,2.10,2.10
T100885,2026-02-17 09:23,,conditioner,care,1,7.40,7.40
T100885,2026-02-17 09:23,,toothpaste,care,1,4.50,4.50
T100885,2026-02-17 09:23,,shampoo,care,1,7.40,7.40
T100885,2026-02-17 09:23,,lemon,produce,1,0.90,0.90
T100885,2026-02-17 09:23,,red wine,beverage,1,16.00,16.00
T100885,2026-02-17 09:23,,baby formula,baby,2,28.50,57.00
T100888,2026-02-17 10:13,C0416,eggs,dairy,1,4.90,4.90
T100888,2026-02-17 10:13,C0416,coffee beans,grocery,1,12.50,12.50
T100888,2026-02-17 10:13,C0416,white bread,bakery,1,2.90,2.90
T100888,2026-02-17 10:13,C0416,butter,dairy,1,5.20,5.20
T100888,2026-02-17 10:13,C0416,milk 2%,dairy,1,3.80,3.80
T100881,2026-02-17 10:32,C0896,salmon,fish,2,15.90,31.80
T100881,2026-02-17 10:32,C0896,tomatoes,produce,1,3.90,3.90
T100877,2026-02-17 11:24,C0355,tomatoes,produce,2,3.90,7.80
T100877,2026-02-17 11:24,C0355,berries,produce,1,5.80,5.80
T100877,2026-02-17 11:24,C0355,yogurt,dairy,1,4.60,4.60
T100877,2026-02-17 11:24,C0355,cucumber,produce,1,1.70,1.70
T100877,2026-02-17 11:24,C0355,red wine,beverage,1,16.00,16.00
T100889,2026-02-17 11:47,C0709,cucumber,produce,1,1.70,1.70
T100889,2026-02-17 11:47,C0709,tomatoes,produce,1,3.90,3.90
T100889,2026-02-17 11:47,C0709,sparkling water,beverage,1,3.10,3.10
T100889,2026-02-17 11:47,C0709,white bread,bakery,1,2.90,2.90
T100880,2026-02-17 12:17,,granola,grocery,2,6.20,12.40
T100880,2026-02-17 12:17,,white bread,bakery,1,2.90,2.90
T100880,2026-02-17 12:17,,milk 2%,dairy,1,3.80,3.80
T100880,2026-02-17 12:17,,coffee beans,grocery,1,12.50,12.50
T100880,2026-02-17 12:17,,paper towels,household,2,8.30,16.60
T100882,2026-02-17 12:24,C0747,red wine,beverage,1,16.00,16.00
T100882,2026-02-17 12:24,C0747,salmon,fish,1,15.90,15.90
T100882,2026-02-17 12:24,C0747,lemon,produce,1,0.90,0.90
T100882,2026-02-17 12:24,C0747,olive oil,grocery,1,11.20,11.20
T100882,2026-02-17 12:24,C0747,salsa,grocery,1,3.90,3.90
T100882,2026-02-17 12:24,C0747,chocolate bar,snack,1,2.70,2.70
T100892,2026-02-17 12:42,,yogurt,dairy,1,4.60,4.60
T100892,2026-02-17 12:42,,butter,dairy,1,5.20,5.20
T100892,2026-02-17 12:42,,granola,grocery,1,6.20,6.20
T100892,2026-02-17 12:42,,baby wipes,baby,1,6.70,6.70
T100891,2026-02-17 12:48,,berries,produce,1,5.80,5.80
T100891,2026-02-17 12:48,,ground beef,meat,1,9.40,9.40
T100891,2026-02-17 12:48,,shampoo,care,1,7.40,7.40
T100891,2026-02-17 12:48,,sparkling water,beverage,2,3.10,6.20
T100879,2026-02-17 18:04,C0386,tomato sauce,grocery,1,3.60,3.60
T100879,2026-02-17 18:04,C0386,olive oil,grocery,1,11.20,11.20
T100879,2026-02-17 18:04,C0386,lemon,produce,1,0.90,0.90
T100879,2026-02-17 18:04,C0386,dish soap,household,1,4.70,4.70
T100879,2026-02-17 18:04,C0386,peanut butter,grocery,1,5.60,5.60
T100879,2026-02-17 18:04,C0386,butter,dairy,1,5.20,5.20
T100879,2026-02-17 18:04,C0386,salmon,fish,1,15.90,15.90
T100879,2026-02-17 18:04,C0386,orange juice,beverage,1,4.40,4.40
T100884,2026-02-17 18:10,,eggs,dairy,1,4.90,4.90
T100884,2026-02-17 18:10,,tomato sauce,grocery,2,3.60,7.20
T100884,2026-02-17 18:10,,butter,dairy,2,5.20,10.40
T100884,2026-02-17 18:10,,coffee beans,grocery,1,12.50,12.50
T100884,2026-02-17 18:10,,milk 2%,dairy,1,3.80,3.80
T100884,2026-02-17 18:10,,white bread,bakery,3,2.90,8.70
T100887,2026-02-17 18:11,C0201,pasta,grocery,1,2.30,2.30
T100887,2026-02-17 18:11,C0201,red wine,beverage,1,16.00,16.00
T100887,2026-02-17 18:11,C0201,tomato sauce,grocery,2,3.60,7.20
T100887,2026-02-17 18:11,C0201,croissant,bakery,1,1.80,1.80
T100887,2026-02-17 18:11,C0201,parmesan,dairy,2,8.90,17.80
T100893,2026-02-17 18:37,C0145,coffee beans,grocery,1,12.50,12.50
T100893,2026-02-17 18:37,C0145,tomato sauce,grocery,1,3.60,3.60
T100893,2026-02-17 18:37,C0145,parmesan,dairy,1,8.90,8.90
T100893,2026-02-17 18:37,C0145,red wine,beverage,1,16.00,16.00
T100893,2026-02-17 18:37,C0145,bananas,produce,1,2.10,2.10
T100893,2026-02-17 18:37,C0145,pasta,grocery,1,2.30,2.30
T100893,2026-02-17 18:37,C0145,conditioner,care,2,7.40,14.80
T100878,2026-02-17 18:46,C0414,butter,dairy,1,5.20,5.20
T100878,2026-02-17 18:46,C0414,granola,grocery,1,6.20,6.20
T100878,2026-02-17 18:46,C0414,berries,produce,1,5.80,5.80
T100878,2026-02-17 18:46,C0414,avocado,produce,1,2.20,2.20
T100878,2026-02-17 18:46,C0414,yogurt,dairy,1,4.60,4.60
T100878,2026-02-17 18:46,C0414,eggs,dairy,1,4.90,4.90
T100883,2026-02-17 20:10,C0240,toilet paper,household,1,11.90,11.90
T100883,2026-02-17 20:10,C0240,olive oil,grocery,3,11.20,33.60
T100883,2026-02-17 20:10,C0240,lemon,produce,1,0.90,0.90
T100912,2026-02-18 08:57,,coffee beans,grocery,1,12.50,12.50
T100912,2026-02-18 08:57,,croissant,bakery,3,1.80,5.40
T100912,2026-02-18 08:57,,lemon,produce,2,0.90,1.80
T100912,2026-02-18 08:57,,pasta,grocery,1,2.30,2.30
T100912,2026-02-18 08:57,,ice cream,frozen,1,6.50,6.50
T100912,2026-02-18 08:57,,milk 2%,dairy,1,3.80,3.80
T100899,2026-02-18 08:58,C0392,shampoo,care,1,7.40,7.40
T100899,2026-02-18 08:58,C0392,eggs,dairy,3,4.90,14.70
T100899,2026-02-18 08:58,C0392,berries,produce,1,5.80,5.80
T100899,2026-02-18 08:58,C0392,tea,grocery,1,6.40,6.40
T100899,2026-02-18 08:58,C0392,bananas,produce,1,2.10,2.10
T100899,2026-02-18 08:58,C0392,yogurt,dairy,1,4.60,4.60
T100908,2026-02-18 09:06,,coffee beans,grocery,1,12.50,12.50
T100908,2026-02-18 09:06,,sugar,grocery,1,3.20,3.20
T100908,2026-02-18 09:06,,ground beef,meat,1,9.40,9.40
T100908,2026-02-18 09:06,,milk 2%,dairy,2,3.80,7.60
T100911,2026-02-18 09:17,C0643,peanut butter,grocery,2,5.60,11.20
T100911,2026-02-18 09:17,C0643,toothpaste,care,1,4.50,4.50
T100911,2026-02-18 09:17,C0643,coffee beans,grocery,1,12.50,12.50
T100911,2026-02-18 09:17,C0643,shampoo,care,1,7.40,7.40
T100911,2026-02-18 09:17,C0643,ground beef,meat,2,9.40,18.80
T100911,2026-02-18 09:17,C0643,croissant,bakery,1,1.80,1.80
T100902,2026-02-18 09:25,C0572,butter,dairy,2,5.20,10.40
T100902,2026-02-18 09:25,C0572,white bread,bakery,1,2.90,2.90
T100902,2026-02-18 09:25,C0572,milk 2%,dairy,1,3.80,3.80
T100902,2026-02-18 09:25,C0572,strawberry jam,grocery,1,4.10,4.10
T100902,2026-02-18 09:25,C0572,dish soap,household,3,4.70,14.10
T100902,2026-02-18 09:25,C0572,toothpaste,care,2,4.50,9.00
T100909,2026-02-18 09:50,,lemon,produce,1,0.90,0.90
T100909,2026-02-18 09:50,,granola,grocery,1,6.20,6.20
T100909,2026-02-18 09:50,,berries,produce,2,5.80,11.60
T100909,2026-02-18 09:50,,yogurt,dairy,1,4.60,4.60
T100909,2026-02-18 09:50,,toilet paper,household,1,11.90,11.90
T100909,2026-02-18 09:50,,salmon,fish,1,15.90,15.90
T100909,2026-02-18 09:50,,olive oil,grocery,1,11.20,11.20
T100909,2026-02-18 09:50,,avocado,produce,1,2.20,2.20
T100903,2026-02-18 09:54,C0814,strawberry jam,grocery,1,4.10,4.10
T100903,2026-02-18 09:54,C0814,white bread,bakery,1,2.90,2.90
T100903,2026-02-18 09:54,C0814,trash bags,household,1,9.10,9.10
T100903,2026-02-18 09:54,C0814,butter,dairy,1,5.20,5.20
T100903,2026-02-18 09:54,C0814,milk 2%,dairy,1,3.80,3.80
T100903,2026-02-18 09:54,C0814,eggs,dairy,1,4.90,4.90
T100905,2026-02-18 11:34,C0851,sugar,grocery,1,3.20,3.20
T100905,2026-02-18 11:34,C0851,baby wipes,baby,1,6.70,6.70
T100905,2026-02-18 11:34,C0851,croissant,bakery,1,1.80,1.80
T100905,2026-02-18 11:34,C0851,tomato sauce,grocery,3,3.60,10.80
T100905,2026-02-18 11:34,C0851,chocolate bar,snack,1,2.70,2.70
T100905,2026-02-18 11:34,C0851,COFFEE BEANS,grocery,1,12.50,12.50
T100905,2026-02-18 11:34,C0851,whole wheat bread,bakery,1,3.40,3.40
T100910,2026-02-18 11:43,C0257,dish soap,household,2,4.70,9.40
T100907,2026-02-18 16:30,C0014,salsa,grocery,2,3.90,7.80
T100907,2026-02-18 16:30,C0014,tortilla chips,snack,1,4.20,4.20
T100907,2026-02-18 16:30,C0014,toilet paper,household,1,11.90,11.90
T100907,2026-02-18 16:30,C0014,peanuts,snack,1,4.80,4.80
T100897,2026-02-18 17:24,,coffee beans,grocery,1,12.50,12.50
T100897,2026-02-18 17:24,,eggs,dairy,1,4.90,4.90
T100897,2026-02-18 17:24,,white bread,bakery,1,2.90,2.90
T100897,2026-02-18 17:24,,milk 2%,dairy,1,3.80,3.80
T100901,2026-02-18 17:55,,coffee beans,grocery,1,12.50,12.50
T100901,2026-02-18 17:55,,tomatoes,produce,1,3.90,3.90
T100895,2026-02-18 18:02,C0383,butter,dairy,1,5.20,5.20
T100895,2026-02-18 18:02,C0383,peanut butter,grocery,1,5.60,5.60
T100895,2026-02-18 18:02,C0383,white bread,bakery,1,2.90,2.90
T100904,2026-02-18 18:05,,pasta,grocery,1,2.30,2.30
T100904,2026-02-18 18:05,,beer,beverage,2,13.50,27.00
T100904,2026-02-18 18:05,,tomatoes,produce,1,3.90,3.90
T100904,2026-02-18 18:05,,tortilla chips,snack,3,4.20,12.60
T100904,2026-02-18 18:05,,CHOCOLATE BAR,snack,1,2.70,2.70
T100904,2026-02-18 18:05,,eggs,dairy,2,4.90,9.80
T100904,2026-02-18 18:05,,milk 2%,dairy,1,3.80,3.80
T100900,2026-02-18 18:20,C0262,croissant,bakery,1,1.80,1.80
T100900,2026-02-18 18:20,C0262,milk 2%,dairy,1,3.80,3.80
T100900,2026-02-18 18:20,C0262,coffee beans,grocery,1,12.50,12.50
T100900,2026-02-18 18:20,C0262,peanuts,snack,2,4.80,9.60
T100896,2026-02-18 18:24,C0203,sugar,grocery,1,3.20,3.20
T100896,2026-02-18 18:24,C0203,cucumber,produce,3,1.70,5.10
T100896,2026-02-18 18:24,C0203,pasta,grocery,1,2.30,2.30
T100906,2026-02-18 18:26,C0336,berries,produce,1,5.80,5.80
T100906,2026-02-18 18:26,C0336,trash bags,household,1,9.10,9.10
T100906,2026-02-18 18:26,C0336,toilet paper,household,1,11.90,11.90
T100906,2026-02-18 18:26,C0336,paper towels,household,1,8.30,8.30
T100906,2026-02-18 18:26,C0336,ground beef,meat,1,9.40,9.40
T100898,2026-02-18 20:31,,bacon,meat,1,7.80,7.80
T100898,2026-02-18 20:31,,shampoo,care,2,7.40,14.80
T100898,2026-02-18 20:31,,croissant,bakery,1,1.80,1.80
T100898,2026-02-18 20:31,,milk 2%,dairy,1,3.80,3.80
T100898,2026-02-18 20:31,,coffee beans,grocery,1,12.50,12.50
T100898,2026-02-18 20:31,,sugar,grocery,1,3.20,3.20
T100917,2026-02-19 08:49,C0769,pasta,grocery,1,2.30,2.30
T100917,2026-02-19 08:49,C0769,ground beef,meat,1,9.40,9.40
T100917,2026-02-19 08:49,C0769,tomato sauce,grocery,3,3.60,10.80
T100917,2026-02-19 08:49,C0769,parmesan,dairy,2,8.90,17.80
T100914,2026-02-19 09:19,,toilet paper,household,1,11.90,11.90
T100914,2026-02-19 09:19,,red wine,beverage,1,16.00,16.00
T100914,2026-02-19 09:19,,olive oil,grocery,1,11.20,11.20
T100914,2026-02-19 09:19,,sparkling water,beverage,1,3.10,3.10
T100914,2026-02-19 09:19,,lemon,produce,3,0.90,2.70
T100914,2026-02-19 09:19,,eggs,dairy,1,4.90,4.90
T100914,2026-02-19 09:19,,bananas,produce,1,2.10,2.10
T100914,2026-02-19 09:19,,salmon,fish,1,15.90,15.90
T100916,2026-02-19 09:22,,peanut butter,grocery,1,5.60,5.60
T100916,2026-02-19 09:22,,ground beef,meat,1,9.40,9.40
T100916,2026-02-19 09:22,,tomato sauce,grocery,1,3.60,3.60
T100916,2026-02-19 09:22,,pasta,grocery,1,2.30,2.30
T100920,2026-02-19 10:56,C0455,chocolate bar,snack,2,2.70,5.40
T100920,2026-02-19 10:56,C0455,salsa,grocery,1,3.90,3.90
T100920,2026-02-19 10:56,C0455,beer,beverage,1,13.50,13.50
T100920,2026-02-19 10:56,C0455,olive oil,grocery,1,11.20,11.20
T100922,2026-02-19 12:08,C0047,white bread,bakery,1,2.90,2.90
T100922,2026-02-19 12:08,C0047,salmon,fish,1,15.90,15.90
T100922,2026-02-19 12:08,C0047,peanuts,snack,1,4.80,4.80
T100922,2026-02-19 12:08,C0047,strawberry jam,grocery,1,4.10,4.10
T100922,2026-02-19 12:08,C0047,butter,dairy,2,5.20,10.40
T100922,2026-02-19 12:08,C0047,frozen pizza,frozen,1,7.20,7.20
T100922,2026-02-19 12:08,C0047,ice cream,frozen,1,6.50,6.50
T100915,2026-02-19 12:34,C0812,conditioner,care,1,7.40,7.40
T100915,2026-02-19 12:34,C0812,baby wipes,baby,2,6.70,13.40
T100915,2026-02-19 12:34,C0812,red wine,beverage,1,16.00,16.00
T100915,2026-02-19 12:34,C0812,shampoo,care,1,7.40,7.40
T100918,2026-02-19 13:11,C0405,coffee beans,grocery,3,12.50,37.50
T100918,2026-02-19 13:11,C0405,tea,grocery,1,6.40,6.40
T100918,2026-02-19 13:11,C0405,croissant,bakery,1,1.80,1.80
T100918,2026-02-19 13:11,C0405,milk 2%,dairy,1,3.80,3.80
T100918,2026-02-19 13:11,C0405,sugar,grocery,1,3.20,3.20
T100919,2026-02-19 18:56,,butter,dairy,3,5.20,15.60
T100919,2026-02-19 18:56,,milk 2%,dairy,1,3.80,3.80
T100919,2026-02-19 18:56,,ground beef,meat,1,9.40,9.40
T100919,2026-02-19 18:56,,pasta,grocery,1,2.30,2.30
T100919,2026-02-19 18:56,,red wine,beverage,1,16.00,16.00
T100919,2026-02-19 18:56,,bananas,produce,1,2.10,2.10
T100919,2026-02-19 18:56,,olive oil,grocery,1,11.20,11.20
T100919,2026-02-19 18:56,,parmesan,dairy,3,8.90,26.70
T100919,2026-02-19 18:56,,orange juice,beverage,1,4.40,4.40
T100913,2026-02-19 19:00,C0509,peanut butter,grocery,1,5.60,5.60
T100913,2026-02-19 19:00,C0509,baby formula,baby,1,28.50,28.50
T100913,2026-02-19 19:00,C0509,granola,grocery,1,6.20,6.20
T100913,2026-02-19 19:00,C0509,toilet paper,household,1,11.90,11.90
T100923,2026-02-19 19:17,,chocolate bar,snack,1,2.70,2.70
T100923,2026-02-19 19:17,,white bread,bakery,1,2.90,2.90
T100923,2026-02-19 19:17,,eggs,dairy,1,4.90,4.90
T100923,2026-02-19 19:17,,strawberry jam,grocery,1,4.10,4.10
T100923,2026-02-19 19:17,,milk 2%,dairy,1,3.80,3.80
T100921,2026-02-19 20:14,,lettuce,produce,1,2.60,2.60
T100921,2026-02-19 20:14,,conditioner,care,1,7.40,7.40
T100921,2026-02-19 20:14,,yogurt,dairy,2,4.60,9.20
T100921,2026-02-19 20:14,,berries,produce,1,5.80,5.80
T100921,2026-02-19 20:14,,avocado,produce,2,2.20,4.40
T100921,2026-02-19 20:14,,strawberry jam,grocery,1,4.10,4.10
T100921,2026-02-19 20:14,,peanuts,snack,2,4.80,9.60
T100921,2026-02-19 20:14,,lettuce,produce,1,2.60,2.60
T100951,2026-02-20 08:13,,peanuts,snack,3,4.80,14.40
T100951,2026-02-20 08:13,,white bread,bakery,1,2.90,2.90
T100951,2026-02-20 08:13,,tomato sauce,grocery,1,3.60,3.60
T100931,2026-02-20 09:24,C0323,granola,grocery,1,6.20,6.20
T100931,2026-02-20 09:24,C0323,avocado,produce,2,2.20,4.40
T100931,2026-02-20 09:24,C0323,salmon,fish,1,15.90,15.90
T100931,2026-02-20 09:24,C0323,pasta,grocery,1,2.30,2.30
T100931,2026-02-20 09:24,C0323,ground beef,meat,1,9.40,9.40
T100938,2026-02-20 10:08,,beer,beverage,2,13.50,27.00
T100938,2026-02-20 10:08,,baby formula,baby,1,28.50,28.50
T100936,2026-02-20 10:15,C0140,diapers,baby,1,24.90,24.90
T100936,2026-02-20 10:15,C0140,parmesan,dairy,1,8.90,8.90
T100936,2026-02-20 10:15,C0140,tortilla chips,snack,1,4.20,4.20
T100936,2026-02-20 10:15,C0140,berries,produce,1,5.80,5.80
T100933,2026-02-20 10:16,C0695,cucumber,produce,1,1.70,1.70
T100933,2026-02-20 10:16,C0695,tortilla chips,snack,1,4.20,4.20
T100933,2026-02-20 10:16,C0695,beer,beverage,3,13.50,40.50
T100933,2026-02-20 10:16,C0695,yogurt,dairy,1,4.60,4.60
T100933,2026-02-20 10:16,C0695,red wine,beverage,1,16.00,16.00
T100933,2026-02-20 10:16,C0695,lemon,produce,1,0.90,0.90
T100933,2026-02-20 10:16,C0695,olive oil,grocery,1,11.20,11.20
T100945,2026-02-20 11:38,,sugar,grocery,1,3.20,3.20
T100945,2026-02-20 11:38,,trash bags,household,1,9.10,9.10
T100945,2026-02-20 11:38,,coffee beans,grocery,3,12.50,37.50
T100945,2026-02-20 11:38,,croissant,bakery,1,1.80,1.80
T100926,2026-02-20 11:48,,beer,beverage,1,13.50,13.50
T100926,2026-02-20 11:48,,salsa,grocery,1,3.90,3.90
T100926,2026-02-20 11:48,,tortilla chips,snack,3,4.20,12.60
T100944,2026-02-20 11:53,,toothpaste,care,1,4.50,4.50
T100944,2026-02-20 11:53,,apples,produce,1,4.30,4.30
T100944,2026-02-20 11:53,,sparkling water,beverage,1,3.10,3.10
T100944,2026-02-20 11:53,,strawberry jam,grocery,2,4.10,8.20
T100944,2026-02-20 11:53,,granola,grocery,1,6.20,6.20
T100944,2026-02-20 11:53,,coffee beans,grocery,1,12.50,12.50
T100944,2026-02-20 11:53,,milk 2%,dairy,1,3.80,3.80
T100944,2026-02-20 11:53,,sugar,grocery,3,3.20,9.60
T100948,2026-02-20 12:13,,beer,beverage,3,13.50,40.50
T100948,2026-02-20 12:13,,peanuts,snack,1,4.80,4.80
T100948,2026-02-20 12:13,,chocolate bar,snack,1,2.70,2.70
T100941,2026-02-20 13:21,C0528,granola,grocery,1,6.20,6.20
T100941,2026-02-20 13:21,C0528,apples,produce,1,4.30,4.30
T100941,2026-02-20 13:21,C0528,toilet paper,household,1,11.90,11.90
T100941,2026-02-20 13:21,C0528,diapers,baby,1,24.90,24.90
T100937,2026-02-20 16:00,C0202,strawberry jam,grocery,1,4.10,4.10
T100937,2026-02-20 16:00,C0202,whole wheat bread,bakery,1,3.40,3.40
T100937,2026-02-20 16:00,C0202,shampoo,care,1,7.40,7.40
T100930,2026-02-20 16:12,,trash bags,household,1,9.10,9.10
T100930,2026-02-20 16:12,,paper towels,household,1,8.30,8.30
T100930,2026-02-20 16:12,,toilet paper,household,2,11.90,23.80
T100930,2026-02-20 16:12,,laundry detergent,household,1,14.20,14.20
T100929,2026-02-20 17:17,C0523,sugar,grocery,1,3.20,3.20
T100929,2026-02-20 17:17,C0523,butter,dairy,2,5.20,10.40
T100929,2026-02-20 17:17,C0523,parmesan,dairy,1,8.90,8.90
T100929,2026-02-20 17:17,C0523,laundry detergent,household,1,14.20,14.20
T100929,2026-02-20 17:17,C0523,paper towels,household,3,8.30,24.90
T100929,2026-02-20 17:17,C0523,toilet paper,household,3,11.90,35.70
T100929,2026-02-20 17:17,C0523,dish soap,household,1,4.70,4.70
T100940,2026-02-20 17:26,C0613,ground beef,meat,1,9.40,9.40
T100940,2026-02-20 17:26,C0613,coffee beans,grocery,1,12.50,12.50
T100940,2026-02-20 17:26,C0613,pasta,grocery,1,2.30,2.30
T100946,2026-02-20 18:09,C0816,toothpaste,care,1,4.50,4.50
T100946,2026-02-20 18:09,C0816,chocolate bar,snack,3,2.70,8.10
T100946,2026-02-20 18:09,C0816,paper towels,household,1,8.30,8.30
T100946,2026-02-20 18:09,C0816,tomato sauce,grocery,1,3.60,3.60
T100950,2026-02-20 18:14,C0157,toilet paper,household,1,11.90,11.90
T100950,2026-02-20 18:14,C0157,croissant,bakery,1,1.80,1.80
T100950,2026-02-20 18:14,C0157,milk 2%,dairy,1,3.80,3.80
T100950,2026-02-20 18:14,C0157,olive oil,grocery,1,11.20,11.20
T100950,2026-02-20 18:14,C0157,laundry detergent,household,1,14.20,14.20
T100950,2026-02-20 18:14,C0157,coffee beans,grocery,1,12.50,12.50
T100950,2026-02-20 18:14,C0157,parmesan,dairy,1,8.90,8.90
T100950,2026-02-20 18:14,C0157,sugar,grocery,3,3.20,9.60
T100934,2026-02-20 18:27,,milk 2%,dairy,1,3.80,3.80
T100934,2026-02-20 18:27,,sugar,grocery,1,3.20,3.20
T100934,2026-02-20 18:27,,croissant,bakery,1,1.80,1.80
T100934,2026-02-20 18:27,,coffee beans,grocery,2,12.50,25.00
T100927,2026-02-20 18:34,C0702,orange juice,beverage,2,4.40,8.80
T100927,2026-02-20 18:34,C0702,frozen pizza,frozen,3,7.20,21.60
T100927,2026-02-20 18:34,C0702,pasta,grocery,1,2.30,2.30
T100927,2026-02-20 18:34,C0702,sparkling water,beverage,1,3.10,3.10
T100927,2026-02-20 18:34,C0702,parmesan,dairy,1,8.90,8.90
T100927,2026-02-20 18:34,C0702,tomato sauce,grocery,1,3.60,3.60
T100927,2026-02-20 18:34,C0702,yogurt,dairy,1,4.60,4.60
T100927,2026-02-20 18:34,C0702,lemon,produce,1,0.90,0.90
T100939,2026-02-20 18:35,C0791,tomatoes,produce,1,3.90,3.90
T100939,2026-02-20 18:35,C0791,baby wipes,baby,1,6.70,6.70
T100939,2026-02-20 18:35,C0791,diapers,baby,1,24.90,24.90
T100939,2026-02-20 18:35,C0791,beer,beverage,3,13.50,40.50
T100925,2026-02-20 18:59,C0359,baby formula,baby,2,28.50,57.00
T100925,2026-02-20 18:59,C0359,baby wipes,baby,1,6.70,6.70
T100925,2026-02-20 18:59,C0359,diapers,baby,2,24.90,49.80
T100925,2026-02-20 18:59,C0359,ground beef,meat,1,9.40,9.40
T100925,2026-02-20 18:59,C0359,paper towels,household,3,8.30,24.90
T100925,2026-02-20 18:59,C0359,orange juice,beverage,3,4.40,13.20
T100928,2026-02-20 19:10,C0279,diapers,baby,1,24.90,24.90
T100928,2026-02-20 19:10,C0279,paper towels,household,1,8.30,8.30
T100928,2026-02-20 19:10,C0279,baby wipes,baby,2,6.70,13.40
T100928,2026-02-20 19:10,C0279,beer,beverage,1,13.50,13.50
T100928,2026-02-20 19:10,C0279,cucumber,produce,1,1.70,1.70
T100928,2026-02-20 19:10,C0279,conditioner,care,1,7.40,7.40
T100942,2026-02-20 19:13,C0171,trash bags,household,1,9.10,9.10
T100942,2026-02-20 19:13,C0171,dish soap,household,1,4.70,4.70
T100942,2026-02-20 19:13,C0171,paper towels,household,1,8.30,8.30
T100942,2026-02-20 19:13,C0171,toilet paper,household,1,11.90,11.90
T100932,2026-02-20 19:28,,chocolate bar,snack,1,2.70,2.70
T100932,2026-02-20 19:28,,laundry detergent,household,1,14.20,14.20
T100932,2026-02-20 19:28,,tea,grocery,1,6.40,6.40
T100932,2026-02-20 19:28,,toilet paper,household,1,11.90,11.90
T100935,2026-02-20 19:33,C0835,tortilla chips,snack,1,4.20,4.20
T100935,2026-02-20 19:33,C0835,tomatoes,produce,1,3.90,3.90
T100935,2026-02-20 19:33,C0835,beer,beverage,1,13.50,13.50
T100935,2026-02-20 19:33,C0835,ice cream,frozen,1,6.50,6.50
T100935,2026-02-20 19:33,C0835,salsa,grocery,1,3.90,3.90
T100924,2026-02-20 19:42,C0272,whole wheat bread,bakery,1,3.40,3.40
T100924,2026-02-20 19:42,C0272,shampoo,care,1,7.40,7.40
T100924,2026-02-20 19:42,C0272,paper towels,household,1,8.30,8.30
T100924,2026-02-20 19:42,C0272,toilet paper,household,1,11.90,11.90
T100924,2026-02-20 19:42,C0272,TOMATO SAUCE,grocery,1,3.60,3.60
T100924,2026-02-20 19:42,C0272,granola,grocery,1,6.20,6.20
T100943,2026-02-20 19:49,C0180,tomatoes,produce,3,3.90,11.70
T100943,2026-02-20 19:49,C0180,pasta,grocery,3,2.30,6.90
T100943,2026-02-20 19:49,C0180,peanut butter,grocery,1,5.60,5.60
T100943,2026-02-20 19:49,C0180,tomato sauce,grocery,1,3.60,3.60
T100943,2026-02-20 19:49,C0180,parmesan,dairy,1,8.90,8.90
T100949,2026-02-20 19:50,,eggs,dairy,1,4.90,4.90
T100949,2026-02-20 19:50,,butter,dairy,2,5.20,10.40
T100949,2026-02-20 19:50,,white bread,bakery,1,2.90,2.90
T100949,2026-02-20 19:50,,chicken breast,meat,3,12.80,38.40
T100949,2026-02-20 19:50,,lemon,produce,1,0.90,0.90
T100949,2026-02-20 19:50,,paper towels,household,3,8.30,24.90
T100949,2026-02-20 19:50,,strawberry jam,grocery,1,4.10,4.10
T100947,2026-02-20 20:36,,beer,beverage,1,13.50,13.50
T100947,2026-02-20 20:36,,salsa,grocery,1,3.90,3.90
T100947,2026-02-20 20:36,,milk 2%,dairy,1,3.80,3.80
T100947,2026-02-20 20:36,,tortilla chips,snack,1,4.20,4.20
T100947,2026-02-20 20:36,,peanuts,snack,1,4.80,4.80
T100947,2026-02-20 20:36,,orange juice,beverage,1,4.40,4.40
T100954,2026-02-21 08:22,C0303,shampoo,care,1,7.40,7.40
T100954,2026-02-21 08:22,C0303,conditioner,care,1,7.40,7.40
T100962,2026-02-21 09:10,,tomato sauce,grocery,1,3.60,3.60
T100962,2026-02-21 09:10,,toothpaste,care,1,4.50,4.50
T100962,2026-02-21 09:10,,pasta,grocery,1,2.30,2.30
T100962,2026-02-21 09:10,,red wine,beverage,1,16.00,16.00
T100962,2026-02-21 09:10,,conditioner,care,2,7.40,14.80
T100962,2026-02-21 09:10,,olive oil,grocery,1,11.20,11.20
T100962,2026-02-21 09:10,,red wine,beverage,1,16.00,16.00
T100961,2026-02-21 09:37,,avocado,produce,1,2.20,2.20
T100953,2026-02-21 09:47,,coffee beans,grocery,1,12.50,12.50
T100953,2026-02-21 09:47,,butter,dairy,3,5.20,15.60
T100953,2026-02-21 09:47,,dish soap,household,1,4.70,4.70
T100953,2026-02-21 09:47,,white bread,bakery,1,2.90,2.90
T100984,2026-02-21 10:12,,bananas,produce,2,2.10,4.20
T100984,2026-02-21 10:12,,shampoo,care,1,7.40,7.40
T100984,2026-02-21 10:12,,tortilla chips,snack,1,4.20,4.20
T100984,2026-02-21 10:12,,yogurt,dairy,3,4.60,13.80
T100984,2026-02-21 10:12,,chocolate bar,snack,1,2.70,2.70
T100984,2026-02-21 10:12,,beer,beverage,1,13.50,13.50
T100984,2026-02-21 10:12,,peanuts,snack,1,4.80,4.80
T100984,2026-02-21 10:12,,ice cream,frozen,1,6.50,6.50
T100975,2026-02-21 11:02,C0457,butter,dairy,1,5.20,5.20
T100975,2026-02-21 11:02,C0457,frozen pizza,frozen,1,7.20,7.20
T100975,2026-02-21 11:02,C0457,sparkling water,beverage,1,3.10,3.10
T100975,2026-02-21 11:02,C0457,salmon,fish,3,15.90,47.70
T100975,2026-02-21 11:02,C0457,white bread,bakery,1,2.90,2.90
T100975,2026-02-21 11:02,C0457,coffee beans,grocery,1,12.50,12.50
T100975,2026-02-21 11:02,C0457,tortilla chips,snack,1,4.20,4.20
T100975,2026-02-21 11:02,C0457,eggs,dairy,3,4.90,14.70
T100963,2026-02-21 11:28,,pasta,grocery,1,2.30,2.30
T100963,2026-02-21 11:28,,bananas,produce,1,2.10,2.10
T100963,2026-02-21 11:28,,ground beef,meat,1,9.40,9.40
T100963,2026-02-21 11:28,,parmesan,dairy,1,8.90,8.90
T100963,2026-02-21 11:28,,shampoo,care,1,7.40,7.40
T100963,2026-02-21 11:28,,tomato sauce,grocery,1,3.60,3.60
T100963,2026-02-21 11:28,,sugar,grocery,1,3.20,3.20
T100963,2026-02-21 11:28,,coffee beans,grocery,1,12.50,12.50
T100963,2026-02-21 11:28,,peanut butter,grocery,1,5.60,5.60
T100982,2026-02-21 12:02,C0098,whole wheat bread,bakery,3,3.40,10.20
T100982,2026-02-21 12:02,C0098,diapers,baby,2,24.90,49.80
T100982,2026-02-21 12:02,C0098,coffee beans,grocery,1,12.50,12.50
T100982,2026-02-21 12:02,C0098,parmesan,dairy,1,8.90,8.90
T100982,2026-02-21 12:02,C0098,conditioner,care,1,7.40,7.40
T100982,2026-02-21 12:02,C0098,frozen pizza,frozen,1,7.20,7.20
T100969,2026-02-21 12:06,C0353,red wine,beverage,1,16.00,16.00
T100969,2026-02-21 12:06,C0353,butter,dairy,1,5.20,5.20
T100969,2026-02-21 12:06,C0353,eggs,dairy,1,4.90,4.90
T100969,2026-02-21 12:06,C0353,coffee beans,grocery,1,12.50,12.50
T100969,2026-02-21 12:06,C0353,avocado,produce,2,2.20,4.40
T100976,2026-02-21 12:12,C0596,dish soap,household,1,4.70,4.70
T100976,2026-02-21 12:12,C0596,berries,produce,3,5.80,17.40
T100976,2026-02-21 12:12,C0596,toilet paper,household,2,11.90,23.80
T100976,2026-02-21 12:12,C0596,ice cream,frozen,1,6.50,6.50
T100972,2026-02-21 12:58,,pasta,grocery,1,2.30,2.30
T100972,2026-02-21 12:58,,lemon,produce,1,0.90,0.90
T100972,2026-02-21 12:58,,parmesan,dairy,1,8.90,8.90
T100974,2026-02-21 13:36,,granola,grocery,1,6.20,6.20
T100974,2026-02-21 13:36,,apples,produce,1,4.30,4.30
T100974,2026-02-21 13:36,,croissant,bakery,1,1.80,1.80
T100974,2026-02-21 13:36,,tomato sauce,grocery,2,3.60,7.20
T100974,2026-02-21 13:36,,coffee beans,grocery,1,12.50,12.50
T100974,2026-02-21 13:36,,milk 2%,dairy,1,3.80,3.80
T100966,2026-02-21 13:43,C0073,dish soap,household,3,4.70,14.10
T100966,2026-02-21 13:43,C0073,salsa,grocery,1,3.90,3.90
T100966,2026-02-21 13:43,C0073,trash bags,household,1,9.10,9.10
T100966,2026-02-21 13:43,C0073,toilet paper,household,1,11.90,11.90
T100960,2026-02-21 13:51,C0134,avocado,produce,1,2.20,2.20
T100960,2026-02-21 13:51,C0134,lettuce,produce,2,2.60,5.20
T100960,2026-02-21 13:51,C0134,yogurt,dairy,2,4.60,9.20
T100960,2026-02-21 13:51,C0134,sugar,grocery,1,3.20,3.20
T100960,2026-02-21 13:51,C0134,laundry detergent,household,3,14.20,42.60
T100960,2026-02-21 13:51,C0134,chocolate bar,snack,3,2.70,8.10
T100960,2026-02-21 13:51,C0134,granola,grocery,1,6.20,6.20
T100960,2026-02-21 13:51,C0134,cucumber,produce,1,1.70,1.70
T100956,2026-02-21 16:02,,salmon,fish,1,15.90,15.90
T100956,2026-02-21 16:02,,cucumber,produce,1,1.70,1.70
T100956,2026-02-21 16:02,,coffee beans,grocery,1,12.50,12.50
T100956,2026-02-21 16:02,,apples,produce,1,4.30,4.30
T100956,2026-02-21 16:02,,ground beef,meat,1,9.40,9.40
T100978,2026-02-21 16:15,C0819,diapers,baby,1,24.90,24.90
T100978,2026-02-21 16:15,C0819,toothpaste,care,1,4.50,4.50
T100978,2026-02-21 16:15,C0819,paper towels,household,1,8.30,8.30
T100978,2026-02-21 16:15,C0819,baby wipes,baby,1,6.70,6.70
T100973,2026-02-21 16:25,,ice cream,frozen,1,6.50,6.50
T100973,2026-02-21 16:25,,trash bags,household,1,9.10,9.10
T100973,2026-02-21 16:25,,dish soap,household,1,4.70,4.70
T100973,2026-02-21 16:25,,olive oil,grocery,1,11.20,11.20
T100973,2026-02-21 16:25,,toilet paper,household,2,11.90,23.80
T100968,2026-02-21 16:56,C0207,pasta,grocery,2,2.30,4.60
T100968,2026-02-21 16:56,C0207,tomato sauce,grocery,1,3.60,3.60
T100968,2026-02-21 16:56,C0207,toilet paper,household,1,11.90,11.90
T100968,2026-02-21 16:56,C0207,ground beef,meat,1,9.40,9.40
T100979,2026-02-21 16:59,C0398,shampoo,care,1,7.40,7.40
T100979,2026-02-21 16:59,C0398,conditioner,care,1,7.40,7.40
T100979,2026-02-21 16:59,C0398,peanuts,snack,1,4.80,4.80
T100981,2026-02-21 17:00,,granola,grocery,2,6.20,12.40
T100981,2026-02-21 17:00,,berries,produce,1,5.80,5.80
T100981,2026-02-21 17:00,,ground beef,meat,1,9.40,9.40
T100981,2026-02-21 17:00,,yogurt,dairy,1,4.60,4.60
T100981,2026-02-21 17:00,,parmesan,dairy,2,8.90,17.80
T100971,2026-02-21 17:28,C0814,butter,dairy,1,5.20,5.20
T100971,2026-02-21 17:28,C0814,white bread,bakery,1,2.90,2.90
T100971,2026-02-21 17:28,C0814,strawberry jam,grocery,3,4.10,12.30
T100971,2026-02-21 17:28,C0814,milk 2%,dairy,1,3.80,3.80
T100971,2026-02-21 17:28,C0814,chocolate bar,snack,1,2.70,2.70
T100959,2026-02-21 17:39,,salsa,grocery,1,3.90,3.90
T100959,2026-02-21 17:39,,  coffee beans ,grocery,1,12.50,12.50
T100959,2026-02-21 17:39,,butter,dairy,1,5.20,5.20
T100959,2026-02-21 17:39,,eggs,dairy,1,4.90,4.90
T100977,2026-02-21 18:05,,toilet paper,household,1,11.90,11.90
T100977,2026-02-21 18:05,,ground beef,meat,2,9.40,18.80
T100977,2026-02-21 18:05,,paper towels,household,1,8.30,8.30
T100952,2026-02-21 18:21,,peanuts,snack,1,4.80,4.80
T100952,2026-02-21 18:21,,beer,beverage,2,13.50,27.00
T100952,2026-02-21 18:21,,chocolate bar,snack,1,2.70,2.70
T100952,2026-02-21 18:21,,ice cream,frozen,1,6.50,6.50
T100952,2026-02-21 18:21,,laundry detergent,household,1,14.20,14.20
T100952,2026-02-21 18:21,,baby wipes,baby,1,6.70,6.70
T100952,2026-02-21 18:21,,tortilla chips,snack,3,4.20,12.60
T100964,2026-02-21 18:21,C0184,laundry detergent,household,1,14.20,14.20
T100964,2026-02-21 18:21,C0184,dish soap,household,1,4.70,4.70
T100964,2026-02-21 18:21,C0184,toilet paper,household,2,11.90,23.80
T100964,2026-02-21 18:21,C0184,trash bags,household,2,9.10,18.20
T100980,2026-02-21 18:30,C0295,laundry detergent,household,1,14.20,14.20
T100980,2026-02-21 18:30,C0295,toilet paper,household,1,11.90,11.90
T100980,2026-02-21 18:30,C0295,butter,dairy,1,5.20,5.20
T100980,2026-02-21 18:30,C0295,dish soap,household,1,4.70,4.70
T100958,2026-02-21 18:54,C0141,lemon,produce,1,0.90,0.90
T100970,2026-02-21 19:13,C0281,tomato sauce,grocery,2,3.60,7.20
T100970,2026-02-21 19:13,C0281,toothpaste,care,1,4.50,4.50
T100970,2026-02-21 19:13,C0281,parmesan,dairy,1,8.90,8.90
T100970,2026-02-21 19:13,C0281,diapers,baby,1,24.90,24.90
T100970,2026-02-21 19:13,C0281,pasta,grocery,1,2.30,2.30
T100967,2026-02-21 19:21,,toothpaste,care,2,4.50,9.00
T100967,2026-02-21 19:21,,shampoo,care,1,7.40,7.40
T100955,2026-02-21 19:24,,milk 2%,dairy,3,3.80,11.40
T100955,2026-02-21 19:24,,sugar,grocery,1,3.20,3.20
T100955,2026-02-21 19:24,,croissant,bakery,1,1.80,1.80
T100955,2026-02-21 19:24,,coffee beans,grocery,1,12.50,12.50
T100955,2026-02-21 19:24,,bacon,meat,1,7.80,7.80
T100965,2026-02-21 20:07,C0834,tomato sauce,grocery,1,3.60,3.60
T100965,2026-02-21 20:07,C0834,parmesan,dairy,1,8.90,8.90
T100965,2026-02-21 20:07,C0834,ground beef,meat,1,9.40,9.40
T100965,2026-02-21 20:07,C0834,orange juice,beverage,1,4.40,4.40
T100965,2026-02-21 20:07,C0834,olive oil,grocery,1,11.20,11.20
T100965,2026-02-21 20:07,C0834,pasta,grocery,1,2.30,2.30
T100965,2026-02-21 20:07,C0834,tortilla chips,snack,1,4.20,4.20
T100957,2026-02-21 20:17,C0412,milk 2%,dairy,2,3.80,7.60
T100983,2026-02-21 20:30,C0217,apples,produce,1,4.30,4.30
T100983,2026-02-21 20:30,C0217,baby wipes,baby,1,6.70,6.70
T100983,2026-02-21 20:30,C0217,whole wheat bread,bakery,1,3.40,3.40
T100983,2026-02-21 20:30,C0217,parmesan,dairy,1,8.90,8.90
T100983,2026-02-21 20:30,C0217,diapers,baby,1,24.90,24.90
T101002,2026-02-22 08:20,C0214,frozen pizza,frozen,1,7.20,7.20
T101002,2026-02-22 08:20,C0214,croissant,bakery,1,1.80,1.80
T101002,2026-02-22 08:20,C0214,coffee beans,grocery,1,12.50,12.50
T100985,2026-02-22 09:01,C0249,butter,dairy,1,5.20,5.20
T100985,2026-02-22 09:01,C0249,toilet paper,household,2,11.90,23.80
T100985,2026-02-22 09:01,C0249,conditioner,care,1,7.40,7.40
T100990,2026-02-22 09:28,C0664,pasta,grocery,1,2.30,2.30
T100990,2026-02-22 09:28,C0664,tomato sauce,grocery,3,3.60,10.80
T100990,2026-02-22 09:28,C0664,lemon,produce,1,0.90,0.90
T100990,2026-02-22 09:28,C0664,baby formula,baby,2,28.50,57.00
T100995,2026-02-22 10:00,,white bread,bakery,1,2.90,2.90
T100995,2026-02-22 10:00,,paper towels,household,1,8.30,8.30
T100995,2026-02-22 10:00,,butter,dairy,1,5.20,5.20
T100995,2026-02-22 10:00,,tomato sauce,grocery,1,3.60,3.60
T100995,2026-02-22 10:00,,yogurt,dairy,1,4.60,4.60
T101005,2026-02-22 10:01,C0588,apples,produce,1,4.30,4.30
T101005,2026-02-22 10:01,C0588,salmon,fish,1,15.90,15.90
T101005,2026-02-22 10:01,C0588,dish soap,household,1,4.70,4.70
T101005,2026-02-22 10:01,C0588,olive oil,grocery,1,11.20,11.20
T101005,2026-02-22 10:01,C0588,lemon,produce,1,0.90,0.90
T101012,2026-02-22 10:34,C0154,  orange juice ,beverage,1,4.40,4.40
T101012,2026-02-22 10:34,C0154,pasta,grocery,1,2.30,2.30
T101012,2026-02-22 10:34,C0154,orange juice,beverage,1,4.40,4.40
T101008,2026-02-22 11:33,C0425,coffee beans,grocery,1,12.50,12.50
T101008,2026-02-22 11:33,C0425,milk 2%,dairy,1,3.80,3.80
T101008,2026-02-22 11:33,C0425,peanuts,snack,1,4.80,4.80
T101008,2026-02-22 11:33,C0425,white bread,bakery,1,2.90,2.90
T101008,2026-02-22 11:33,C0425,dish soap,household,1,4.70,4.70
T101008,2026-02-22 11:33,C0425,strawberry jam,grocery,1,4.10,4.10
T101008,2026-02-22 11:33,C0425,ice cream,frozen,3,6.50,19.50
T101008,2026-02-22 11:33,C0425,butter,dairy,1,5.20,5.20
T101008,2026-02-22 11:33,C0425,shampoo,care,1,7.40,7.40
T101009,2026-02-22 12:05,,olive oil,grocery,3,11.20,33.60
T101009,2026-02-22 12:05,,parmesan,dairy,1,8.90,8.90
T101009,2026-02-22 12:05,,pasta,grocery,1,2.30,2.30
T101009,2026-02-22 12:05,,bacon,meat,1,7.80,7.80
T100997,2026-02-22 12:20,C0173,eggs,dairy,2,4.90,9.80
T100997,2026-02-22 12:20,C0173,strawberry jam,grocery,2,4.10,8.20
T100997,2026-02-22 12:20,C0173,tortilla chips,snack,3,4.20,12.60
T100997,2026-02-22 12:20,C0173,white bread,bakery,3,2.90,8.70
T100997,2026-02-22 12:20,C0173,butter,dairy,1,5.20,5.20
T100996,2026-02-22 12:44,C0560,salmon,fish,1,15.90,15.90
T100996,2026-02-22 12:44,C0560,lemon,produce,3,0.90,2.70
T100996,2026-02-22 12:44,C0560,red wine,beverage,1,16.00,16.00
T100996,2026-02-22 12:44,C0560,peanut butter,grocery,3,5.60,16.80
T100987,2026-02-22 13:35,,laundry detergent,household,1,14.20,14.20
T100987,2026-02-22 13:35,,apples,produce,1,4.30,4.30
T100987,2026-02-22 13:35,,trash bags,household,2,9.10,18.20
T100987,2026-02-22 13:35,,toilet paper,household,1,11.90,11.90
T100987,2026-02-22 13:35,,dish soap,household,2,4.70,9.40
T100998,2026-02-22 16:36,,yogurt,dairy,1,4.60,4.60
T100998,2026-02-22 16:36,,berries,produce,1,5.80,5.80
T100998,2026-02-22 16:36,,beer,beverage,1,13.50,13.50
T100998,2026-02-22 16:36,,coffee beans,grocery,1,12.50,12.50
T100999,2026-02-22 17:09,C0784,white bread,bakery,1,2.90,2.90
T100999,2026-02-22 17:09,C0784,butter,dairy,1,5.20,5.20
T100999,2026-02-22 17:09,C0784,coffee beans,grocery,1,12.50,12.50
T101004,2026-02-22 17:28,C0841,bananas,produce,1,2.10,2.10
T101004,2026-02-22 17:28,C0841,lettuce,produce,1,2.60,2.60
T101004,2026-02-22 17:28,C0841,granola,grocery,1,6.20,6.20
T101004,2026-02-22 17:28,C0841,berries,produce,3,5.80,17.40
T101004,2026-02-22 17:28,C0841,yogurt,dairy,1,4.60,4.60
T101006,2026-02-22 17:29,,shampoo,care,1,7.40,7.40
T101006,2026-02-22 17:29,,conditioner,care,1,7.40,7.40
T101006,2026-02-22 17:29,,toilet paper,household,3,11.90,35.70
T101006,2026-02-22 17:29,,eggs,dairy,1,4.90,4.90
T101000,2026-02-22 17:42,C0665,granola,grocery,1,6.20,6.20
T101000,2026-02-22 17:42,C0665,coffee beans,grocery,1,12.50,12.50
T101000,2026-02-22 17:42,C0665,white bread,bakery,3,2.90,8.70
T101000,2026-02-22 17:42,C0665,strawberry jam,grocery,3,4.10,12.30
T101000,2026-02-22 17:42,C0665,butter,dairy,1,5.20,5.20
T101003,2026-02-22 17:44,,coffee beans,grocery,1,12.50,12.50
T101003,2026-02-22 17:44,,avocado,produce,1,2.20,2.20
T101003,2026-02-22 17:44,,croissant,bakery,2,1.80,3.60
T101003,2026-02-22 17:44,,beer,beverage,1,13.50,13.50
T101003,2026-02-22 17:44,,sugar,grocery,2,3.20,6.40
T101003,2026-02-22 17:44,,milk 2%,dairy,1,3.80,3.80
T100989,2026-02-22 17:52,C0144,chicken breast,meat,1,12.80,12.80
T100989,2026-02-22 17:52,C0144,ground beef,meat,3,9.40,28.20
T100989,2026-02-22 17:52,C0144,toilet paper,household,1,11.90,11.90
T100989,2026-02-22 17:52,C0144,white bread,bakery,1,2.90,2.90
T100989,2026-02-22 17:52,C0144,bacon,meat,1,7.80,7.80
T100989,2026-02-22 17:52,C0144,strawberry jam,grocery,1,4.10,4.10
T100988,2026-02-22 18:18,C0759,strawberry jam,grocery,1,4.10,4.10
T100988,2026-02-22 18:18,C0759,croissant,bakery,2,1.80,3.60
T100988,2026-02-22 18:18,C0759,milk 2%,dairy,3,3.80,11.40
T100988,2026-02-22 18:18,C0759,white bread,bakery,1,2.90,2.90
T100988,2026-02-22 18:18,C0759,butter,dairy,2,5.20,10.40
T100988,2026-02-22 18:18,C0759,yogurt,dairy,1,4.60,4.60
T100993,2026-02-22 18:18,C0434,croissant,bakery,1,1.80,1.80
T100993,2026-02-22 18:18,C0434,toilet paper,household,1,11.90,11.90
T100993,2026-02-22 18:18,C0434,trash bags,household,1,9.10,9.10
T100993,2026-02-22 18:18,C0434,dish soap,household,1,4.70,4.70
T101010,2026-02-22 19:10,C0017,baby wipes,baby,1,6.70,6.70
T101010,2026-02-22 19:10,C0017,toilet paper,household,3,11.90,35.70
T101010,2026-02-22 19:10,C0017,laundry detergent,household,1,14.20,14.20
T101010,2026-02-22 19:10,C0017,paper towels,household,1,8.30,8.30
T101010,2026-02-22 19:10,C0017,chocolate bar,snack,1,2.70,2.70
T101010,2026-02-22 19:10,C0017,baby formula,baby,1,28.50,28.50
T101007,2026-02-22 19:19,C0560,diapers,baby,2,24.90,49.80
T101007,2026-02-22 19:19,C0560,peanuts,snack,1,4.80,4.80
T101007,2026-02-22 19:19,C0560,salmon,fish,2,15.90,31.80
T101007,2026-02-22 19:19,C0560,red wine,beverage,1,16.00,16.00
T101007,2026-02-22 19:19,C0560,avocado,produce,1,2.20,2.20
T101007,2026-02-22 19:19,C0560,olive oil,grocery,1,11.20,11.20
T101007,2026-02-22 19:19,C0560,croissant,bakery,3,1.80,5.40
T100994,2026-02-22 19:29,C0801,dish soap,household,1,4.70,4.70
T100994,2026-02-22 19:29,C0801,croissant,bakery,1,1.80,1.80
T100994,2026-02-22 19:29,C0801,strawberry jam,grocery,3,4.10,12.30
T100994,2026-02-22 19:29,C0801,granola,grocery,1,6.20,6.20
T100994,2026-02-22 19:29,C0801,toilet paper,household,2,11.90,23.80
T100994,2026-02-22 19:29,C0801,sparkling water,beverage,1,3.10,3.10
T101001,2026-02-22 19:30,C0212,trash bags,household,2,9.10,18.20
T101001,2026-02-22 19:30,C0212,paper towels,household,3,8.30,24.90
T101001,2026-02-22 19:30,C0212,toilet paper,household,1,11.90,11.90
T101001,2026-02-22 19:30,C0212,shampoo,care,1,7.40,7.40
T101001,2026-02-22 19:30,C0212,bacon,meat,1,7.80,7.80
T100986,2026-02-22 19:56,C0518,salmon,fish,1,15.90,15.90
T100986,2026-02-22 19:56,C0518,tea,grocery,1,6.40,6.40
T101011,2026-02-22 20:05,C0887,granola,grocery,1,6.20,6.20
T101011,2026-02-22 20:05,C0887,berries,produce,1,5.80,5.80
T101011,2026-02-22 20:05,C0887,yogurt,dairy,1,4.60,4.60
T101011,2026-02-22 20:05,C0887,bananas,produce,1,2.10,2.10
T101011,2026-02-22 20:05,C0887,shampoo,care,1,7.40,7.40
T100991,2026-02-22 20:25,,parmesan,dairy,1,8.90,8.90
T100991,2026-02-22 20:25,,tomato sauce,grocery,3,3.60,10.80
T100991,2026-02-22 20:25,,croissant,bakery,1,1.80,1.80
T100991,2026-02-22 20:25,,pasta,grocery,1,2.30,2.30
T100992,2026-02-22 20:56,C0753,coffee beans,grocery,3,12.50,37.50
T100992,2026-02-22 20:56,C0753,granola,grocery,1,6.20,6.20
T100992,2026-02-22 20:56,C0753,toilet paper,household,1,11.90,11.90
T100992,2026-02-22 20:56,C0753,ice cream,frozen,1,6.50,6.50
T100992,2026-02-22 20:56,C0753,laundry detergent,household,3,14.20,42.60
T101027,2026-02-23 10:41,,butter,dairy,1,5.20,5.20
T101027,2026-02-23 10:41,,strawberry jam,grocery,1,4.10,4.10
T101027,2026-02-23 10:41,,white bread,bakery,1,2.90,2.90
T101027,2026-02-23 10:41,,parmesan,dairy,1,8.90,8.90
T101027,2026-02-23 10:41,,coffee beans,grocery,2,12.50,25.00
T101027,2026-02-23 10:41,,eggs,dairy,1,4.90,4.90
T101013,2026-02-23 11:30,C0860,olive oil,grocery,1,11.20,11.20
T101013,2026-02-23 11:30,C0860,pasta,grocery,1,2.30,2.30
T101013,2026-02-23 11:30,C0860,berries,produce,1,5.80,5.80
T101013,2026-02-23 11:30,C0860,tomato sauce,grocery,1,3.60,3.60
T101017,2026-02-23 11:32,,granola,grocery,1,6.20,6.20
T101017,2026-02-23 11:32,,whole wheat bread,bakery,1,3.40,3.40
T101017,2026-02-23 11:32,,lettuce,produce,1,2.60,2.60
T101017,2026-02-23 11:32,,trash bags,household,1,9.10,9.10
T101017,2026-02-23 11:32,,butter,dairy,1,5.20,5.20
T101017,2026-02-23 11:32,,sugar,grocery,1,3.20,3.20
T101017,2026-02-23 11:32,,berries,produce,1,5.80,5.80
T101025,2026-02-23 12:21,,milk 2%,dairy,1,3.80,3.80
T101025,2026-02-23 12:21,,strawberry jam,grocery,1,4.10,4.10
T101025,2026-02-23 12:21,,white bread,bakery,2,2.90,5.80
T101025,2026-02-23 12:21,,coffee beans,grocery,1,12.50,12.50
T101025,2026-02-23 12:21,,butter,dairy,1,5.20,5.20
T101014,2026-02-23 12:41,C0065,berries,produce,1,5.80,5.80
T101014,2026-02-23 12:41,C0065,toothpaste,care,1,4.50,4.50
T101014,2026-02-23 12:41,C0065,tortilla chips,snack,1,4.20,4.20
T101014,2026-02-23 12:41,C0065,strawberry jam,grocery,3,4.10,12.30
T101014,2026-02-23 12:41,C0065,conditioner,care,1,7.40,7.40
T101014,2026-02-23 12:41,C0065,bacon,meat,1,7.80,7.80
T101018,2026-02-23 12:55,,butter,dairy,1,5.20,5.20
T101018,2026-02-23 12:55,,ground beef,meat,1,9.40,9.40
T101018,2026-02-23 12:55,,pasta,grocery,2,2.30,4.60
T101018,2026-02-23 12:55,,parmesan,dairy,1,8.90,8.90
T101018,2026-02-23 12:55,,tomato sauce,grocery,1,3.60,3.60
T101028,2026-02-23 13:06,C0575,tomato sauce,grocery,1,3.60,3.60
T101028,2026-02-23 13:06,C0575,trash bags,household,1,9.10,9.10
T101028,2026-02-23 13:06,C0575,parmesan,dairy,1,8.90,8.90
T101028,2026-02-23 13:06,C0575,pasta,grocery,1,2.30,2.30
T101028,2026-02-23 13:06,C0575,orange juice,beverage,1,4.40,4.40
T101028,2026-02-23 13:06,C0575,red wine,beverage,1,16.00,16.00
T101028,2026-02-23 13:06,C0575,eggs,dairy,1,4.90,4.90
T101028,2026-02-23 13:06,C0575,avocado,produce,1,2.20,2.20
T101020,2026-02-23 16:24,C0733,olive oil,grocery,1,11.20,11.20
T101020,2026-02-23 16:24,C0733,baby wipes,baby,1,6.70,6.70
T101020,2026-02-23 16:24,C0733,shampoo,care,1,7.40,7.40
T101020,2026-02-23 16:24,C0733,diapers,baby,1,24.90,24.90
T101020,2026-02-23 16:24,C0733,baby formula,baby,1,28.50,28.50
T101020,2026-02-23 16:24,C0733,berries,produce,1,5.80,5.80
T101020,2026-02-23 16:24,C0733,trash bags,household,1,9.10,9.10
T101020,2026-02-23 16:24,C0733,lettuce,produce,1,2.60,2.60
T101019,2026-02-23 16:31,C0628,coffee beans,grocery,1,12.50,12.50
T101019,2026-02-23 16:31,C0628,salmon,fish,1,15.90,15.90
T101019,2026-02-23 16:31,C0628,milk 2%,dairy,2,3.80,7.60
T101019,2026-02-23 16:31,C0628,berries,produce,1,5.80,5.80
T101019,2026-02-23 16:31,C0628,butter,dairy,1,5.20,5.20
T101019,2026-02-23 16:31,C0628,croissant,bakery,3,1.80,5.40
T101019,2026-02-23 16:31,C0628,sugar,grocery,1,3.20,3.20
T101026,2026-02-23 17:59,C0444,baby wipes,baby,1,6.70,6.70
T101026,2026-02-23 17:59,C0444,tortilla chips,snack,1,4.20,4.20
T101026,2026-02-23 17:59,C0444,shampoo,care,3,7.40,22.20
T101026,2026-02-23 17:59,C0444,orange juice,beverage,2,4.40,8.80
T101024,2026-02-23 18:01,C0020,red wine,beverage,3,16.00,48.00
T101024,2026-02-23 18:01,C0020,salmon,fish,1,15.90,15.90
T101024,2026-02-23 18:01,C0020,tomato sauce,grocery,1,3.60,3.60
T101024,2026-02-23 18:01,C0020,parmesan,dairy,1,8.90,8.90
T101024,2026-02-23 18:01,C0020,pasta,grocery,1,2.30,2.30
T101021,2026-02-23 18:31,,parmesan,dairy,1,8.90,8.90
T101021,2026-02-23 18:31,,shampoo,care,3,7.40,22.20
T101021,2026-02-23 18:31,,chicken breast,meat,1,12.80,12.80
T101021,2026-02-23 18:31,,pasta,grocery,1,2.30,2.30
T101021,2026-02-23 18:31,,ground beef,meat,1,9.40,9.40
T101021,2026-02-23 18:31,,strawberry jam,grocery,1,4.10,4.10
T101021,2026-02-23 18:31,,berries,produce,1,5.80,5.80
T101021,2026-02-23 18:31,,red wine,beverage,1,16.00,16.00
T101021,2026-02-23 18:31,,salsa,grocery,1,3.90,3.90
T101015,2026-02-23 18:43,,frozen pizza,frozen,1,7.20,7.20
T101015,2026-02-23 18:43,,chocolate bar,snack,1,2.70,2.70
T101015,2026-02-23 18:43,,tortilla chips,snack,1,4.20,4.20
T101015,2026-02-23 18:43,,yogurt,dairy,1,4.60,4.60
T101015,2026-02-23 18:43,,granola,grocery,1,6.20,6.20
T101015,2026-02-23 18:43,,bacon,meat,1,7.80,7.80
T101015,2026-02-23 18:43,,peanuts,snack,1,4.80,4.80
T101015,2026-02-23 18:43,,beer,beverage,1,13.50,13.50
T101016,2026-02-23 19:34,C0192,pasta,grocery,1,2.30,2.30
T101016,2026-02-23 19:34,C0192,ground beef,meat,1,9.40,9.40
T101016,2026-02-23 19:34,C0192,tomato sauce,grocery,1,3.60,3.60
T101016,2026-02-23 19:34,C0192,parmesan,dairy,1,8.90,8.90
T101016,2026-02-23 19:34,C0192,red wine,beverage,1,16.00,16.00
T101016,2026-02-23 19:34,C0192,beer,beverage,1,13.50,13.50
T101016,2026-02-23 19:34,C0192,beer,beverage,1,13.50,13.50
T101022,2026-02-23 19:37,C0724,trash bags,household,3,9.10,27.30
T101022,2026-02-23 19:37,C0724,toilet paper,household,1,11.90,11.90
T101023,2026-02-23 20:16,C0402,strawberry jam,grocery,1,4.10,4.10
T101023,2026-02-23 20:16,C0402,conditioner,care,1,7.40,7.40
T101023,2026-02-23 20:16,C0402,butter,dairy,1,5.20,5.20
T101023,2026-02-23 20:16,C0402,avocado,produce,2,2.20,4.40
T101023,2026-02-23 20:16,C0402,white bread,bakery,1,2.90,2.90
T101036,2026-02-24 09:09,,baby formula,baby,1,28.50,28.50
T101036,2026-02-24 09:09,,white bread,bakery,1,2.90,2.90
T101036,2026-02-24 09:09,,bananas,produce,1,2.10,2.10
T101036,2026-02-24 09:09,,butter,dairy,1,5.20,5.20
T101036,2026-02-24 09:09,,dish soap,household,1,4.70,4.70
T101036,2026-02-24 09:09,,apples,produce,2,4.30,8.60
T101036,2026-02-24 09:09,,coffee beans,grocery,1,12.50,12.50
T101036,2026-02-24 09:09,,laundry detergent,household,1,14.20,14.20
T101034,2026-02-24 09:48,,salsa,grocery,1,3.90,3.90
T101034,2026-02-24 09:48,,toothpaste,care,1,4.50,4.50
T101034,2026-02-24 09:48,,yogurt,dairy,1,4.60,4.60
T101034,2026-02-24 09:48,,olive oil,grocery,1,11.20,11.20
T101034,2026-02-24 09:48,,olive oil,grocery,1,11.20,11.20
T101030,2026-02-24 10:00,C0617,salmon,fish,1,15.90,15.90
T101030,2026-02-24 10:00,C0617,shampoo,care,1,7.40,7.40
T101030,2026-02-24 10:00,C0617,conditioner,care,1,7.40,7.40
T101044,2026-02-24 10:15,,baby formula,baby,1,28.50,28.50
T101044,2026-02-24 10:15,,toilet paper,household,2,11.90,23.80
T101044,2026-02-24 10:15,,dish soap,household,1,4.70,4.70
T101044,2026-02-24 10:15,,trash bags,household,3,9.10,27.30
T101044,2026-02-24 10:15,,bananas,produce,1,2.10,2.10
T101045,2026-02-24 10:15,,toilet paper,household,1,11.90,11.90
T101045,2026-02-24 10:15,,berries,produce,1,5.80,5.80
T101045,2026-02-24 10:15,,butter,dairy,3,5.20,15.60
T101045,2026-02-24 10:15,,sugar,grocery,1,3.20,3.20
T101045,2026-02-24 10:15,,avocado,produce,2,2.20,4.40
T101045,2026-02-24 10:15,,croissant,bakery,1,1.80,1.80
T101045,2026-02-24 10:15,,coffee beans,grocery,1,12.50,12.50
T101042,2026-02-24 12:33,,red wine,beverage,1,16.00,16.00
T101042,2026-02-24 12:33,,pasta,grocery,1,2.30,2.30
T101042,2026-02-24 12:33,,tomato sauce,grocery,1,3.60,3.60
T101042,2026-02-24 12:33,,olive oil,grocery,1,11.20,11.20
T101042,2026-02-24 12:33,,white bread,bakery,1,2.90,2.90
T101039,2026-02-24 12:35,C0082,toilet paper,household,1,11.90,11.90
T101039,2026-02-24 12:35,C0082,salmon,fish,1,15.90,15.90
T101039,2026-02-24 12:35,C0082,peanut butter,grocery,1,5.60,5.60
T101039,2026-02-24 12:35,C0082,pasta,grocery,1,2.30,2.30
T101039,2026-02-24 12:35,C0082,olive oil,grocery,3,11.20,33.60
T101035,2026-02-24 12:49,,cucumber,produce,1,1.70,1.70
T101035,2026-02-24 12:49,,red wine,beverage,1,16.00,16.00
T101035,2026-02-24 12:49,,tomato sauce,grocery,1,3.60,3.60
T101035,2026-02-24 12:49,,diapers,baby,1,24.90,24.90
T101035,2026-02-24 12:49,,tomatoes,produce,1,3.90,3.90
T101035,2026-02-24 12:49,,pasta,grocery,2,2.30,4.60
T101035,2026-02-24 12:49,,parmesan,dairy,1,8.90,8.90
T101041,2026-02-24 12:49,C0054,tomato sauce,grocery,1,3.60,3.60
T101041,2026-02-24 12:49,C0054,coffee beans,grocery,1,12.50,12.50
T101041,2026-02-24 12:49,C0054,salsa,grocery,1,3.90,3.90
T101041,2026-02-24 12:49,C0054,strawberry jam,grocery,1,4.10,4.10
T101041,2026-02-24 12:49,C0054,white bread,bakery,1,2.90,2.90
T101041,2026-02-24 12:49,C0054,milk 2%,dairy,1,3.80,3.80
T101041,2026-02-24 12:49,C0054,butter,dairy,3,5.20,15.60
T101041,2026-02-24 12:49,C0054,frozen pizza,frozen,1,7.20,7.20
T101041,2026-02-24 12:49,C0054,tea,grocery,2,6.40,12.80
T101041,2026-02-24 12:49,C0054,tea,grocery,2,6.40,12.80
T101033,2026-02-24 16:05,C0561,berries,produce,1,5.80,5.80
T101033,2026-02-24 16:05,C0561,GRANOLA,grocery,1,6.20,6.20
T101033,2026-02-24 16:05,C0561,beer,beverage,1,13.50,13.50
T101033,2026-02-24 16:05,C0561,shampoo,care,1,7.40,7.40
T101033,2026-02-24 16:05,C0561,toothpaste,care,1,4.50,4.50
T101033,2026-02-24 16:05,C0561,dish soap,household,1,4.70,4.70
T101033,2026-02-24 16:05,C0561,conditioner,care,2,7.40,14.80
T101043,2026-02-24 16:29,C0889,tortilla chips,snack,2,4.20,8.40
T101043,2026-02-24 16:29,C0889,pasta,grocery,1,2.30,2.30
T101038,2026-02-24 17:22,C0200,strawberry jam,grocery,1,4.10,4.10
T101038,2026-02-24 17:22,C0200,dish soap,household,1,4.70,4.70
T101038,2026-02-24 17:22,C0200,milk 2%,dairy,1,3.80,3.80
T101038,2026-02-24 17:22,C0200,white bread,bakery,3,2.90,8.70
T101038,2026-02-24 17:22,C0200,tomato sauce,grocery,1,3.60,3.60
T101038,2026-02-24 17:22,C0200,milk 2%,dairy,1,3.80,3.80
T101032,2026-02-24 17:50,C0794,diapers,baby,1,24.90,24.90
T101032,2026-02-24 17:50,C0794,shampoo,care,1,7.40,7.40
T101032,2026-02-24 17:50,C0794,toothpaste,care,1,4.50,4.50
T101037,2026-02-24 18:42,C0256,tomato sauce,grocery,1,3.60,3.60
T101037,2026-02-24 18:42,C0256,bananas,produce,1,2.10,2.10
T101037,2026-02-24 18:42,C0256,paper towels,household,1,8.30,8.30
T101037,2026-02-24 18:42,C0256,whole wheat bread,bakery,1,3.40,3.40
T101031,2026-02-24 19:07,C0834,bacon,meat,1,7.80,7.80
T101031,2026-02-24 19:07,C0834,yogurt,dairy,2,4.60,9.20
T101031,2026-02-24 19:07,C0834,strawberry jam,grocery,1,4.10,4.10
T101031,2026-02-24 19:07,C0834,white bread,bakery,1,2.90,2.90
T101031,2026-02-24 19:07,C0834,eggs,dairy,1,4.90,4.90
T101040,2026-02-24 19:12,,eggs,dairy,1,4.90,4.90
T101040,2026-02-24 19:12,,chocolate bar,snack,1,2.70,2.70
T101040,2026-02-24 19:12,,beer,beverage,3,13.50,40.50
T101040,2026-02-24 19:12,,tomatoes,produce,1,3.90,3.90
T101040,2026-02-24 19:12,,olive oil,grocery,1,11.20,11.20
T101029,2026-02-24 19:17,,berries,produce,1,5.80,5.80
T101029,2026-02-24 19:17,,baby formula,baby,1,28.50,28.50
T101029,2026-02-24 19:17,,toilet paper,household,1,11.90,11.90
T101029,2026-02-24 19:17,,shampoo,care,2,7.40,14.80
T101029,2026-02-24 19:17,,diapers,baby,2,24.90,49.80
T101029,2026-02-24 19:17,,conditioner,care,1,7.40,7.40
T101029,2026-02-24 19:17,,coffee beans,grocery,1,12.50,12.50
T101054,2026-02-25 08:38,C0364,olive oil,grocery,1,11.20,11.20
T101054,2026-02-25 08:38,C0364,paper towels,household,1,8.30,8.30
T101054,2026-02-25 08:38,C0364,salmon,fish,2,15.90,31.80
T101054,2026-02-25 08:38,C0364,toilet paper,household,3,11.90,35.70
T101054,2026-02-25 08:38,C0364,eggs,dairy,3,4.90,14.70
T101049,2026-02-25 08:55,,red wine,beverage,3,16.00,48.00
T101049,2026-02-25 08:55,,toothpaste,care,1,4.50,4.50
T101049,2026-02-25 08:55,,eggs,dairy,1,4.90,4.90
T101049,2026-02-25 08:55,,pasta,grocery,1,2.30,2.30
T101049,2026-02-25 08:55,,parmesan,dairy,1,8.90,8.90
T101049,2026-02-25 08:55,,apples,produce,1,4.30,4.30
T101049,2026-02-25 08:55,,tomato sauce,grocery,1,3.60,3.60
T101053,2026-02-25 09:18,C0504,ground beef,meat,1,9.40,9.40
T101053,2026-02-25 09:18,C0504,laundry detergent,household,1,14.20,14.20
T101053,2026-02-25 09:18,C0504,milk 2%,dairy,1,3.80,3.80
T101053,2026-02-25 09:18,C0504,toilet paper,household,1,11.90,11.90
T101053,2026-02-25 09:18,C0504,frozen pizza,frozen,1,7.20,7.20
T101053,2026-02-25 09:18,C0504,parmesan,dairy,1,8.90,8.90
T101053,2026-02-25 09:18,C0504,pasta,grocery,3,2.30,6.90
T101064,2026-02-25 09:21,C0879,tomato sauce,grocery,1,3.60,3.60
T101064,2026-02-25 09:21,C0879,milk 2%,dairy,1,3.80,3.80
T101064,2026-02-25 09:21,C0879,sugar,grocery,1,3.20,3.20
T101064,2026-02-25 09:21,C0879,butter,dairy,1,5.20,5.20
T101064,2026-02-25 09:21,C0879,chicken breast,meat,1,12.80,12.80
T101064,2026-02-25 09:21,C0879,strawberry jam,grocery,1,4.10,4.10
T101064,2026-02-25 09:21,C0879,ice cream,frozen,1,6.50,6.50
T101046,2026-02-25 11:22,,bananas,produce,2,2.10,4.20
T101046,2026-02-25 11:22,,yogurt,dairy,1,4.60,4.60
T101046,2026-02-25 11:22,,diapers,baby,2,24.90,49.80
T101046,2026-02-25 11:22,,yogurt,dairy,1,4.60,4.60
T101062,2026-02-25 12:18,,diapers,baby,1,24.90,24.90
T101062,2026-02-25 12:18,,beer,beverage,2,13.50,27.00
T101062,2026-02-25 12:18,,baby formula,baby,1,28.50,28.50
T101062,2026-02-25 12:18,,conditioner,care,2,7.40,14.80
T101062,2026-02-25 12:18,,avocado,produce,1,2.20,2.20
T101062,2026-02-25 12:18,,bananas,produce,3,2.10,6.30
T101062,2026-02-25 12:18,,olive oil,grocery,1,11.20,11.20
T101060,2026-02-25 12:28,,tea,grocery,1,6.40,6.40
T101060,2026-02-25 12:28,,beer,beverage,1,13.50,13.50
T101060,2026-02-25 12:28,,tortilla chips,snack,3,4.20,12.60
T101060,2026-02-25 12:28,,milk 2%,dairy,1,3.80,3.80
T101060,2026-02-25 12:28,,white bread,bakery,2,2.90,5.80
T101060,2026-02-25 12:28,,conditioner,care,3,7.40,22.20
T101047,2026-02-25 12:30,C0483,strawberry jam,grocery,1,4.10,4.10
T101047,2026-02-25 12:30,C0483,shampoo,care,3,7.40,22.20
T101047,2026-02-25 12:30,C0483,butter,dairy,1,5.20,5.20
T101047,2026-02-25 12:30,C0483,coffee beans,grocery,1,12.50,12.50
T101047,2026-02-25 12:30,C0483,chocolate bar,snack,1,2.70,2.70
T101047,2026-02-25 12:30,C0483,white bread,bakery,1,2.90,2.90
T101047,2026-02-25 12:30,C0483,eggs,dairy,1,4.90,4.90
T101056,2026-02-25 12:57,C0337,tomato sauce,grocery,1,3.60,3.60
T101056,2026-02-25 12:57,C0337,diapers,baby,1,24.90,24.90
T101056,2026-02-25 12:57,C0337,olive oil,grocery,1,11.20,11.20
T101056,2026-02-25 12:57,C0337,coffee beans,grocery,1,12.50,12.50
T101056,2026-02-25 12:57,C0337,pasta,grocery,1,2.30,2.30
T101056,2026-02-25 12:57,C0337,trash bags,household,1,9.10,9.10
T101056,2026-02-25 12:57,C0337,ground beef,meat,1,9.40,9.40
T101057,2026-02-25 13:43,C0865,white bread,bakery,1,2.90,2.90
T101057,2026-02-25 13:43,C0865,granola,grocery,1,6.20,6.20
T101057,2026-02-25 13:43,C0865,coffee beans,grocery,1,12.50,12.50
T101057,2026-02-25 13:43,C0865,butter,dairy,1,5.20,5.20
T101057,2026-02-25 13:43,C0865,tomatoes,produce,1,3.90,3.90
T101057,2026-02-25 13:43,C0865,shampoo,care,1,7.40,7.40
T101058,2026-02-25 13:47,C0488,avocado,produce,1,2.20,2.20
T101058,2026-02-25 13:47,C0488,croissant,bakery,1,1.80,1.80
T101065,2026-02-25 16:44,,salmon,fish,1,15.90,15.90
T101065,2026-02-25 16:44,,orange juice,beverage,1,4.40,4.40
T101065,2026-02-25 16:44,,lemon,produce,1,0.90,0.90
T101065,2026-02-25 16:44,,tomato sauce,grocery,1,3.60,3.60
T101065,2026-02-25 16:44,,beer,beverage,1,13.50,13.50
T101065,2026-02-25 16:44,,ground beef,meat,2,9.40,18.80
T101052,2026-02-25 16:58,,pasta,grocery,3,2.30,6.90
T101052,2026-02-25 16:58,,bacon,meat,1,7.80,7.80
T101052,2026-02-25 16:58,,lemon,produce,1,0.90,0.90
T101052,2026-02-25 16:58,,shampoo,care,1,7.40,7.40
T101052,2026-02-25 16:58,,salmon,fish,3,15.90,47.70
T101048,2026-02-25 17:38,C0669,coffee beans,grocery,1,12.50,12.50
T101048,2026-02-25 17:38,C0669,red wine,beverage,1,16.00,16.00
T101048,2026-02-25 17:38,C0669,strawberry jam,grocery,1,4.10,4.10
T101048,2026-02-25 17:38,C0669,white bread,bakery,2,2.90,5.80
T101048,2026-02-25 17:38,C0669,red wine,beverage,1,16.00,16.00
T101066,2026-02-25 18:35,C0462,granola,grocery,1,6.20,6.20
T101066,2026-02-25 18:35,C0462,bananas,produce,2,2.10,4.20
T101066,2026-02-25 18:35,C0462,tomato sauce,grocery,1,3.60,3.60
T101061,2026-02-25 18:51,C0401,lettuce,produce,1,2.60,2.60
T101061,2026-02-25 18:51,C0401,granola,grocery,1,6.20,6.20
T101061,2026-02-25 18:51,C0401,yogurt,dairy,1,4.60,4.60
T101061,2026-02-25 18:51,C0401,berries,produce,1,5.80,5.80
T101061,2026-02-25 18:51,C0401,bananas,produce,1,2.10,2.10
T101050,2026-02-25 19:34,C0561,tomatoes,produce,1,3.90,3.90
T101050,2026-02-25 19:34,C0561,milk 2%,dairy,1,3.80,3.80
T101050,2026-02-25 19:34,C0561,butter,dairy,1,5.20,5.20
T101050,2026-02-25 19:34,C0561,whole wheat bread,bakery,1,3.40,3.40
T101050,2026-02-25 19:34,C0561,white bread,bakery,1,2.90,2.90
T101050,2026-02-25 19:34,C0561,strawberry jam,grocery,1,4.10,4.10
T101051,2026-02-25 19:34,C0309,coffee beans,grocery,1,12.50,12.50
T101051,2026-02-25 19:34,C0309,avocado,produce,1,2.20,2.20
T101055,2026-02-25 19:34,,toothpaste,care,1,4.50,4.50
T101055,2026-02-25 19:34,,chicken breast,meat,2,12.80,25.60
T101055,2026-02-25 19:34,,conditioner,care,1,7.40,7.40
T101055,2026-02-25 19:34,,baby formula,baby,1,28.50,28.50
T101055,2026-02-25 19:34,,trash bags,household,3,9.10,27.30
T101059,2026-02-25 19:46,,paper towels,household,1,8.30,8.30
T101059,2026-02-25 19:46,,parmesan,dairy,1,8.90,8.90
T101059,2026-02-25 19:46,,dish soap,household,2,4.70,9.40
T101059,2026-02-25 19:46,,sugar,grocery,1,3.20,3.20
T101059,2026-02-25 19:46,,ground beef,meat,3,9.40,28.20
T101059,2026-02-25 19:46,,pasta,grocery,1,2.30,2.30
T101059,2026-02-25 19:46,,olive oil,grocery,1,11.20,11.20
T101059,2026-02-25 19:46,,salmon,fish,1,15.90,15.90
T101063,2026-02-25 19:46,C0253,laundry detergent,household,3,14.20,42.60
T101063,2026-02-25 19:46,C0253,ground beef,meat,1,9.40,9.40
T101063,2026-02-25 19:46,C0253,croissant,bakery,1,1.80,1.80
T101063,2026-02-25 19:46,C0253,sugar,grocery,1,3.20,3.20
T101063,2026-02-25 19:46,C0253,coffee beans,grocery,1,12.50,12.50
T101063,2026-02-25 19:46,C0253,peanuts,snack,1,4.80,4.80
T101067,2026-02-26 09:05,C0750,salsa,grocery,1,3.90,3.90
T101067,2026-02-26 09:05,C0750,shampoo,care,1,7.40,7.40
T101067,2026-02-26 09:05,C0750,ice cream,frozen,1,6.50,6.50
T101076,2026-02-26 09:45,C0861,red wine,beverage,1,16.00,16.00
T101076,2026-02-26 09:45,C0861,pasta,grocery,1,2.30,2.30
T101076,2026-02-26 09:45,C0861,tea,grocery,1,6.40,6.40
T101076,2026-02-26 09:45,C0861,parmesan,dairy,1,8.90,8.90
T101076,2026-02-26 09:45,C0861,olive oil,grocery,1,11.20,11.20
T101076,2026-02-26 09:45,C0861,berries,produce,1,5.80,5.80
T101068,2026-02-26 10:34,C0398,berries,produce,1,5.80,5.80
T101068,2026-02-26 10:34,C0398,granola,grocery,1,6.20,6.20
T101068,2026-02-26 10:34,C0398,laundry detergent,household,3,14.20,42.60
T101068,2026-02-26 10:34,C0398,yogurt,dairy,1,4.60,4.60
T101078,2026-02-26 11:07,,coffee beans,grocery,1,12.50,12.50
T101078,2026-02-26 11:07,,peanuts,snack,1,4.80,4.80
T101078,2026-02-26 11:07,,cucumber,produce,2,1.70,3.40
T101078,2026-02-26 11:07,,paper towels,household,1,8.30,8.30
T101078,2026-02-26 11:07,,chocolate bar,snack,1,2.70,2.70
T101078,2026-02-26 11:07,,tortilla chips,snack,1,4.20,4.20
T101082,2026-02-26 11:34,C0237,butter,dairy,1,5.20,5.20
T101082,2026-02-26 11:34,C0237,white bread,bakery,1,2.90,2.90
T101082,2026-02-26 11:34,C0237,tomato sauce,grocery,1,3.60,3.60
T101082,2026-02-26 11:34,C0237,strawberry jam,grocery,1,4.10,4.10
T101082,2026-02-26 11:34,C0237,lemon,produce,1,0.90,0.90
T101082,2026-02-26 11:34,C0237,milk 2%,dairy,1,3.80,3.80
T101069,2026-02-26 11:53,,butter,dairy,1,5.20,5.20
T101069,2026-02-26 11:53,,bananas,produce,1,2.10,2.10
T101069,2026-02-26 11:53,,milk 2%,dairy,1,3.80,3.80
T101069,2026-02-26 11:53,,dish soap,household,1,4.70,4.70
T101069,2026-02-26 11:53,,trash bags,household,2,9.10,18.20
T101090,2026-02-26 12:01,,peanuts,snack,1,4.80,4.80
T101090,2026-02-26 12:01,,red wine,beverage,1,16.00,16.00
T101090,2026-02-26 12:01,,toilet paper,household,1,11.90,11.90
T101090,2026-02-26 12:01,,dish soap,household,1,4.70,4.70
T101079,2026-02-26 12:12,,beer,beverage,1,13.50,13.50
T101079,2026-02-26 12:12,,eggs,dairy,1,4.90,4.90
T101079,2026-02-26 12:12,,tortilla chips,snack,1,4.20,4.20
T101079,2026-02-26 12:12,,chocolate bar,snack,1,2.70,2.70
T101079,2026-02-26 12:12,,ice cream,frozen,1,6.50,6.50
T101077,2026-02-26 12:28,C0782,peanuts,snack,3,4.80,14.40
T101077,2026-02-26 12:28,C0782,parmesan,dairy,2,8.90,17.80
T101077,2026-02-26 12:28,C0782,chocolate bar,snack,1,2.70,2.70
T101077,2026-02-26 12:28,C0782,tortilla chips,snack,3,4.20,12.60
T101077,2026-02-26 12:28,C0782,pasta,grocery,1,2.30,2.30
T101070,2026-02-26 12:38,C0633,ice cream,frozen,1,6.50,6.50
T101070,2026-02-26 12:38,C0633,olive oil,grocery,2,11.20,22.40
T101070,2026-02-26 12:38,C0633,lemon,produce,1,0.90,0.90
T101070,2026-02-26 12:38,C0633,paper towels,household,1,8.30,8.30
T101070,2026-02-26 12:38,C0633,trash bags,household,1,9.10,9.10
T101070,2026-02-26 12:38,C0633,dish soap,household,2,4.70,9.40
T101070,2026-02-26 12:38,C0633,toilet paper,household,2,11.90,23.80
T101070,2026-02-26 12:38,C0633,shampoo,care,1,7.40,7.40
T101070,2026-02-26 12:38,C0633,toilet paper,household,2,11.90,23.80
T101073,2026-02-26 12:57,C0387,cucumber,produce,1,1.70,1.70
T101073,2026-02-26 12:57,C0387,salmon,fish,2,15.90,31.80
T101073,2026-02-26 12:57,C0387,toilet paper,household,1,11.90,11.90
T101073,2026-02-26 12:57,C0387,parmesan,dairy,1,8.90,8.90
T101073,2026-02-26 12:57,C0387,tomato sauce,grocery,1,3.60,3.60
T101083,2026-02-26 13:07,,chicken breast,meat,1,12.80,12.80
T101083,2026-02-26 13:07,,toilet paper,household,1,11.90,11.90
T101083,2026-02-26 13:07,,trash bags,household,1,9.10,9.10
T101071,2026-02-26 16:08,,peanuts,snack,3,4.80,14.40
T101071,2026-02-26 16:08,,whole wheat bread,bakery,2,3.40,6.80
T101071,2026-02-26 16:08,,tomato sauce,grocery,1,3.60,3.60
T101071,2026-02-26 16:08,,pasta,grocery,1,2.30,2.30
T101071,2026-02-26 16:08,,tea,grocery,1,6.40,6.40
T101071,2026-02-26 16:08,,parmesan,dairy,1,8.90,8.90
T101074,2026-02-26 17:05,,laundry detergent,household,1,14.20,14.20
T101074,2026-02-26 17:05,,cucumber,produce,3,1.70,5.10
T101074,2026-02-26 17:05,,toilet paper,household,1,11.90,11.90
T101074,2026-02-26 17:05,,dish soap,household,1,4.70,4.70
T101074,2026-02-26 17:05,,strawberry jam,grocery,1,4.10,4.10
T101074,2026-02-26 17:05,,yogurt,dairy,1,4.60,4.60
T101074,2026-02-26 17:05,,coffee beans,grocery,1,12.50,12.50
T101074,2026-02-26 17:05,,trash bags,household,1,9.10,9.10
T101089,2026-02-26 17:48,,pasta,grocery,1,2.30,2.30
T101089,2026-02-26 17:48,,chocolate bar,snack,1,2.70,2.70
T101089,2026-02-26 17:48,,red wine,beverage,3,16.00,48.00
T101089,2026-02-26 17:48,,olive oil,grocery,1,11.20,11.20
T101089,2026-02-26 17:48,,parmesan,dairy,2,8.90,17.80
T101089,2026-02-26 17:48,,salsa,grocery,3,3.90,11.70
T101089,2026-02-26 17:48,,ground beef,meat,2,9.40,18.80
T101089,2026-02-26 17:48,,tomato sauce,grocery,1,3.60,3.60
T101089,2026-02-26 17:48,,laundry detergent,household,2,14.20,28.40
T101084,2026-02-26 17:51,,tomatoes,produce,1,3.90,3.90
T101084,2026-02-26 17:51,,orange juice,beverage,1,4.40,4.40
T101084,2026-02-26 17:51,,tomato sauce,grocery,1,3.60,3.60
T101084,2026-02-26 17:51,,parmesan,dairy,1,8.90,8.90
T101084,2026-02-26 17:51,,avocado,produce,1,2.20,2.20
T101084,2026-02-26 17:51,,pasta,grocery,1,2.30,2.30
T101085,2026-02-26 18:12,C0787,white bread,bakery,3,2.90,8.70
T101085,2026-02-26 18:12,C0787,ground beef,meat,1,9.40,9.40
T101085,2026-02-26 18:12,C0787,coffee beans,grocery,3,12.50,37.50
T101085,2026-02-26 18:12,C0787,bananas,produce,1,2.10,2.10
T101085,2026-02-26 18:12,C0787,bacon,meat,1,7.80,7.80
T101072,2026-02-26 18:14,C0203,toothpaste,care,1,4.50,4.50
T101072,2026-02-26 18:14,C0203,lettuce,produce,1,2.60,2.60
T101072,2026-02-26 18:14,C0203,ground beef,meat,1,9.40,9.40
T101072,2026-02-26 18:14,C0203,butter,dairy,1,5.20,5.20
T101072,2026-02-26 18:14,C0203,yogurt,dairy,1,4.60,4.60
T101072,2026-02-26 18:14,C0203,bananas,produce,3,2.10,6.30
T101072,2026-02-26 18:14,C0203,coffee beans,grocery,1,12.50,12.50
T101080,2026-02-26 18:49,C0844,tortilla chips,snack,1,4.20,4.20
T101080,2026-02-26 18:49,C0844,croissant,bakery,1,1.80,1.80
T101088,2026-02-26 18:57,C0663,parmesan,dairy,1,8.90,8.90
T101088,2026-02-26 18:57,C0663,pasta,grocery,1,2.30,2.30
T101088,2026-02-26 18:57,C0663,eggs,dairy,1,4.90,4.90
T101088,2026-02-26 18:57,C0663,butter,dairy,1,5.20,5.20
T101081,2026-02-26 19:01,C0801,shampoo,care,1,7.40,7.40
T101081,2026-02-26 19:01,C0801,baby formula,baby,3,28.50,85.50
T101081,2026-02-26 19:01,C0801,conditioner,care,1,7.40,7.40
T101087,2026-02-26 19:32,C0549,chocolate bar,snack,1,2.70,2.70
T101087,2026-02-26 19:32,C0549,apples,produce,1,4.30,4.30
T101087,2026-02-26 19:32,C0549,dish soap,household,3,4.70,14.10
T101087,2026-02-26 19:32,C0549,red wine,beverage,3,16.00,48.00
T101087,2026-02-26 19:32,C0549,lemon,produce,1,0.90,0.90
T101087,2026-02-26 19:32,C0549,salmon,fish,1,15.90,15.90
T101087,2026-02-26 19:32,C0549,olive oil,grocery,1,11.20,11.20
T101086,2026-02-26 19:44,C0058,orange juice,beverage,1,4.40,4.40
T101086,2026-02-26 19:44,C0058,shampoo,care,1,7.40,7.40
T101086,2026-02-26 19:44,C0058,white bread,bakery,1,2.90,2.90
T101091,2026-02-26 19:53,C0123,red wine,beverage,1,16.00,16.00
T101091,2026-02-26 19:53,C0123,coffee beans,grocery,1,12.50,12.50
T101091,2026-02-26 19:53,C0123,orange juice,beverage,1,4.40,4.40
T101091,2026-02-26 19:53,C0123,shampoo,care,1,7.40,7.40
T101075,2026-02-26 20:47,,white bread,bakery,1,2.90,2.90
T101075,2026-02-26 20:47,,coffee beans,grocery,3,12.50,37.50
T101075,2026-02-26 20:47,,conditioner,care,1,7.40,7.40
T101109,2026-02-27 08:21,,parmesan,dairy,2,8.90,17.80
T101109,2026-02-27 08:21,,tomato sauce,grocery,1,3.60,3.60
T101109,2026-02-27 08:21,,red wine,beverage,1,16.00,16.00
T101109,2026-02-27 08:21,,olive oil,grocery,1,11.20,11.20
T101109,2026-02-27 08:21,,pasta,grocery,1,2.30,2.30
T101109,2026-02-27 08:21,,ground beef,meat,1,9.40,9.40
T101095,2026-02-27 09:20,C0425,olive oil,grocery,1,11.20,11.20
T101095,2026-02-27 09:20,C0425,sugar,grocery,1,3.20,3.20
T101095,2026-02-27 09:20,C0425,diapers,baby,1,24.90,24.90
T101095,2026-02-27 09:20,C0425,toothpaste,care,1,4.50,4.50
T101095,2026-02-27 09:20,C0425,shampoo,care,1,7.40,7.40
T101095,2026-02-27 09:20,C0425,conditioner,care,1,7.40,7.40
T101096,2026-02-27 10:49,,peanuts,snack,1,4.80,4.80
T101096,2026-02-27 10:49,,beer,beverage,1,13.50,13.50
T101096,2026-02-27 10:49,,dish soap,household,1,4.70,4.70
T101096,2026-02-27 10:49,,baby wipes,baby,1,6.70,6.70
T101096,2026-02-27 10:49,,diapers,baby,1,24.90,24.90
T101111,2026-02-27 10:50,,dish soap,household,1,4.70,4.70
T101111,2026-02-27 10:50,,baby wipes,baby,1,6.70,6.70
T101111,2026-02-27 10:50,,laundry detergent,household,3,14.20,42.60
T101111,2026-02-27 10:50,,pasta,grocery,3,2.30,6.90
T101111,2026-02-27 10:50,,tortilla chips,snack,2,4.20,8.40
T101111,2026-02-27 10:50,,bacon,meat,1,7.80,7.80
T101111,2026-02-27 10:50,,toothpaste,care,3,4.50,13.50
T101097,2026-02-27 10:53,C0295,sugar,grocery,1,3.20,3.20
T101097,2026-02-27 10:53,C0295,tomato sauce,grocery,1,3.60,3.60
T101097,2026-02-27 10:53,C0295,baby formula,baby,1,28.50,28.50
T101097,2026-02-27 10:53,C0295,diapers,baby,1,24.90,24.90
T101114,2026-02-27 11:31,,baby formula,baby,1,28.50,28.50
T101114,2026-02-27 11:31,,red wine,beverage,2,16.00,32.00
T101114,2026-02-27 11:31,,diapers,baby,1,24.90,24.90
T101114,2026-02-27 11:31,,lemon,produce,1,0.90,0.90
T101114,2026-02-27 11:31,,baby wipes,baby,1,6.70,6.70
T101114,2026-02-27 11:31,,toilet paper,household,1,11.90,11.90
T101114,2026-02-27 11:31,,tea,grocery,1,6.40,6.40
T101114,2026-02-27 11:31,,bacon,meat,3,7.80,23.40
T101118,2026-02-27 12:15,,tomato sauce,grocery,1,3.60,3.60
T101118,2026-02-27 12:15,,whole wheat bread,bakery,1,3.40,3.40
T101118,2026-02-27 12:15,,diapers,baby,1,24.90,24.90
T101118,2026-02-27 12:15,,pasta,grocery,1,2.30,2.30
T101105,2026-02-27 13:29,,ground beef,meat,1,9.40,9.40
T101105,2026-02-27 13:29,,olive oil,grocery,3,11.20,33.60
T101105,2026-02-27 13:29,,salmon,fish,3,15.90,47.70
T101105,2026-02-27 13:29,,toothpaste,care,3,4.50,13.50
T101113,2026-02-27 16:14,C0041,milk 2%,dairy,2,3.80,7.60
T101113,2026-02-27 16:14,C0041,butter,dairy,1,5.20,5.20
T101113,2026-02-27 16:14,C0041,white bread,bakery,3,2.90,8.70
T101113,2026-02-27 16:14,C0041,strawberry jam,grocery,1,4.10,4.10
T101113,2026-02-27 16:14,C0041,eggs,dairy,1,4.90,4.90
T101113,2026-02-27 16:14,C0041,apples,produce,3,4.30,12.90
T101113,2026-02-27 16:14,C0041,coffee beans,grocery,1,12.50,12.50
T101113,2026-02-27 16:14,C0041,frozen pizza,frozen,1,7.20,7.20
T101092,2026-02-27 16:34,C0892,white bread,bakery,1,2.90,2.90
T101092,2026-02-27 16:34,C0892,baby wipes,baby,2,6.70,13.40
T101092,2026-02-27 16:34,C0892,trash bags,household,1,9.10,9.10
T101092,2026-02-27 16:34,C0892,paper towels,household,1,8.30,8.30
T101092,2026-02-27 16:34,C0892,ground beef,meat,1,9.40,9.40
T101092,2026-02-27 16:34,C0892,milk 2%,dairy,3,3.80,11.40
T101117,2026-02-27 16:34,C0744,pasta,grocery,1,2.30,2.30
T101117,2026-02-27 16:34,C0744,tomato sauce,grocery,1,3.60,3.60
T101117,2026-02-27 16:34,C0744,parmesan,dairy,1,8.90,8.90
T101117,2026-02-27 16:34,C0744,tomatoes,produce,1,3.90,3.90
T101117,2026-02-27 16:34,C0744,chicken breast,meat,1,12.80,12.80
T101117,2026-02-27 16:34,C0744,baby formula,baby,3,28.50,85.50
T101107,2026-02-27 16:40,C0331,sugar,grocery,1,3.20,3.20
T101107,2026-02-27 16:40,C0331,croissant,bakery,1,1.80,1.80
T101107,2026-02-27 16:40,C0331,butter,dairy,1,5.20,5.20
T101107,2026-02-27 16:40,C0331,coffee beans,grocery,1,12.50,12.50
T101093,2026-02-27 16:53,C0675,tea,grocery,1,6.40,6.40
T101093,2026-02-27 16:53,C0675,granola,grocery,1,6.20,6.20
T101093,2026-02-27 16:53,C0675,berries,produce,1,5.80,5.80
T101093,2026-02-27 16:53,C0675,bananas,produce,1,2.10,2.10
T101093,2026-02-27 16:53,C0675,peanuts,snack,1,4.80,4.80
T101093,2026-02-27 16:53,C0675,lettuce,produce,1,2.60,2.60
T101093,2026-02-27 16:53,C0675,yogurt,dairy,1,4.60,4.60
T101093,2026-02-27 16:53,C0675,sparkling water,beverage,1,3.10,3.10
T101116,2026-02-27 17:18,C0289,red wine,beverage,2,16.00,32.00
T101116,2026-02-27 17:18,C0289,trash bags,household,1,9.10,9.10
T101116,2026-02-27 17:18,C0289,tomato sauce,grocery,3,3.60,10.80
T101116,2026-02-27 17:18,C0289,tomatoes,produce,1,3.90,3.90
T101116,2026-02-27 17:18,C0289,pasta,grocery,1,2.30,2.30
T101116,2026-02-27 17:18,C0289,apples,produce,1,4.30,4.30
T101116,2026-02-27 17:18,C0289,bananas,produce,1,2.10,2.10
T101116,2026-02-27 17:18,C0289,parmesan,dairy,1,8.90,8.90
T101102,2026-02-27 17:35,,tomato sauce,grocery,1,3.60,3.60
T101102,2026-02-27 17:35,,olive oil,grocery,1,11.20,11.20
T101102,2026-02-27 17:35,,parmesan,dairy,1,8.90,8.90
T101102,2026-02-27 17:35,,pasta,grocery,3,2.30,6.90
T101102,2026-02-27 17:35,,peanuts,snack,3,4.80,14.40
T101115,2026-02-27 17:45,C0032,milk 2%,dairy,1,3.80,3.80
T101115,2026-02-27 17:45,C0032,strawberry jam,grocery,1,4.10,4.10
T101115,2026-02-27 17:45,C0032,tortilla chips,snack,1,4.20,4.20
T101115,2026-02-27 17:45,C0032,butter,dairy,2,5.20,10.40
T101115,2026-02-27 17:45,C0032,white bread,bakery,1,2.90,2.90
T101101,2026-02-27 17:55,,tea,grocery,1,6.40,6.40
T101101,2026-02-27 17:55,,milk 2%,dairy,3,3.80,11.40
T101101,2026-02-27 17:55,,cucumber,produce,2,1.70,3.40
T101101,2026-02-27 17:55,,laundry detergent,household,2,14.20,28.40
T101101,2026-02-27 17:55,,strawberry jam,grocery,1,4.10,4.10
T101101,2026-02-27 17:55,,white bread,bakery,1,2.90,2.90
T101101,2026-02-27 17:55,,coffee beans,grocery,1,12.50,12.50
T101101,2026-02-27 17:55,,parmesan,dairy,1,8.90,8.90
T101101,2026-02-27 17:55,,ice cream,frozen,1,6.50,6.50
T101104,2026-02-27 17:56,C0829,tomatoes,produce,1,3.90,3.90
T101104,2026-02-27 17:56,C0829,conditioner,care,3,7.40,22.20
T101104,2026-02-27 17:56,C0829,shampoo,care,1,7.40,7.40
T101103,2026-02-27 17:58,,bananas,produce,1,2.10,2.10
T101103,2026-02-27 17:58,,croissant,bakery,1,1.80,1.80
T101103,2026-02-27 17:58,,berries,produce,1,5.80,5.80
T101100,2026-02-27 18:04,,baby formula,baby,1,28.50,28.50
T101100,2026-02-27 18:04,,paper towels,household,1,8.30,8.30
T101100,2026-02-27 18:04,,diapers,baby,1,24.90,24.90
T101110,2026-02-27 18:09,C0600,bananas,produce,1,2.10,2.10
T101110,2026-02-27 18:09,C0600,baby wipes,baby,1,6.70,6.70
T101112,2026-02-27 18:36,C0648,yogurt,dairy,1,4.60,4.60
T101112,2026-02-27 18:36,C0648,berries,produce,1,5.80,5.80
T101112,2026-02-27 18:36,C0648,toilet paper,household,1,11.90,11.90
T101112,2026-02-27 18:36,C0648,butter,dairy,1,5.20,5.20
T101112,2026-02-27 18:36,C0648,olive oil,grocery,2,11.20,22.40
T101112,2026-02-27 18:36,C0648,bananas,produce,1,2.10,2.10
T101112,2026-02-27 18:36,C0648,toilet paper,household,1,11.90,11.90
T101098,2026-02-27 18:44,,paper towels,household,1,8.30,8.30
T101098,2026-02-27 18:44,,berries,produce,1,5.80,5.80
T101098,2026-02-27 18:44,,white bread,bakery,1,2.90,2.90
T101098,2026-02-27 18:44,,milk 2%,dairy,3,3.80,11.40
T101098,2026-02-27 18:44,,coffee beans,grocery,1,12.50,12.50
T101098,2026-02-27 18:44,,strawberry jam,grocery,1,4.10,4.10
T101098,2026-02-27 18:44,,butter,dairy,1,5.20,5.20
T101106,2026-02-27 18:44,,cucumber,produce,1,1.70,1.70
T101106,2026-02-27 18:44,,dish soap,household,1,4.70,4.70
T101106,2026-02-27 18:44,,salsa,grocery,1,3.90,3.90
T101106,2026-02-27 18:44,,apples,produce,1,4.30,4.30
T101106,2026-02-27 18:44,,laundry detergent,household,1,14.20,14.20
T101106,2026-02-27 18:44,,lettuce,produce,1,2.60,2.60
T101106,2026-02-27 18:44,,peanuts,snack,1,4.80,4.80
T101106,2026-02-27 18:44,,beer,beverage,1,13.50,13.50
T101094,2026-02-27 18:58,C0803,diapers,baby,1,24.90,24.90
T101094,2026-02-27 18:58,C0803,coffee beans,grocery,1,12.50,12.50
T101094,2026-02-27 18:58,C0803,bananas,produce,1,2.10,2.10
T101094,2026-02-27 18:58,C0803,peanut butter,grocery,1,5.60,5.60
T101094,2026-02-27 18:58,C0803,lettuce,produce,1,2.60,2.60
T101094,2026-02-27 18:58,C0803,milk 2%,dairy,1,3.80,3.80
T101094,2026-02-27 18:58,C0803,sugar,grocery,1,3.20,3.20
T101094,2026-02-27 18:58,C0803,sugar,grocery,1,3.20,3.20
T101099,2026-02-27 19:12,,tomatoes,produce,1,3.90,3.90
T101099,2026-02-27 19:12,,salmon,fish,1,15.90,15.90
T101099,2026-02-27 19:12,,cucumber,produce,1,1.70,1.70
T101099,2026-02-27 19:12,,red wine,beverage,1,16.00,16.00
T101108,2026-02-27 20:02,,ice cream,frozen,1,6.50,6.50
T101108,2026-02-27 20:02,,tortilla chips,snack,1,4.20,4.20
T101108,2026-02-27 20:02,,peanuts,snack,1,4.80,4.80
T101108,2026-02-27 20:02,,beer,beverage,1,13.50,13.50
T101108,2026-02-27 20:02,,yogurt,dairy,1,4.60,4.60
T101143,2026-02-28 08:14,C0409,whole wheat bread,bakery,1,3.40,3.40
T101143,2026-02-28 08:14,C0409,white bread,bakery,1,2.90,2.90
T101143,2026-02-28 08:14,C0409,strawberry jam,grocery,1,4.10,4.10
T101128,2026-02-28 08:25,,apples,produce,2,4.30,8.60
T101128,2026-02-28 08:25,,milk 2%,dairy,3,3.80,11.40
T101128,2026-02-28 08:25,,tomato sauce,grocery,1,3.60,3.60
T101128,2026-02-28 08:25,,pasta,grocery,1,2.30,2.30
T101128,2026-02-28 08:25,,parmesan,dairy,1,8.90,8.90
T101128,2026-02-28 08:25,,butter,dairy,3,5.20,15.60
T101134,2026-02-28 08:32,C0411,lemon,produce,1,0.90,0.90
T101134,2026-02-28 08:32,C0411,toothpaste,care,1,4.50,4.50
T101134,2026-02-28 08:32,C0411,tea,grocery,1,6.40,6.40
T101134,2026-02-28 08:32,C0411,  peanut butter ,grocery,1,5.60,5.60
T101134,2026-02-28 08:32,C0411,coffee beans,grocery,1,12.50,12.50
T101134,2026-02-28 08:32,C0411,cucumber,produce,2,1.70,3.40
T101123,2026-02-28 09:43,,olive oil,grocery,1,11.20,11.20
T101123,2026-02-28 09:43,,parmesan,dairy,2,8.90,17.80
T101123,2026-02-28 09:43,,frozen pizza,frozen,1,7.20,7.20
T101123,2026-02-28 09:43,,red wine,beverage,1,16.00,16.00
T101123,2026-02-28 09:43,,tomato sauce,grocery,2,3.60,7.20
T101123,2026-02-28 09:43,,ground beef,meat,1,9.40,9.40
T101123,2026-02-28 09:43,,pasta,grocery,1,2.30,2.30
T101152,2026-02-28 10:09,,sparkling water,beverage,1,3.10,3.10
T101152,2026-02-28 10:09,,salmon,fish,1,15.90,15.90
T101152,2026-02-28 10:09,,lemon,produce,1,0.90,0.90
T101152,2026-02-28 10:09,,salsa,grocery,1,3.90,3.90
T101152,2026-02-28 10:09,,diapers,baby,1,24.90,24.90
T101152,2026-02-28 10:09,,olive oil,grocery,1,11.20,11.20
T101152,2026-02-28 10:09,,tortilla chips,snack,1,4.20,4.20
T101133,2026-02-28 10:23,C0141,peanuts,snack,1,4.80,4.80
T101133,2026-02-28 10:23,C0141,eggs,dairy,3,4.90,14.70
T101133,2026-02-28 10:23,C0141,paper towels,household,3,8.30,24.90
T101133,2026-02-28 10:23,C0141,white bread,bakery,1,2.90,2.90
T101133,2026-02-28 10:23,C0141,tomatoes,produce,3,3.90,11.70
T101133,2026-02-28 10:23,C0141,laundry detergent,household,1,14.20,14.20
T101133,2026-02-28 10:23,C0141,trash bags,household,1,9.10,9.10
T101133,2026-02-28 10:23,C0141,sugar,grocery,1,3.20,3.20
T101133,2026-02-28 10:23,C0141,toilet paper,household,1,11.90,11.90
T101133,2026-02-28 10:23,C0141,butter,dairy,1,5.20,5.20
T101131,2026-02-28 10:28,C0492,conditioner,care,2,7.40,14.80
T101131,2026-02-28 10:28,C0492,yogurt,dairy,1,4.60,4.60
T101131,2026-02-28 10:28,C0492,toothpaste,care,1,4.50,4.50
T101131,2026-02-28 10:28,C0492,shampoo,care,1,7.40,7.40
T101131,2026-02-28 10:28,C0492,tomato sauce,grocery,1,3.60,3.60
T101122,2026-02-28 10:52,,pasta,grocery,1,2.30,2.30
T101122,2026-02-28 10:52,,ground beef,meat,3,9.40,28.20
T101122,2026-02-28 10:52,,peanut butter,grocery,1,5.60,5.60
T101122,2026-02-28 10:52,,milk 2%,dairy,1,3.80,3.80
T101122,2026-02-28 10:52,,tomato sauce,grocery,1,3.60,3.60
T101122,2026-02-28 10:52,,parmesan,dairy,1,8.90,8.90
T101129,2026-02-28 11:29,,granola,grocery,1,6.20,6.20
T101129,2026-02-28 11:29,,tea,grocery,1,6.40,6.40
T101129,2026-02-28 11:29,,berries,produce,1,5.80,5.80
T101129,2026-02-28 11:29,,yogurt,dairy,1,4.60,4.60
T101129,2026-02-28 11:29,,lemon,produce,1,0.90,0.90
T101148,2026-02-28 11:43,,yogurt,dairy,1,4.60,4.60
T101148,2026-02-28 11:43,,granola,grocery,1,6.20,6.20
T101148,2026-02-28 11:43,,lettuce,produce,1,2.60,2.60
T101148,2026-02-28 11:43,,parmesan,dairy,1,8.90,8.90
T101146,2026-02-28 12:48,,red wine,beverage,1,16.00,16.00
T101146,2026-02-28 12:48,,diapers,baby,1,24.90,24.90
T101146,2026-02-28 12:48,,baby formula,baby,1,28.50,28.50
T101146,2026-02-28 12:48,,baby wipes,baby,1,6.70,6.70
T101135,2026-02-28 12:56,,berries,produce,1,5.80,5.80
T101135,2026-02-28 12:56,,peanut butter,grocery,1,5.60,5.60
T101135,2026-02-28 12:56,,avocado,produce,1,2.20,2.20
T101135,2026-02-28 12:56,,coffee beans,grocery,2,12.50,25.00
T101135,2026-02-28 12:56,,pasta,grocery,1,2.30,2.30
T101135,2026-02-28 12:56,,white bread,bakery,1,2.90,2.90
T101135,2026-02-28 12:56,,parmesan,dairy,1,8.90,8.90
T101149,2026-02-28 13:08,C0327,tomato sauce,grocery,1,3.60,3.60
T101149,2026-02-28 13:08,C0327,tea,grocery,1,6.40,6.40
T101149,2026-02-28 13:08,C0327,baby wipes,baby,1,6.70,6.70
T101149,2026-02-28 13:08,C0327,paper towels,household,1,8.30,8.30
T101149,2026-02-28 13:08,C0327,diapers,baby,1,24.90,24.90
T101149,2026-02-28 13:08,C0327,beer,beverage,1,13.50,13.50
T101136,2026-02-28 13:09,C0333,baby formula,baby,1,28.50,28.50
T101136,2026-02-28 13:09,C0333,strawberry jam,grocery,1,4.10,4.10
T101136,2026-02-28 13:09,C0333,beer,beverage,1,13.50,13.50
T101136,2026-02-28 13:09,C0333,baby wipes,baby,1,6.70,6.70
T101136,2026-02-28 13:09,C0333,diapers,baby,1,24.90,24.90
T101120,2026-02-28 13:22,C0290,tortilla chips,snack,1,4.20,4.20
T101120,2026-02-28 13:22,C0290,sugar,grocery,1,3.20,3.20
T101120,2026-02-28 13:22,C0290,avocado,produce,1,2.20,2.20
T101120,2026-02-28 13:22,C0290,beer,beverage,1,13.50,13.50
T101132,2026-02-28 13:43,,eggs,dairy,1,4.90,4.90
T101132,2026-02-28 13:43,,laundry detergent,household,1,14.20,14.20
T101132,2026-02-28 13:43,,lemon,produce,2,0.90,1.80
T101132,2026-02-28 13:43,,milk 2%,dairy,1,3.80,3.80
T101132,2026-02-28 13:43,,croissant,bakery,1,1.80,1.80
T101132,2026-02-28 13:43,,strawberry jam,grocery,1,4.10,4.10
T101132,2026-02-28 13:43,,butter,dairy,1,5.20,5.20
T101132,2026-02-28 13:43,,baby wipes,baby,1,6.70,6.70
T101132,2026-02-28 13:43,,conditioner,care,1,7.40,7.40
T101132,2026-02-28 13:43,,laundry detergent,household,1,14.20,14.20
T101124,2026-02-28 16:02,,shampoo,care,1,7.40,7.40
T101124,2026-02-28 16:02,,baby formula,baby,1,28.50,28.50
T101124,2026-02-28 16:02,,orange juice,beverage,1,4.40,4.40
T101124,2026-02-28 16:02,,lemon,produce,3,0.90,2.70
T101124,2026-02-28 16:02,,tomato sauce,grocery,1,3.60,3.60
T101124,2026-02-28 16:02,,apples,produce,1,4.30,4.30
T101124,2026-02-28 16:02,,whole wheat bread,bakery,2,3.40,6.80
T101124,2026-02-28 16:02,,salmon,fish,1,15.90,15.90
T101124,2026-02-28 16:02,,chocolate bar,snack,1,2.70,2.70
T101150,2026-02-28 16:47,C0204,trash bags,household,1,9.10,9.10
T101150,2026-02-28 16:47,C0204,peanut butter,grocery,1,5.60,5.60
T101150,2026-02-28 16:47,C0204,salmon,fish,1,15.90,15.90
T101141,2026-02-28 17:11,,apples,produce,1,4.30,4.30
T101141,2026-02-28 17:11,,berries,produce,1,5.80,5.80
T101141,2026-02-28 17:11,,croissant,bakery,1,1.80,1.80
T101141,2026-02-28 17:11,,bananas,produce,1,2.10,2.10
T101141,2026-02-28 17:11,,lettuce,produce,1,2.60,2.60
T101141,2026-02-28 17:11,,sparkling water,beverage,1,3.10,3.10
T101141,2026-02-28 17:11,,yogurt,dairy,1,4.60,4.60
T101151,2026-02-28 17:15,,shampoo,care,3,7.40,22.20
T101151,2026-02-28 17:15,,conditioner,care,1,7.40,7.40
T101151,2026-02-28 17:15,,toothpaste,care,3,4.50,13.50
T101145,2026-02-28 17:17,C0669,cucumber,produce,2,1.70,3.40
T101145,2026-02-28 17:17,C0669,granola,grocery,1,6.20,6.20
T101145,2026-02-28 17:17,C0669,avocado,produce,2,2.20,4.40
T101145,2026-02-28 17:17,C0669,bananas,produce,1,2.10,2.10
T101121,2026-02-28 17:28,,milk 2%,dairy,3,3.80,11.40
T101121,2026-02-28 17:28,,sugar,grocery,1,3.20,3.20
T101121,2026-02-28 17:28,,coffee beans,grocery,1,12.50,12.50
T101130,2026-02-28 17:28,,white bread,bakery,3,2.90,8.70
T101130,2026-02-28 17:28,,butter,dairy,1,5.20,5.20
T101130,2026-02-28 17:28,,strawberry jam,grocery,3,4.10,12.30
T101130,2026-02-28 17:28,,sugar,grocery,1,3.20,3.20
T101130,2026-02-28 17:28,,coffee beans,grocery,2,12.50,25.00
T101130,2026-02-28 17:28,,tortilla chips,snack,3,4.20,12.60
T101130,2026-02-28 17:28,,orange juice,beverage,1,4.40,4.40
T101137,2026-02-28 17:29,C0754,apples,produce,3,4.30,12.90
T101137,2026-02-28 17:29,C0754,diapers,baby,1,24.90,24.90
T101137,2026-02-28 17:29,C0754,baby formula,baby,1,28.50,28.50
T101137,2026-02-28 17:29,C0754,butter,dairy,3,5.20,15.60
T101137,2026-02-28 17:29,C0754,baby wipes,baby,1,6.70,6.70
T101137,2026-02-28 17:29,C0754,paper towels,household,1,8.30,8.30
T101142,2026-02-28 17:43,C0347,baby formula,baby,1,28.50,28.50
T101142,2026-02-28 17:43,C0347,diapers,baby,1,24.90,24.90
T101119,2026-02-28 18:36,C0055,diapers,baby,1,24.90,24.90
T101119,2026-02-28 18:36,C0055,paper towels,household,1,8.30,8.30
T101119,2026-02-28 18:36,C0055,chocolate bar,snack,1,2.70,2.70
T101119,2026-02-28 18:36,C0055,tomato sauce,grocery,3,3.60,10.80
T101119,2026-02-28 18:36,C0055,conditioner,care,3,7.40,22.20
T101119,2026-02-28 18:36,C0055,pasta,grocery,1,2.30,2.30
T101119,2026-02-28 18:36,C0055,chicken breast,meat,1,12.80,12.80
T101127,2026-02-28 18:45,C0371,olive oil,grocery,3,11.20,33.60
T101127,2026-02-28 18:45,C0371,tomato sauce,grocery,1,3.60,3.60
T101127,2026-02-28 18:45,C0371,ground beef,meat,1,9.40,9.40
T101127,2026-02-28 18:45,C0371,salsa,grocery,1,3.90,3.90
T101127,2026-02-28 18:45,C0371,parmesan,dairy,1,8.90,8.90
T101127,2026-02-28 18:45,C0371,pasta,grocery,1,2.30,2.30
T101126,2026-02-28 18:50,C0712,white bread,bakery,1,2.90,2.90
T101126,2026-02-28 18:50,C0712,tortilla chips,snack,3,4.20,12.60
T101126,2026-02-28 18:50,C0712,trash bags,household,1,9.10,9.10
T101126,2026-02-28 18:50,C0712,sparkling water,beverage,3,3.10,9.30
T101126,2026-02-28 18:50,C0712,laundry detergent,household,1,14.20,14.20
T101126,2026-02-28 18:50,C0712,paper towels,household,1,8.30,8.30
T101139,2026-02-28 18:58,,salmon,fish,1,15.90,15.90
T101139,2026-02-28 18:58,,lemon,produce,1,0.90,0.90
T101139,2026-02-28 18:58,,milk 2%,dairy,1,3.80,3.80
T101139,2026-02-28 18:58,,red wine,beverage,1,16.00,16.00
T101139,2026-02-28 18:58,,frozen pizza,frozen,1,7.20,7.20
T101144,2026-02-28 19:14,C0490,pasta,grocery,1,2.30,2.30
T101144,2026-02-28 19:14,C0490,tomato sauce,grocery,1,3.60,3.60
T101144,2026-02-28 19:14,C0490,bananas,produce,1,2.10,2.10
T101144,2026-02-28 19:14,C0490,tomatoes,produce,1,3.90,3.90
T101144,2026-02-28 19:14,C0490,olive oil,grocery,3,11.20,33.60
T101144,2026-02-28 19:14,C0490,parmesan,dairy,2,8.90,17.80
T101125,2026-02-28 19:40,C0423,coffee beans,grocery,1,12.50,12.50
T101125,2026-02-28 19:40,C0423,parmesan,dairy,1,8.90,8.90
T101125,2026-02-28 19:40,C0423,chocolate bar,snack,1,2.70,2.70
T101125,2026-02-28 19:40,C0423,toilet paper,household,1,11.90,11.90
T101125,2026-02-28 19:40,C0423,milk 2%,dairy,1,3.80,3.80
T101147,2026-02-28 19:54,C0477,trash bags,household,1,9.10,9.10
T101147,2026-02-28 19:54,C0477,dish soap,household,1,4.70,4.70
T101147,2026-02-28 19:54,C0477,paper towels,household,1,8.30,8.30
T101147,2026-02-28 19:54,C0477,toilet paper,household,1,11.90,11.90
T101140,2026-02-28 20:33,,ice cream,frozen,1,6.50,6.50
T101140,2026-02-28 20:33,,dish soap,household,1,4.70,4.70
T101140,2026-02-28 20:33,,laundry detergent,household,1,14.20,14.20
T101138,2026-02-28 20:53,C0670,sparkling water,beverage,1,3.10,3.10
T101138,2026-02-28 20:53,C0670,salsa,grocery,1,3.90,3.90
T101138,2026-02-28 20:53,C0670,tortilla chips,snack,1,4.20,4.20
T101138,2026-02-28 20:53,C0670,chocolate bar,snack,1,2.70,2.70
T101138,2026-02-28 20:53,C0670,olive oil,grocery,1,11.20,11.20
T101160,2026-03-01 09:48,C0293,olive oil,grocery,2,11.20,22.40
T101160,2026-03-01 09:48,C0293,tomatoes,produce,1,3.90,3.90
T101160,2026-03-01 09:48,C0293,chicken breast,meat,1,12.80,12.80
T101160,2026-03-01 09:48,C0293,frozen pizza,frozen,1,7.20,7.20
T101158,2026-03-01 09:57,,tomato sauce,grocery,1,3.60,3.60
T101158,2026-03-01 09:57,,ground beef,meat,1,9.40,9.40
T101158,2026-03-01 09:57,,pasta,grocery,1,2.30,2.30
T101158,2026-03-01 09:57,,olive oil,grocery,1,11.20,11.20
T101165,2026-03-01 10:27,,coffee beans,grocery,1,12.50,12.50
T101165,2026-03-01 10:27,,avocado,produce,1,2.20,2.20
T101165,2026-03-01 10:27,,white bread,bakery,1,2.90,2.90
T101165,2026-03-01 10:27,,shampoo,care,2,7.40,14.80
T101167,2026-03-01 11:01,C0247,baby wipes,baby,1,6.70,6.70
T101167,2026-03-01 11:01,C0247,trash bags,household,1,9.10,9.10
T101167,2026-03-01 11:01,C0247,granola,grocery,3,6.20,18.60
T101167,2026-03-01 11:01,C0247,berries,produce,1,5.80,5.80
T101167,2026-03-01 11:01,C0247,croissant,bakery,2,1.80,3.60
T101167,2026-03-01 11:01,C0247,ground beef,meat,1,9.40,9.40
T101167,2026-03-01 11:01,C0247,frozen pizza,frozen,1,7.20,7.20
T101167,2026-03-01 11:01,C0247,bacon,meat,2,7.80,15.60
T101167,2026-03-01 11:01,C0247,yogurt,dairy,1,4.60,4.60
T101167,2026-03-01 11:01,C0247,tomatoes,produce,1,3.90,3.90
T101167,2026-03-01 11:01,C0247,orange juice,beverage,1,4.40,4.40
T101156,2026-03-01 11:30,C0779,yogurt,dairy,1,4.60,4.60
T101156,2026-03-01 11:30,C0779,coffee beans,grocery,1,12.50,12.50
T101156,2026-03-01 11:30,C0779,milk 2%,dairy,3,3.80,11.40
T101156,2026-03-01 11:30,C0779,shampoo,care,1,7.40,7.40
T101153,2026-03-01 12:05,,white bread,bakery,1,2.90,2.90
T101153,2026-03-01 12:05,,eggs,dairy,1,4.90,4.90
T101153,2026-03-01 12:05,,avocado,produce,1,2.20,2.20
T101153,2026-03-01 12:05,,milk 2%,dairy,1,3.80,3.80
T101153,2026-03-01 12:05,,butter,dairy,1,5.20,5.20
T101161,2026-03-01 12:06,C0567,granola,grocery,1,6.20,6.20
T101161,2026-03-01 12:06,C0567,pasta,grocery,1,2.30,2.30
T101161,2026-03-01 12:06,C0567,eggs,dairy,1,4.90,4.90
T101161,2026-03-01 12:06,C0567,tomato sauce,grocery,2,3.60,7.20
T101155,2026-03-01 12:38,C0170,white bread,bakery,1,2.90,2.90
T101155,2026-03-01 12:38,C0170,olive oil,grocery,1,11.20,11.20
T101155,2026-03-01 12:38,C0170,strawberry jam,grocery,3,4.10,12.30
T101155,2026-03-01 12:38,C0170,avocado,produce,1,2.20,2.20
T101155,2026-03-01 12:38,C0170,salmon,fish,3,15.90,47.70
T101155,2026-03-01 12:38,C0170,orange juice,beverage,2,4.40,8.80
T101155,2026-03-01 12:38,C0170,sugar,grocery,1,3.20,3.20
T101155,2026-03-01 12:38,C0170,chocolate bar,snack,1,2.70,2.70
T101155,2026-03-01 12:38,C0170,milk 2%,dairy,1,3.80,3.80
T101166,2026-03-01 13:38,C0204,croissant,bakery,1,1.80,1.80
T101166,2026-03-01 13:38,C0204,salsa,grocery,3,3.90,11.70
T101166,2026-03-01 13:38,C0204,tortilla chips,snack,1,4.20,4.20
T101166,2026-03-01 13:38,C0204,beer,beverage,1,13.50,13.50
T101157,2026-03-01 16:03,C0216,coffee beans,grocery,1,12.50,12.50
T101157,2026-03-01 16:03,C0216,milk 2%,dairy,1,3.80,3.80
T101157,2026-03-01 16:03,C0216,sugar,grocery,1,3.20,3.20
T101154,2026-03-01 16:27,,frozen pizza,frozen,1,7.20,7.20
T101154,2026-03-01 16:27,,granola,grocery,1,6.20,6.20
T101154,2026-03-01 16:27,,milk 2%,dairy,1,3.80,3.80
T101154,2026-03-01 16:27,,yogurt,dairy,3,4.60,13.80
T101154,2026-03-01 16:27,,salmon,fish,1,15.90,15.90
T101154,2026-03-01 16:27,,berries,produce,1,5.80,5.80
T101164,2026-03-01 17:21,C0471,red wine,beverage,1,16.00,16.00
T101164,2026-03-01 17:21,C0471,baby formula,baby,1,28.50,28.50
T101164,2026-03-01 17:21,C0471,tomato sauce,grocery,1,3.60,3.60
T101164,2026-03-01 17:21,C0471,pasta,grocery,1,2.30,2.30
T101162,2026-03-01 19:11,C0202,coffee beans,grocery,1,12.50,12.50
T101162,2026-03-01 19:11,C0202,parmesan,dairy,1,8.90,8.90
T101162,2026-03-01 19:11,C0202,chicken breast,meat,2,12.80,25.60
T101162,2026-03-01 19:11,C0202,milk 2%,dairy,1,3.80,3.80
T101162,2026-03-01 19:11,C0202,salmon,fish,2,15.90,31.80
T101162,2026-03-01 19:11,C0202,sugar,grocery,1,3.20,3.20
T101162,2026-03-01 19:11,C0202,milk 2%,dairy,1,3.80,3.80
T101159,2026-03-01 19:30,,dish soap,household,1,4.70,4.70
T101159,2026-03-01 19:30,,parmesan,dairy,1,8.90,8.90
T101159,2026-03-01 19:30,,toilet paper,household,1,11.90,11.90
T101159,2026-03-01 19:30,,paper towels,household,2,8.30,16.60
T101159,2026-03-01 19:30,,shampoo,care,1,7.40,7.40
T101163,2026-03-01 19:31,C0878,croissant,bakery,1,1.80,1.80
T101163,2026-03-01 19:31,C0878,coffee beans,grocery,1,12.50,12.50
T101163,2026-03-01 19:31,C0878,sugar,grocery,1,3.20,3.20
T101168,2026-03-01 20:11,C0570,frozen pizza,frozen,1,7.20,7.20
T101168,2026-03-01 20:11,C0570,parmesan,dairy,1,8.90,8.90
T101168,2026-03-01 20:11,C0570,pasta,grocery,1,2.30,2.30
T101168,2026-03-01 20:11,C0570,tomato sauce,grocery,1,3.60,3.60
T101176,2026-03-02 11:22,,yogurt,dairy,1,4.60,4.60
T101176,2026-03-02 11:22,,bananas,produce,1,2.10,2.10
T101176,2026-03-02 11:22,,berries,produce,1,5.80,5.80
T101176,2026-03-02 11:22,,lettuce,produce,1,2.60,2.60
T101170,2026-03-02 11:33,C0262,shampoo,care,1,7.40,7.40
T101172,2026-03-02 12:46,,baby formula,baby,1,28.50,28.50
T101172,2026-03-02 12:46,,peanuts,snack,1,4.80,4.80
T101172,2026-03-02 12:46,,olive oil,grocery,1,11.20,11.20
T101172,2026-03-02 12:46,,diapers,baby,1,24.90,24.90
T101172,2026-03-02 12:46,,bananas,produce,1,2.10,2.10
T101172,2026-03-02 12:46,,sugar,grocery,3,3.20,9.60
T101172,2026-03-02 12:46,,baby wipes,baby,1,6.70,6.70
T101169,2026-03-02 13:52,C0241,chocolate bar,snack,2,2.70,5.40
T101169,2026-03-02 13:52,C0241,coffee beans,grocery,2,12.50,25.00
T101169,2026-03-02 13:52,C0241,eggs,dairy,1,4.90,4.90
T101169,2026-03-02 13:52,C0241,peanut butter,grocery,1,5.60,5.60
T101169,2026-03-02 13:52,C0241,milk 2%,dairy,1,3.80,3.80
T101175,2026-03-02 16:18,C0044,paper towels,household,1,8.30,8.30
T101175,2026-03-02 16:18,C0044,lemon,produce,1,0.90,0.90
T101175,2026-03-02 16:18,C0044,laundry detergent,household,1,14.20,14.20
T101175,2026-03-02 16:18,C0044,lettuce,produce,1,2.60,2.60
T101175,2026-03-02 16:18,C0044,dish soap,household,1,4.70,4.70
T101177,2026-03-02 16:48,,red wine,beverage,1,16.00,16.00
T101177,2026-03-02 16:48,,peanuts,snack,1,4.80,4.80
T101177,2026-03-02 16:48,,croissant,bakery,3,1.80,5.40
T101177,2026-03-02 16:48,,sugar,grocery,1,3.20,3.20
T101173,2026-03-02 17:42,C0535,laundry detergent,household,3,14.20,42.60
T101173,2026-03-02 17:42,C0535,eggs,dairy,1,4.90,4.90
T101173,2026-03-02 17:42,C0535,paper towels,household,1,8.30,8.30
T101173,2026-03-02 17:42,C0535,toilet paper,household,1,11.90,11.90
T101173,2026-03-02 17:42,C0535,sugar,grocery,1,3.20,3.20
T101173,2026-03-02 17:42,C0535,dish soap,household,1,4.70,4.70
T101174,2026-03-02 17:44,C0612,salmon,fish,1,15.90,15.90
T101174,2026-03-02 17:44,C0612,frozen pizza,frozen,3,7.20,21.60
T101174,2026-03-02 17:44,C0612,paper towels,household,1,8.30,8.30
T101184,2026-03-02 18:18,C0654,baby wipes,baby,3,6.70,20.10
T101184,2026-03-02 18:18,C0654,beer,beverage,1,13.50,13.50
T101184,2026-03-02 18:18,C0654,salsa,grocery,1,3.90,3.90
T101184,2026-03-02 18:18,C0654,peanuts,snack,1,4.80,4.80
T101178,2026-03-02 18:38,C0748,laundry detergent,household,1,14.20,14.20
T101178,2026-03-02 18:38,C0748,pasta,grocery,1,2.30,2.30
T101178,2026-03-02 18:38,C0748,toilet paper,household,1,11.90,11.90
T101179,2026-03-02 18:43,C0360,frozen pizza,frozen,1,7.20,7.20
T101179,2026-03-02 18:43,C0360,apples,produce,1,4.30,4.30
T101179,2026-03-02 18:43,C0360,beer,beverage,1,13.50,13.50
T101179,2026-03-02 18:43,C0360,toilet paper,household,3,11.90,35.70
T101179,2026-03-02 18:43,C0360,baby formula,baby,2,28.50,57.00
T101179,2026-03-02 18:43,C0360,red wine,beverage,3,16.00,48.00
T101179,2026-03-02 18:43,C0360,diapers,baby,1,24.90,24.90
T101179,2026-03-02 18:43,C0360,trash bags,household,1,9.10,9.10
T101179,2026-03-02 18:43,C0360,ground beef,meat,1,9.40,9.40
T101183,2026-03-02 18:57,,tea,grocery,1,6.40,6.40
T101183,2026-03-02 18:57,,beer,beverage,2,13.50,27.00
T101183,2026-03-02 18:57,,peanuts,snack,1,4.80,4.80
T101171,2026-03-02 19:09,C0691,tortilla chips,snack,2,4.20,8.40
T101171,2026-03-02 19:09,C0691,conditioner,care,1,7.40,7.40
T101171,2026-03-02 19:09,C0691,shampoo,care,1,7.40,7.40
T101171,2026-03-02 19:09,C0691,shampoo,care,1,7.40,7.40
T101180,2026-03-02 19:38,,pasta,grocery,2,2.30,4.60
T101180,2026-03-02 19:38,,red wine,beverage,1,16.00,16.00
T101180,2026-03-02 19:38,,tomato sauce,grocery,1,3.60,3.60
T101180,2026-03-02 19:38,,coffee beans,grocery,1,12.50,12.50
T101180,2026-03-02 19:38,,parmesan,dairy,1,8.90,8.90
T101180,2026-03-02 19:38,,ground beef,meat,1,9.40,9.40
T101182,2026-03-02 20:47,,olive oil,grocery,3,11.20,33.60
T101182,2026-03-02 20:47,,strawberry jam,grocery,1,4.10,4.10
T101182,2026-03-02 20:47,,beer,beverage,1,13.50,13.50
T101182,2026-03-02 20:47,,toilet paper,household,1,11.90,11.90
T101182,2026-03-02 20:47,,parmesan,dairy,1,8.90,8.90
T101182,2026-03-02 20:47,,tomato sauce,grocery,1,3.60,3.60
T101182,2026-03-02 20:47,,pasta,grocery,1,2.30,2.30
T101181,2026-03-02 20:53,C0221,berries,produce,1,5.80,5.80
T101181,2026-03-02 20:53,C0221,coffee beans,grocery,2,12.50,25.00
T101181,2026-03-02 20:53,C0221,baby formula,baby,1,28.50,28.50
T101181,2026-03-02 20:53,C0221,trash bags,household,1,9.10,9.10
T101181,2026-03-02 20:53,C0221,milk 2%,dairy,1,3.80,3.80
T101193,2026-03-03 09:09,,laundry detergent,household,1,14.20,14.20
T101193,2026-03-03 09:09,,toilet paper,household,1,11.90,11.90
T101193,2026-03-03 09:09,,lettuce,produce,1,2.60,2.60
T101188,2026-03-03 09:11,,yogurt,dairy,1,4.60,4.60
T101188,2026-03-03 09:11,,granola,grocery,1,6.20,6.20
T101188,2026-03-03 09:11,,pasta,grocery,1,2.30,2.30
T101188,2026-03-03 09:11,,toilet paper,household,1,11.90,11.90
T101188,2026-03-03 09:11,,paper towels,household,1,8.30,8.30
T101188,2026-03-03 09:11,,orange juice,beverage,1,4.40,4.40
T101195,2026-03-03 09:23,,red wine,beverage,1,16.00,16.00
T101195,2026-03-03 09:23,,olive oil,grocery,1,11.20,11.20
T101195,2026-03-03 09:23,,lemon,produce,1,0.90,0.90
T101185,2026-03-03 09:35,C0698,red wine,beverage,1,16.00,16.00
T101185,2026-03-03 09:35,C0698,cucumber,produce,3,1.70,5.10
T101185,2026-03-03 09:35,C0698,eggs,dairy,1,4.90,4.90
T101185,2026-03-03 09:35,C0698,pasta,grocery,1,2.30,2.30
T101185,2026-03-03 09:35,C0698,toilet paper,household,1,11.90,11.90
T101185,2026-03-03 09:35,C0698,salmon,fish,1,15.90,15.90
T101189,2026-03-03 10:25,C0282,ice cream,frozen,1,6.50,6.50
T101189,2026-03-03 10:25,C0282,butter,dairy,2,5.20,10.40
T101189,2026-03-03 10:25,C0282,lettuce,produce,1,2.60,2.60
T101189,2026-03-03 10:25,C0282,conditioner,care,1,7.40,7.40
T101189,2026-03-03 10:25,C0282,shampoo,care,1,7.40,7.40
T101189,2026-03-03 10:25,C0282,shampoo,care,1,7.40,7.40
T101198,2026-03-03 10:26,,chocolate bar,snack,1,2.70,2.70
T101198,2026-03-03 10:26,,conditioner,care,1,7.40,7.40
T101198,2026-03-03 10:26,,shampoo,care,1,7.40,7.40
T101198,2026-03-03 10:26,,salsa,grocery,2,3.90,7.80
T101205,2026-03-03 10:57,,olive oil,grocery,1,11.20,11.20
T101205,2026-03-03 10:57,,tomato sauce,grocery,1,3.60,3.60
T101205,2026-03-03 10:57,,milk 2%,dairy,1,3.80,3.80
T101205,2026-03-03 10:57,,tea,grocery,1,6.40,6.40
T101205,2026-03-03 10:57,,red wine,beverage,1,16.00,16.00
T101205,2026-03-03 10:57,,pasta,grocery,1,2.30,2.30
T101205,2026-03-03 10:57,,eggs,dairy,1,4.90,4.90
T101190,2026-03-03 11:02,C0237,milk 2%,dairy,1,3.80,3.80
T101190,2026-03-03 11:02,C0237,coffee beans,grocery,1,12.50,12.50
T101190,2026-03-03 11:02,C0237,croissant,bakery,1,1.80,1.80
T101190,2026-03-03 11:02,C0237,trash bags,household,2,9.10,18.20
T101204,2026-03-03 11:36,,tomato sauce,grocery,1,3.60,3.60
T101204,2026-03-03 11:36,,laundry detergent,household,1,14.20,14.20
T101204,2026-03-03 11:36,,bananas,produce,1,2.10,2.10
T101204,2026-03-03 11:36,,strawberry jam,grocery,1,4.10,4.10
T101204,2026-03-03 11:36,,toilet paper,household,1,11.90,11.90
T101202,2026-03-03 12:03,C0896,avocado,produce,1,2.20,2.20
T101202,2026-03-03 12:03,C0896,milk 2%,dairy,2,3.80,7.60
T101202,2026-03-03 12:03,C0896,sparkling water,beverage,1,3.10,3.10
T101202,2026-03-03 12:03,C0896,chocolate bar,snack,3,2.70,8.10
T101202,2026-03-03 12:03,C0896,salsa,grocery,1,3.90,3.90
T101202,2026-03-03 12:03,C0896,baby formula,baby,1,28.50,28.50
T101191,2026-03-03 12:13,C0062,salsa,grocery,3,3.90,11.70
T101191,2026-03-03 12:13,C0062,pasta,grocery,1,2.30,2.30
T101191,2026-03-03 12:13,C0062,chocolate bar,snack,3,2.70,8.10
T101191,2026-03-03 12:13,C0062,beer,beverage,1,13.50,13.50
T101191,2026-03-03 12:13,C0062,eggs,dairy,1,4.90,4.90
T101191,2026-03-03 12:13,C0062,tortilla chips,snack,3,4.20,12.60
T101200,2026-03-03 12:22,C0322,milk 2%,dairy,1,3.80,3.80
T101200,2026-03-03 12:22,C0322,laundry detergent,household,1,14.20,14.20
T101200,2026-03-03 12:22,C0322,butter,dairy,1,5.20,5.20
T101200,2026-03-03 12:22,C0322,coffee beans,grocery,1,12.50,12.50
T101200,2026-03-03 12:22,C0322,croissant,bakery,1,1.80,1.80
T101200,2026-03-03 12:22,C0322,shampoo,care,1,7.40,7.40
T101200,2026-03-03 12:22,C0322,eggs,dairy,2,4.90,9.80
T101197,2026-03-03 12:29,C0440,peanuts,snack,1,4.80,4.80
T101197,2026-03-03 12:29,C0440,peanut butter,grocery,2,5.60,11.20
T101197,2026-03-03 12:29,C0440,milk 2%,dairy,3,3.80,11.40
T101197,2026-03-03 12:29,C0440,tortilla chips,snack,1,4.20,4.20
T101197,2026-03-03 12:29,C0440,beer,beverage,2,13.50,27.00
T101197,2026-03-03 12:29,C0440,chocolate bar,snack,2,2.70,5.40
T101186,2026-03-03 16:14,C0117,white bread,bakery,1,2.90,2.90
T101186,2026-03-03 16:14,C0117,parmesan,dairy,1,8.90,8.90
T101186,2026-03-03 16:14,C0117,chocolate bar,snack,1,2.70,2.70
T101186,2026-03-03 16:14,C0117,butter,dairy,1,5.20,5.20
T101186,2026-03-03 16:14,C0117,milk 2%,dairy,1,3.80,3.80
T101186,2026-03-03 16:14,C0117,eggs,dairy,1,4.90,4.90
T101186,2026-03-03 16:14,C0117,butter,dairy,1,5.20,5.20
T101201,2026-03-03 16:34,,peanuts,snack,2,4.80,9.60
T101201,2026-03-03 16:34,,paper towels,household,1,8.30,8.30
T101201,2026-03-03 16:34,,milk 2%,dairy,1,3.80,3.80
T101192,2026-03-03 16:39,,coffee beans,grocery,1,12.50,12.50
T101192,2026-03-03 16:39,,dish soap,household,1,4.70,4.70
T101192,2026-03-03 16:39,,shampoo,care,1,7.40,7.40
T101192,2026-03-03 16:39,,parmesan,dairy,1,8.90,8.90
T101192,2026-03-03 16:39,,toilet paper,household,1,11.90,11.90
T101203,2026-03-03 16:57,,granola,grocery,1,6.20,6.20
T101203,2026-03-03 16:57,,yogurt,dairy,1,4.60,4.60
T101187,2026-03-03 17:43,C0034,red wine,beverage,1,16.00,16.00
T101187,2026-03-03 17:43,C0034,berries,produce,2,5.80,11.60
T101187,2026-03-03 17:43,C0034,granola,grocery,1,6.20,6.20
T101187,2026-03-03 17:43,C0034,yogurt,dairy,1,4.60,4.60
T101187,2026-03-03 17:43,C0034,bananas,produce,1,2.10,2.10
T101194,2026-03-03 18:36,,salsa,grocery,1,3.90,3.90
T101194,2026-03-03 18:36,,beer,beverage,1,13.50,13.50
T101194,2026-03-03 18:36,,ground beef,meat,1,9.40,9.40
T101194,2026-03-03 18:36,,dish soap,household,1,4.70,4.70
T101196,2026-03-03 18:54,C0368,milk 2%,dairy,1,3.80,3.80
T101196,2026-03-03 18:54,C0368,baby formula,baby,1,28.50,28.50
T101196,2026-03-03 18:54,C0368,diapers,baby,1,24.90,24.90
T101196,2026-03-03 18:54,C0368,baby wipes,baby,1,6.70,6.70
T101196,2026-03-03 18:54,C0368,bananas,produce,3,2.10,6.30
T101196,2026-03-03 18:54,C0368,salmon,fish,1,15.90,15.90
T101199,2026-03-03 19:25,C0357,butter,dairy,1,5.20,5.20
T101199,2026-03-03 19:25,C0357,red wine,beverage,1,16.00,16.00
T101199,2026-03-03 19:25,C0357,peanuts,snack,1,4.80,4.80
T101199,2026-03-03 19:25,C0357,lettuce,produce,1,2.60,2.60
T101199,2026-03-03 19:25,C0357,yogurt,dairy,2,4.60,9.20
T101199,2026-03-03 19:25,C0357,granola,grocery,1,6.20,6.20
T101199,2026-03-03 19:25,C0357,berries,produce,1,5.80,5.80
T101208,2026-03-04 10:05,C0112,berries,produce,1,5.80,5.80
T101208,2026-03-04 10:05,C0112,red wine,beverage,1,16.00,16.00
T101208,2026-03-04 10:05,C0112,croissant,bakery,1,1.80,1.80
T101208,2026-03-04 10:05,C0112,baby wipes,baby,1,6.70,6.70
T101208,2026-03-04 10:05,C0112,granola,grocery,1,6.20,6.20
T101208,2026-03-04 10:05,C0112,yogurt,dairy,1,4.60,4.60
T101216,2026-03-04 10:15,,white bread,bakery,3,2.90,8.70
T101216,2026-03-04 10:15,,lettuce,produce,1,2.60,2.60
T101216,2026-03-04 10:15,,sparkling water,beverage,1,3.10,3.10
T101216,2026-03-04 10:15,,eggs,dairy,1,4.90,4.90
T101216,2026-03-04 10:15,,granola,grocery,1,6.20,6.20
T101216,2026-03-04 10:15,,strawberry jam,grocery,1,4.10,4.10
T101220,2026-03-04 11:08,C0434,shampoo,care,1,7.40,7.40
T101220,2026-03-04 11:08,C0434,olive oil,grocery,2,11.20,22.40
T101220,2026-03-04 11:08,C0434,eggs,dairy,1,4.90,4.90
T101220,2026-03-04 11:08,C0434,coffee beans,grocery,1,12.50,12.50
T101220,2026-03-04 11:08,C0434,lemon,produce,1,0.90,0.90
T101214,2026-03-04 11:22,C0779,baby formula,baby,3,28.50,85.50
T101214,2026-03-04 11:22,C0779,parmesan,dairy,1,8.90,8.90
T101214,2026-03-04 11:22,C0779,pasta,grocery,3,2.30,6.90
T101214,2026-03-04 11:22,C0779,tomato sauce,grocery,1,3.60,3.60
T101207,2026-03-04 11:29,C0739,butter,dairy,1,5.20,5.20
T101207,2026-03-04 11:29,C0739,chicken breast,meat,1,12.80,12.80
T101207,2026-03-04 11:29,C0739,pasta,grocery,1,2.30,2.30
T101207,2026-03-04 11:29,C0739,chocolate bar,snack,1,2.70,2.70
T101207,2026-03-04 11:29,C0739,diapers,baby,1,24.90,24.90
T101207,2026-03-04 11:29,C0739,apples,produce,3,4.30,12.90
T101222,2026-03-04 12:18,C0700,bananas,produce,1,2.10,2.10
T101222,2026-03-04 12:18,C0700,avocado,produce,2,2.20,4.40
T101222,2026-03-04 12:18,C0700,sugar,grocery,1,3.20,3.20
T101222,2026-03-04 12:18,C0700,milk 2%,dairy,1,3.80,3.80
T101222,2026-03-04 12:18,C0700,berries,produce,1,5.80,5.80
T101222,2026-03-04 12:18,C0700,beer,beverage,1,13.50,13.50
T101221,2026-03-04 12:25,C0119,peanuts,snack,1,4.80,4.80
T101221,2026-03-04 12:25,C0119,berries,produce,1,5.80,5.80
T101221,2026-03-04 12:25,C0119,yogurt,dairy,1,4.60,4.60
T101221,2026-03-04 12:25,C0119,bananas,produce,3,2.10,6.30
T101221,2026-03-04 12:25,C0119,paper towels,household,2,8.30,16.60
T101221,2026-03-04 12:25,C0119,granola,grocery,1,6.20,6.20
T101219,2026-03-04 12:47,,red wine,beverage,2,16.00,32.00
T101219,2026-03-04 12:47,,diapers,baby,1,24.90,24.90
T101219,2026-03-04 12:47,,chocolate bar,snack,1,2.70,2.70
T101219,2026-03-04 12:47,,olive oil,grocery,1,11.20,11.20
T101219,2026-03-04 12:47,,sparkling water,beverage,1,3.10,3.10
T101217,2026-03-04 16:00,C0831,laundry detergent,household,1,14.20,14.20
T101217,2026-03-04 16:00,C0831,lettuce,produce,1,2.60,2.60
T101217,2026-03-04 16:00,C0831,yogurt,dairy,1,4.60,4.60
T101217,2026-03-04 16:00,C0831,bananas,produce,1,2.10,2.10
T101211,2026-03-04 17:04,,coffee beans,grocery,1,12.50,12.50
T101211,2026-03-04 17:04,,granola,grocery,1,6.20,6.20
T101211,2026-03-04 17:04,,ground beef,meat,1,9.40,9.40
T101211,2026-03-04 17:04,,salmon,fish,1,15.90,15.90
T101211,2026-03-04 17:04,,yogurt,dairy,1,4.60,4.60
T101211,2026-03-04 17:04,,white bread,bakery,1,2.90,2.90
T101211,2026-03-04 17:04,,butter,dairy,2,5.20,10.40
T101210,2026-03-04 17:47,C0719,lemon,produce,1,0.90,0.90
T101210,2026-03-04 17:47,C0719,butter,dairy,1,5.20,5.20
T101210,2026-03-04 17:47,C0719,diapers,baby,1,24.90,24.90
T101210,2026-03-04 17:47,C0719,white bread,bakery,1,2.90,2.90
T101210,2026-03-04 17:47,C0719,tortilla chips,snack,1,4.20,4.20
T101210,2026-03-04 17:47,C0719,tea,grocery,1,6.40,6.40
T101210,2026-03-04 17:47,C0719,frozen pizza,frozen,1,7.20,7.20
T101210,2026-03-04 17:47,C0719,milk 2%,dairy,1,3.80,3.80
T101218,2026-03-04 18:14,,croissant,bakery,3,1.80,5.40
T101218,2026-03-04 18:14,,milk 2%,dairy,1,3.80,3.80
T101218,2026-03-04 18:14,,sugar,grocery,1,3.20,3.20
T101218,2026-03-04 18:14,,dish soap,household,1,4.70,4.70
T101218,2026-03-04 18:14,,coffee beans,grocery,1,12.50,12.50
T101218,2026-03-04 18:14,,avocado,produce,1,2.20,2.20
T101218,2026-03-04 18:14,,parmesan,dairy,2,8.90,17.80
T101213,2026-03-04 18:25,C0250,sugar,grocery,1,3.20,3.20
T101213,2026-03-04 18:25,C0250,croissant,bakery,1,1.80,1.80
T101213,2026-03-04 18:25,C0250,olive oil,grocery,2,11.20,22.40
T101213,2026-03-04 18:25,C0250,tortilla chips,snack,1,4.20,4.20
T101213,2026-03-04 18:25,C0250,berries,produce,3,5.80,17.40
T101213,2026-03-04 18:25,C0250,milk 2%,dairy,1,3.80,3.80
T101213,2026-03-04 18:25,C0250,coffee beans,grocery,1,12.50,12.50
T101215,2026-03-04 18:35,C0470,chicken breast,meat,2,12.80,25.60
T101215,2026-03-04 18:35,C0470,shampoo,care,1,7.40,7.40
T101209,2026-03-04 18:36,,baby formula,baby,1,28.50,28.50
T101209,2026-03-04 18:36,,diapers,baby,1,24.90,24.90
T101209,2026-03-04 18:36,,pasta,grocery,1,2.30,2.30
T101206,2026-03-04 19:16,,bananas,produce,1,2.10,2.10
T101206,2026-03-04 19:16,,yogurt,dairy,1,4.60,4.60
T101206,2026-03-04 19:16,,berries,produce,1,5.80,5.80
T101212,2026-03-04 19:20,C0624,yogurt,dairy,1,4.60,4.60
T101212,2026-03-04 19:20,C0624,coffee beans,grocery,2,12.50,25.00
T101212,2026-03-04 19:20,C0624,white bread,bakery,1,2.90,2.90
T101212,2026-03-04 19:20,C0624,eggs,dairy,1,4.90,4.90
T101212,2026-03-04 19:20,C0624,shampoo,care,1,7.40,7.40
T101212,2026-03-04 19:20,C0624,strawberry jam,grocery,1,4.10,4.10
T101212,2026-03-04 19:20,C0624,orange juice,beverage,3,4.40,13.20
T101223,2026-03-05 09:19,C0170,tortilla chips,snack,3,4.20,12.60
T101223,2026-03-05 09:19,C0170,white bread,bakery,1,2.90,2.90
T101223,2026-03-05 09:19,C0170,butter,dairy,1,5.20,5.20
T101234,2026-03-05 09:27,C0023,pasta,grocery,1,2.30,2.30
T101234,2026-03-05 09:27,C0023,chicken breast,meat,1,12.80,12.80
T101234,2026-03-05 09:27,C0023,lettuce,produce,1,2.60,2.60
T101234,2026-03-05 09:27,C0023,toothpaste,care,1,4.50,4.50
T101234,2026-03-05 09:27,C0023,paper towels,household,1,8.30,8.30
T101234,2026-03-05 09:27,C0023,shampoo,care,1,7.40,7.40
T101234,2026-03-05 09:27,C0023,conditioner,care,2,7.40,14.80
T101230,2026-03-05 09:53,C0013,tomato sauce,grocery,1,3.60,3.60
T101230,2026-03-05 09:53,C0013,chicken breast,meat,3,12.80,38.40
T101230,2026-03-05 09:53,C0013,red wine,beverage,1,16.00,16.00
T101230,2026-03-05 09:53,C0013,frozen pizza,frozen,1,7.20,7.20
T101226,2026-03-05 10:01,,paper towels,household,1,8.30,8.30
T101226,2026-03-05 10:01,,coffee beans,grocery,1,12.50,12.50
T101226,2026-03-05 10:01,,croissant,bakery,1,1.80,1.80
T101226,2026-03-05 10:01,,berries,produce,1,5.80,5.80
T101226,2026-03-05 10:01,,olive oil,grocery,1,11.20,11.20
T101227,2026-03-05 11:54,C0620,cucumber,produce,1,1.70,1.70
T101227,2026-03-05 11:54,C0620,sugar,grocery,1,3.20,3.20
T101227,2026-03-05 11:54,C0620,coffee beans,grocery,1,12.50,12.50
T101227,2026-03-05 11:54,C0620,white bread,bakery,1,2.90,2.90
T101227,2026-03-05 11:54,C0620,strawberry jam,grocery,1,4.10,4.10
T101227,2026-03-05 11:54,C0620,croissant,bakery,3,1.80,5.40
T101225,2026-03-05 16:42,C0373,baby wipes,baby,1,6.70,6.70
T101225,2026-03-05 16:42,C0373,bananas,produce,1,2.10,2.10
T101225,2026-03-05 16:42,C0373,yogurt,dairy,2,4.60,9.20
T101225,2026-03-05 16:42,C0373,granola,grocery,1,6.20,6.20
T101225,2026-03-05 16:42,C0373,strawberry jam,grocery,1,4.10,4.10
T101225,2026-03-05 16:42,C0373,toilet paper,household,1,11.90,11.90
T101232,2026-03-05 16:43,,whole wheat bread,bakery,1,3.40,3.40
T101232,2026-03-05 16:43,,olive oil,grocery,1,11.20,11.20
T101232,2026-03-05 16:43,,salmon,fish,1,15.90,15.90
T101232,2026-03-05 16:43,,frozen pizza,frozen,1,7.20,7.20
T101231,2026-03-05 16:57,,tea,grocery,1,6.40,6.40
T101231,2026-03-05 16:57,,butter,dairy,1,5.20,5.20
T101231,2026-03-05 16:57,,pasta,grocery,1,2.30,2.30
T101231,2026-03-05 16:57,,white bread,bakery,1,2.90,2.90
T101231,2026-03-05 16:57,,coffee beans,grocery,2,12.50,25.00
T101231,2026-03-05 16:57,,eggs,dairy,1,4.90,4.90
T101233,2026-03-05 17:18,,parmesan,dairy,1,8.90,8.90
T101233,2026-03-05 17:18,,tomato sauce,grocery,1,3.60,3.60
T101233,2026-03-05 17:18,,tomatoes,produce,1,3.90,3.90
T101233,2026-03-05 17:18,,olive oil,grocery,1,11.20,11.20
T101233,2026-03-05 17:18,,pasta,grocery,1,2.30,2.30
T101236,2026-03-05 17:42,C0289,white bread,bakery,1,2.90,2.90
T101236,2026-03-05 17:42,C0289,croissant,bakery,3,1.80,5.40
T101236,2026-03-05 17:42,C0289,butter,dairy,1,5.20,5.20
T101236,2026-03-05 17:42,C0289,apples,produce,1,4.30,4.30
T101236,2026-03-05 17:42,C0289,strawberry jam,grocery,1,4.10,4.10
T101236,2026-03-05 17:42,C0289,milk 2%,dairy,2,3.80,7.60
T101228,2026-03-05 18:19,C0858,cucumber,produce,1,1.70,1.70
T101228,2026-03-05 18:19,C0858,tomato sauce,grocery,1,3.60,3.60
T101228,2026-03-05 18:19,C0858,  pasta ,grocery,1,2.30,2.30
T101228,2026-03-05 18:19,C0858,parmesan,dairy,1,8.90,8.90
T101228,2026-03-05 18:19,C0858,chocolate bar,snack,1,2.70,2.70
T101228,2026-03-05 18:19,C0858,frozen pizza,frozen,1,7.20,7.20
T101228,2026-03-05 18:19,C0858,whole wheat bread,bakery,1,3.40,3.40
T101228,2026-03-05 18:19,C0858,peanut butter,grocery,2,5.60,11.20
T101229,2026-03-05 18:31,C0892,parmesan,dairy,1,8.90,8.90
T101229,2026-03-05 18:31,C0892,coffee beans,grocery,1,12.50,12.50
T101229,2026-03-05 18:31,C0892,conditioner,care,3,7.40,22.20
T101229,2026-03-05 18:31,C0892,toothpaste,care,1,4.50,4.50
T101235,2026-03-05 19:46,C0820,tortilla chips,snack,1,4.20,4.20
T101235,2026-03-05 19:46,C0820,chicken breast,meat,1,12.80,12.80
T101235,2026-03-05 19:46,C0820,beer,beverage,1,13.50,13.50
T101235,2026-03-05 19:46,C0820,frozen pizza,frozen,3,7.20,21.60
T101235,2026-03-05 19:46,C0820,bacon,meat,1,7.80,7.80
T101224,2026-03-05 19:50,,toothpaste,care,1,4.50,4.50
T101224,2026-03-05 19:50,,frozen pizza,frozen,1,7.20,7.20
T101224,2026-03-05 19:50,,bananas,produce,1,2.10,2.10
T101224,2026-03-05 19:50,,ice cream,frozen,2,6.50,13.00
T101224,2026-03-05 19:50,,granola,grocery,1,6.20,6.20
T101224,2026-03-05 19:50,,peanut butter,grocery,1,5.60,5.60
T101224,2026-03-05 19:50,,berries,produce,1,5.80,5.80
T101224,2026-03-05 19:50,,eggs,dairy,1,4.90,4.90
T101224,2026-03-05 19:50,,yogurt,dairy,1,4.60,4.60
T101224,2026-03-05 19:50,,chicken breast,meat,1,12.80,12.80
T101237,2026-03-06 11:08,,lemon,produce,1,0.90,0.90
T101237,2026-03-06 11:08,,trash bags,household,1,9.10,9.10
T101237,2026-03-06 11:08,,dish soap,household,1,4.70,4.70
T101237,2026-03-06 11:08,,toilet paper,household,1,11.90,11.90
T101237,2026-03-06 11:08,,parmesan,dairy,1,8.90,8.90
T101237,2026-03-06 11:08,,paper towels,household,1,8.30,8.30
T101254,2026-03-06 11:41,C0606,orange juice,beverage,1,4.40,4.40
T101254,2026-03-06 11:41,C0606,sparkling water,beverage,1,3.10,3.10
T101254,2026-03-06 11:41,C0606,olive oil,grocery,1,11.20,11.20
T101254,2026-03-06 11:41,C0606,berries,produce,1,5.80,5.80
T101254,2026-03-06 11:41,C0606,bananas,produce,1,2.10,2.10
T101249,2026-03-06 12:27,C0723,chocolate bar,snack,1,2.70,2.70
T101249,2026-03-06 12:27,C0723,bananas,produce,1,2.10,2.10
T101249,2026-03-06 12:27,C0723,olive oil,grocery,1,11.20,11.20
T101249,2026-03-06 12:27,C0723,trash bags,household,1,9.10,9.10
T101249,2026-03-06 12:27,C0723,salmon,fish,3,15.90,47.70
T101249,2026-03-06 12:27,C0723,cucumber,produce,1,1.70,1.70
T101249,2026-03-06 12:27,C0723,red wine,beverage,1,16.00,16.00
T101253,2026-03-06 12:44,C0506,baby wipes,baby,1,6.70,6.70
T101253,2026-03-06 12:44,C0506,cucumber,produce,1,1.70,1.70
T101253,2026-03-06 12:44,C0506,beer,beverage,1,13.50,13.50
T101253,2026-03-06 12:44,C0506,baby formula,baby,1,28.50,28.50
T101244,2026-03-06 13:50,,tomato sauce,grocery,2,3.60,7.20
T101244,2026-03-06 13:50,,laundry detergent,household,1,14.20,14.20
T101244,2026-03-06 13:50,,olive oil,grocery,1,11.20,11.20
T101244,2026-03-06 13:50,,red wine,beverage,1,16.00,16.00
T101244,2026-03-06 13:50,,parmesan,dairy,1,8.90,8.90
T101244,2026-03-06 13:50,,pasta,grocery,1,2.30,2.30
T101248,2026-03-06 16:20,C0322,olive oil,grocery,1,11.20,11.20
T101248,2026-03-06 16:20,C0322,salsa,grocery,1,3.90,3.90
T101257,2026-03-06 17:19,C0325,strawberry jam,grocery,1,4.10,4.10
T101257,2026-03-06 17:19,C0325,granola,grocery,1,6.20,6.20
T101246,2026-03-06 17:33,,toilet paper,household,1,11.90,11.90
T101246,2026-03-06 17:33,,chocolate bar,snack,1,2.70,2.70
T101246,2026-03-06 17:33,,beer,beverage,3,13.50,40.50
T101246,2026-03-06 17:33,,tortilla chips,snack,1,4.20,4.20
T101246,2026-03-06 17:33,,toothpaste,care,1,4.50,4.50
T101246,2026-03-06 17:33,,salsa,grocery,1,3.90,3.90
T101242,2026-03-06 18:08,C0787,sugar,grocery,1,3.20,3.20
T101242,2026-03-06 18:08,C0787,pasta,grocery,2,2.30,4.60
T101242,2026-03-06 18:08,C0787,parmesan,dairy,2,8.90,17.80
T101242,2026-03-06 18:08,C0787,red wine,beverage,1,16.00,16.00
T101242,2026-03-06 18:08,C0787,ground beef,meat,1,9.40,9.40
T101240,2026-03-06 18:09,,parmesan,dairy,2,8.90,17.80
T101240,2026-03-06 18:09,,shampoo,care,1,7.40,7.40
T101240,2026-03-06 18:09,,dish soap,household,1,4.70,4.70
T101240,2026-03-06 18:09,,tomato sauce,grocery,1,3.60,3.60
T101240,2026-03-06 18:09,,salmon,fish,1,15.90,15.90
T101240,2026-03-06 18:09,,diapers,baby,1,24.90,24.90
T101240,2026-03-06 18:09,,beer,beverage,1,13.50,13.50
T101240,2026-03-06 18:09,,baby wipes,baby,1,6.70,6.70
T101240,2026-03-06 18:09,,paper towels,household,1,8.30,8.30
T101261,2026-03-06 18:12,C0665,white bread,bakery,1,2.90,2.90
T101261,2026-03-06 18:12,C0665,conditioner,care,2,7.40,14.80
T101261,2026-03-06 18:12,C0665,butter,dairy,1,5.20,5.20
T101261,2026-03-06 18:12,C0665,orange juice,beverage,1,4.40,4.40
T101261,2026-03-06 18:12,C0665,sparkling water,beverage,3,3.10,9.30
T101261,2026-03-06 18:12,C0665,milk 2%,dairy,1,3.80,3.80
T101261,2026-03-06 18:12,C0665,ground beef,meat,1,9.40,9.40
T101239,2026-03-06 18:46,C0432,white bread,bakery,1,2.90,2.90
T101239,2026-03-06 18:46,C0432,lettuce,produce,3,2.60,7.80
T101239,2026-03-06 18:46,C0432,eggs,dairy,1,4.90,4.90
T101239,2026-03-06 18:46,C0432,butter,dairy,1,5.20,5.20
T101239,2026-03-06 18:46,C0432,toothpaste,care,2,4.50,9.00
T101239,2026-03-06 18:46,C0432,bacon,meat,1,7.80,7.80
T101239,2026-03-06 18:46,C0432,milk 2%,dairy,2,3.80,7.60
T101239,2026-03-06 18:46,C0432,coffee beans,grocery,1,12.50,12.50
T101239,2026-03-06 18:46,C0432,strawberry jam,grocery,1,4.10,4.10
T101250,2026-03-06 18:57,,milk 2%,dairy,1,3.80,3.80
T101250,2026-03-06 18:57,,coffee beans,grocery,1,12.50,12.50
T101250,2026-03-06 18:57,,white bread,bakery,1,2.90,2.90
T101250,2026-03-06 18:57,,strawberry jam,grocery,1,4.10,4.10
T101258,2026-03-06 18:57,,avocado,produce,1,2.20,2.20
T101258,2026-03-06 18:57,,strawberry jam,grocery,1,4.10,4.10
T101258,2026-03-06 18:57,,white bread,bakery,1,2.90,2.90
T101258,2026-03-06 18:57,,sparkling water,beverage,1,3.10,3.10
T101258,2026-03-06 18:57,,beer,beverage,1,13.50,13.50
T101258,2026-03-06 18:57,,eggs,dairy,1,4.90,4.90
T101258,2026-03-06 18:57,,frozen pizza,frozen,3,7.20,21.60
T101247,2026-03-06 19:10,,salsa,grocery,1,3.90,3.90
T101247,2026-03-06 19:10,,chocolate bar,snack,1,2.70,2.70
T101247,2026-03-06 19:10,,tortilla chips,snack,2,4.20,8.40
T101247,2026-03-06 19:10,,croissant,bakery,1,1.80,1.80
T101247,2026-03-06 19:10,,beer,beverage,1,13.50,13.50
T101262,2026-03-06 19:37,,baby wipes,baby,1,6.70,6.70
T101262,2026-03-06 19:37,,salmon,fish,1,15.90,15.90
T101262,2026-03-06 19:37,,milk 2%,dairy,1,3.80,3.80
T101262,2026-03-06 19:37,,avocado,produce,1,2.20,2.20
T101262,2026-03-06 19:37,,trash bags,household,1,9.10,9.10
T101262,2026-03-06 19:37,,lettuce,produce,1,2.60,2.60
T101255,2026-03-06 19:59,C0639,laundry detergent,household,3,14.20,42.60
T101255,2026-03-06 19:59,C0639,strawberry jam,grocery,1,4.10,4.10
T101255,2026-03-06 19:59,C0639,white bread,bakery,1,2.90,2.90
T101255,2026-03-06 19:59,C0639,chicken breast,meat,1,12.80,12.80
T101255,2026-03-06 19:59,C0639,cucumber,produce,2,1.70,3.40
T101251,2026-03-06 20:02,C0127,salmon,fish,3,15.90,47.70
T101251,2026-03-06 20:02,C0127,beer,beverage,1,13.50,13.50
T101251,2026-03-06 20:02,C0127,laundry detergent,household,3,14.20,42.60
T101241,2026-03-06 20:14,C0303,eggs,dairy,1,4.90,4.90
T101241,2026-03-06 20:14,C0303,chicken breast,meat,3,12.80,38.40
T101241,2026-03-06 20:14,C0303,bacon,meat,1,7.80,7.80
T101241,2026-03-06 20:14,C0303,milk 2%,dairy,3,3.80,11.40
T101241,2026-03-06 20:14,C0303,lemon,produce,3,0.90,2.70
T101241,2026-03-06 20:14,C0303,frozen pizza,frozen,2,7.20,14.40
T101241,2026-03-06 20:14,C0303,baby formula,baby,1,28.50,28.50
T101241,2026-03-06 20:14,C0303,butter,dairy,1,5.20,5.20
T101241,2026-03-06 20:14,C0303,strawberry jam,grocery,1,4.10,4.10
T101252,2026-03-06 20:16,,pasta,grocery,1,2.30,2.30
T101252,2026-03-06 20:16,,bacon,meat,1,7.80,7.80
T101252,2026-03-06 20:16,,salsa,grocery,1,3.90,3.90
T101252,2026-03-06 20:16,,parmesan,dairy,1,8.90,8.90
T101252,2026-03-06 20:16,,milk 2%,dairy,1,3.80,3.80
T101259,2026-03-06 20:20,C0717,avocado,produce,1,2.20,2.20
T101259,2026-03-06 20:20,C0717,ground beef,meat,1,9.40,9.40
T101259,2026-03-06 20:20,C0717,bananas,produce,1,2.10,2.10
T101259,2026-03-06 20:20,C0717,granola,grocery,1,6.20,6.20
T101259,2026-03-06 20:20,C0717,lettuce,produce,3,2.60,7.80
T101243,2026-03-06 20:25,C0864,coffee beans,grocery,1,12.50,12.50
T101243,2026-03-06 20:25,C0864,chocolate bar,snack,2,2.70,5.40
T101243,2026-03-06 20:25,C0864,milk 2%,dairy,1,3.80,3.80
T101238,2026-03-06 20:40,C0581,bananas,produce,1,2.10,2.10
T101238,2026-03-06 20:40,C0581,diapers,baby,3,24.90,74.70
T101238,2026-03-06 20:40,C0581,white bread,bakery,1,2.90,2.90
T101238,2026-03-06 20:40,C0581,berries,produce,1,5.80,5.80
T101238,2026-03-06 20:40,C0581,peanuts,snack,1,4.80,4.80
T101238,2026-03-06 20:40,C0581,avocado,produce,1,2.20,2.20
T101238,2026-03-06 20:40,C0581,yogurt,dairy,1,4.60,4.60
T101238,2026-03-06 20:40,C0581,salsa,grocery,1,3.90,3.90
T101238,2026-03-06 20:40,C0581,granola,grocery,1,6.20,6.20
T101260,2026-03-06 20:41,C0124,beer,beverage,1,13.50,13.50
T101260,2026-03-06 20:41,C0124,berries,produce,3,5.80,17.40
T101245,2026-03-06 20:48,C0687,toilet paper,household,1,11.90,11.90
T101245,2026-03-06 20:48,C0687,dish soap,household,1,4.70,4.70
T101245,2026-03-06 20:48,C0687,tomato sauce,grocery,1,3.60,3.60
T101245,2026-03-06 20:48,C0687,strawberry jam,grocery,1,4.10,4.10
T101245,2026-03-06 20:48,C0687,tea,grocery,1,6.40,6.40
T101245,2026-03-06 20:48,C0687,paper towels,household,1,8.30,8.30
T101271,2026-03-07 08:10,C0844,white bread,bakery,1,2.90,2.90
T101271,2026-03-07 08:10,C0844,trash bags,household,1,9.10,9.10
T101271,2026-03-07 08:10,C0844,dish soap,household,1,4.70,4.70
T101271,2026-03-07 08:10,C0844,conditioner,care,1,7.40,7.40
T101271,2026-03-07 08:10,C0844,paper towels,household,3,8.30,24.90
T101267,2026-03-07 09:05,C0717,lemon,produce,1,0.90,0.90
T101267,2026-03-07 09:05,C0717,yogurt,dairy,1,4.60,4.60
T101267,2026-03-07 09:05,C0717,lettuce,produce,1,2.60,2.60
T101267,2026-03-07 09:05,C0717,granola,grocery,1,6.20,6.20
T101267,2026-03-07 09:05,C0717,red wine,beverage,1,16.00,16.00
T101267,2026-03-07 09:05,C0717,berries,produce,3,5.80,17.40
T101275,2026-03-07 09:14,C0642,salsa,grocery,1,3.90,3.90
T101275,2026-03-07 09:14,C0642,chocolate bar,snack,1,2.70,2.70
T101275,2026-03-07 09:14,C0642,avocado,produce,1,2.20,2.20
T101275,2026-03-07 09:14,C0642,yogurt,dairy,1,4.60,4.60
T101275,2026-03-07 09:14,C0642,berries,produce,1,5.80,5.80
T101275,2026-03-07 09:14,C0642,tomato sauce,grocery,1,3.60,3.60
T101275,2026-03-07 09:14,C0642,granola,grocery,1,6.20,6.20
T101283,2026-03-07 11:22,C0589,chicken breast,meat,1,12.80,12.80
T101283,2026-03-07 11:22,C0589,ice cream,frozen,1,6.50,6.50
T101283,2026-03-07 11:22,C0589,salsa,grocery,2,3.90,7.80
T101283,2026-03-07 11:22,C0589,peanuts,snack,1,4.80,4.80
T101283,2026-03-07 11:22,C0589,bacon,meat,1,7.80,7.80
T101283,2026-03-07 11:22,C0589,whole wheat bread,bakery,1,3.40,3.40
T101283,2026-03-07 11:22,C0589,beer,beverage,2,13.50,27.00
T101278,2026-03-07 11:52,,pasta,grocery,1,2.30,2.30
T101278,2026-03-07 11:52,,eggs,dairy,1,4.90,4.90
T101278,2026-03-07 11:52,,tomato sauce,grocery,1,3.60,3.60
T101278,2026-03-07 11:52,,paper towels,household,1,8.30,8.30
T101293,2026-03-07 11:52,,trash bags,household,3,9.10,27.30
T101293,2026-03-07 11:52,,milk 2%,dairy,1,3.80,3.80
T101293,2026-03-07 11:52,,white bread,bakery,2,2.90,5.80
T101293,2026-03-07 11:52,,strawberry jam,grocery,3,4.10,12.30
T101293,2026-03-07 11:52,,coffee beans,grocery,1,12.50,12.50
T101274,2026-03-07 11:53,,salsa,grocery,1,3.90,3.90
T101274,2026-03-07 11:53,,chocolate bar,snack,1,2.70,2.70
T101274,2026-03-07 11:53,,dish soap,household,1,4.70,4.70
T101274,2026-03-07 11:53,,paper towels,household,1,8.30,8.30
T101274,2026-03-07 11:53,,lemon,produce,2,0.90,1.80
T101274,2026-03-07 11:53,,laundry detergent,household,1,14.20,14.20
T101263,2026-03-07 11:55,C0561,toothpaste,care,3,4.50,13.50
T101263,2026-03-07 11:55,C0561,shampoo,care,1,7.40,7.40
T101263,2026-03-07 11:55,C0561,diapers,baby,1,24.90,24.90
T101263,2026-03-07 11:55,C0561,lettuce,produce,1,2.60,2.60
T101295,2026-03-07 11:57,C0412,pasta,grocery,1,2.30,2.30
T101295,2026-03-07 11:57,C0412,ice cream,frozen,1,6.50,6.50
T101295,2026-03-07 11:57,C0412,ground beef,meat,1,9.40,9.40
T101295,2026-03-07 11:57,C0412,tea,grocery,1,6.40,6.40
T101295,2026-03-07 11:57,C0412,tomato sauce,grocery,3,3.60,10.80
T101285,2026-03-07 12:03,C0380,diapers,baby,1,24.90,24.90
T101285,2026-03-07 12:03,C0380,baby formula,baby,3,28.50,85.50
T101285,2026-03-07 12:03,C0380,avocado,produce,1,2.20,2.20
T101285,2026-03-07 12:03,C0380,baby wipes,baby,3,6.70,20.10
T101285,2026-03-07 12:03,C0380,croissant,bakery,1,1.80,1.80
T101269,2026-03-07 13:21,C0599,diapers,baby,1,24.90,24.90
T101269,2026-03-07 13:21,C0599,olive oil,grocery,1,11.20,11.20
T101269,2026-03-07 13:21,C0599,sugar,grocery,1,3.20,3.20
T101269,2026-03-07 13:21,C0599,avocado,produce,1,2.20,2.20
T101269,2026-03-07 13:21,C0599,salmon,fish,2,15.90,31.80
T101287,2026-03-07 13:41,,dish soap,household,1,4.70,4.70
T101287,2026-03-07 13:41,,toilet paper,household,1,11.90,11.90
T101287,2026-03-07 13:41,,tomato sauce,grocery,1,3.60,3.60
T101287,2026-03-07 13:41,,laundry detergent,household,2,14.20,28.40
T101287,2026-03-07 13:41,,red wine,beverage,1,16.00,16.00
T101287,2026-03-07 13:41,,paper towels,household,1,8.30,8.30
T101272,2026-03-07 16:00,C0571,orange juice,beverage,1,4.40,4.40
T101272,2026-03-07 16:00,C0571,milk 2%,dairy,3,3.80,11.40
T101272,2026-03-07 16:00,C0571,pasta,grocery,1,2.30,2.30
T101272,2026-03-07 16:00,C0571,tomato sauce,grocery,1,3.60,3.60
T101277,2026-03-07 16:58,,conditioner,care,2,7.40,14.80
T101277,2026-03-07 16:58,,cucumber,produce,2,1.70,3.40
T101277,2026-03-07 16:58,,red wine,beverage,1,16.00,16.00
T101277,2026-03-07 16:58,,paper towels,household,1,8.30,8.30
T101277,2026-03-07 16:58,,salmon,fish,1,15.90,15.90
T101268,2026-03-07 17:06,C0343,strawberry jam,grocery,3,4.10,12.30
T101268,2026-03-07 17:06,C0343,olive oil,grocery,1,11.20,11.20
T101268,2026-03-07 17:06,C0343,butter,dairy,1,5.20,5.20
T101268,2026-03-07 17:06,C0343,dish soap,household,1,4.70,4.70
T101268,2026-03-07 17:06,C0343,toothpaste,care,1,4.50,4.50
T101268,2026-03-07 17:06,C0343,pasta,grocery,3,2.30,6.90
T101270,2026-03-07 17:08,C0303,tortilla chips,snack,1,4.20,4.20
T101270,2026-03-07 17:08,C0303,toothpaste,care,1,4.50,4.50
T101270,2026-03-07 17:08,C0303,yogurt,dairy,1,4.60,4.60
T101270,2026-03-07 17:08,C0303,granola,grocery,1,6.20,6.20
T101270,2026-03-07 17:08,C0303,paper towels,household,1,8.30,8.30
T101270,2026-03-07 17:08,C0303,lemon,produce,3,0.90,2.70
T101270,2026-03-07 17:08,C0303,berries,produce,2,5.80,11.60
T101265,2026-03-07 17:17,C0185,butter,dairy,1,5.20,5.20
T101265,2026-03-07 17:17,C0185,strawberry jam,grocery,1,4.10,4.10
T101265,2026-03-07 17:17,C0185,white bread,bakery,1,2.90,2.90
T101265,2026-03-07 17:17,C0185,eggs,dairy,1,4.90,4.90
T101265,2026-03-07 17:17,C0185,chocolate bar,snack,1,2.70,2.70
T101284,2026-03-07 17:37,C0208,salsa,grocery,1,3.90,3.90
T101284,2026-03-07 17:37,C0208,bacon,meat,2,7.80,15.60
T101284,2026-03-07 17:37,C0208,butter,dairy,1,5.20,5.20
T101284,2026-03-07 17:37,C0208,white bread,bakery,1,2.90,2.90
T101284,2026-03-07 17:37,C0208,baby formula,baby,1,28.50,28.50
T101284,2026-03-07 17:37,C0208,strawberry jam,grocery,1,4.10,4.10
T101289,2026-03-07 17:37,C0730,toilet paper,household,1,11.90,11.90
T101289,2026-03-07 17:37,C0730,coffee beans,grocery,1,12.50,12.50
T101289,2026-03-07 17:37,C0730,butter,dairy,1,5.20,5.20
T101289,2026-03-07 17:37,C0730,whole wheat bread,bakery,1,3.40,3.40
T101289,2026-03-07 17:37,C0730,lettuce,produce,1,2.60,2.60
T101289,2026-03-07 17:37,C0730,strawberry jam,grocery,1,4.10,4.10
T101289,2026-03-07 17:37,C0730,milk 2%,dairy,1,3.80,3.80
T101289,2026-03-07 17:37,C0730,paper towels,household,1,8.30,8.30
T101289,2026-03-07 17:37,C0730,lemon,produce,1,0.90,0.90
T101289,2026-03-07 17:37,C0730,white bread,bakery,1,2.90,2.90
T101273,2026-03-07 17:47,,red wine,beverage,2,16.00,32.00
T101273,2026-03-07 17:47,,lettuce,produce,3,2.60,7.80
T101273,2026-03-07 17:47,,granola,grocery,1,6.20,6.20
T101273,2026-03-07 17:47,,berries,produce,1,5.80,5.80
T101273,2026-03-07 17:47,,avocado,produce,3,2.20,6.60
T101273,2026-03-07 17:47,,bananas,produce,1,2.10,2.10
T101273,2026-03-07 17:47,,yogurt,dairy,1,4.60,4.60
T101273,2026-03-07 17:47,,sugar,grocery,1,3.20,3.20
T101273,2026-03-07 17:47,,bananas,produce,1,2.10,2.10
T101290,2026-03-07 18:25,,parmesan,dairy,1,8.90,8.90
T101290,2026-03-07 18:25,,tomato sauce,grocery,1,3.60,3.60
T101290,2026-03-07 18:25,,ground beef,meat,3,9.40,28.20
T101290,2026-03-07 18:25,,dish soap,household,1,4.70,4.70
T101290,2026-03-07 18:25,,pasta,grocery,1,2.30,2.30
T101290,2026-03-07 18:25,,tortilla chips,snack,1,4.20,4.20
T101264,2026-03-07 18:33,,shampoo,care,2,7.40,14.80
T101264,2026-03-07 18:33,,yogurt,dairy,1,4.60,4.60
T101264,2026-03-07 18:33,,parmesan,dairy,2,8.90,17.80
T101264,2026-03-07 18:33,,granola,grocery,1,6.20,6.20
T101264,2026-03-07 18:33,,lettuce,produce,3,2.60,7.80
T101264,2026-03-07 18:33,,berries,produce,1,5.80,5.80
T101280,2026-03-07 18:43,,bananas,produce,1,2.10,2.10
T101280,2026-03-07 18:43,,yogurt,dairy,1,4.60,4.60
T101280,2026-03-07 18:43,,berries,produce,2,5.80,11.60
T101282,2026-03-07 19:04,C0592,yogurt,dairy,1,4.60,4.60
T101288,2026-03-07 19:13,C0367,apples,produce,1,4.30,4.30
T101288,2026-03-07 19:13,C0367,berries,produce,1,5.80,5.80
T101288,2026-03-07 19:13,C0367,lettuce,produce,3,2.60,7.80
T101288,2026-03-07 19:13,C0367,trash bags,household,1,9.10,9.10
T101288,2026-03-07 19:13,C0367,dish soap,household,1,4.70,4.70
T101288,2026-03-07 19:13,C0367,olive oil,grocery,1,11.20,11.20
T101288,2026-03-07 19:13,C0367,granola,grocery,1,6.20,6.20
T101288,2026-03-07 19:13,C0367,yogurt,dairy,1,4.60,4.60
T101288,2026-03-07 19:13,C0367,bananas,produce,1,2.10,2.10
T101288,2026-03-07 19:13,C0367,avocado,produce,1,2.20,2.20
T101266,2026-03-07 19:15,,paper towels,household,1,8.30,8.30
T101266,2026-03-07 19:15,,trash bags,household,1,9.10,9.10
T101286,2026-03-07 19:25,C0027,toilet paper,household,1,11.90,11.90
T101286,2026-03-07 19:25,C0027,whole wheat bread,bakery,1,3.40,3.40
T101286,2026-03-07 19:25,C0027,tomato sauce,grocery,2,3.60,7.20
T101286,2026-03-07 19:25,C0027,olive oil,grocery,1,11.20,11.20
T101286,2026-03-07 19:25,C0027,pasta,grocery,2,2.30,4.60
T101286,2026-03-07 19:25,C0027,parmesan,dairy,3,8.90,26.70
T101286,2026-03-07 19:25,C0027,berries,produce,1,5.80,5.80
T101291,2026-03-07 19:25,,baby formula,baby,1,28.50,28.50
T101291,2026-03-07 19:25,,salsa,grocery,1,3.90,3.90
T101291,2026-03-07 19:25,,olive oil,grocery,1,11.20,11.20
T101291,2026-03-07 19:25,,coffee beans,grocery,3,12.50,37.50
T101291,2026-03-07 19:25,,whole wheat bread,bakery,1,3.40,3.40
T101291,2026-03-07 19:25,,salsa,grocery,1,3.90,3.90
T101292,2026-03-07 19:39,,croissant,bakery,1,1.80,1.80
T101292,2026-03-07 19:39,,conditioner,care,3,7.40,22.20
T101292,2026-03-07 19:39,,coffee beans,grocery,2,12.50,25.00
T101292,2026-03-07 19:39,,milk 2%,dairy,1,3.80,3.80
T101292,2026-03-07 19:39,,olive oil,grocery,1,11.20,11.20
T101292,2026-03-07 19:39,,tomato sauce,grocery,3,3.60,10.80
T101276,2026-03-07 20:04,,paper towels,household,3,8.30,24.90
T101276,2026-03-07 20:04,,salmon,fish,2,15.90,31.80
T101276,2026-03-07 20:04,,chicken breast,meat,1,12.80,12.80
T101276,2026-03-07 20:04,,diapers,baby,2,24.90,49.80
T101276,2026-03-07 20:04,,peanuts,snack,1,4.80,4.80
T101276,2026-03-07 20:04,,parmesan,dairy,1,8.90,8.90
T101276,2026-03-07 20:04,,sparkling water,beverage,1,3.10,3.10
T101276,2026-03-07 20:04,,baby formula,baby,1,28.50,28.50
T101276,2026-03-07 20:04,,milk 2%,dairy,1,3.80,3.80
T101276,2026-03-07 20:04,,beer,beverage,1,13.50,13.50
T101279,2026-03-07 20:44,,parmesan,dairy,1,8.90,8.90
T101279,2026-03-07 20:44,,toothpaste,care,1,4.50,4.50
T101279,2026-03-07 20:44,,shampoo,care,1,7.40,7.40
T101281,2026-03-07 20:53,C0288,olive oil,grocery,1,11.20,11.20
T101281,2026-03-07 20:53,C0288,tomatoes,produce,1,3.90,3.90
T101281,2026-03-07 20:53,C0288,white bread,bakery,1,2.90,2.90
T101281,2026-03-07 20:53,C0288,butter,dairy,3,5.20,15.60
T101281,2026-03-07 20:53,C0288,red wine,beverage,1,16.00,16.00
T101281,2026-03-07 20:53,C0288,conditioner,care,1,7.40,7.40
T101294,2026-03-07 20:55,,peanuts,snack,1,4.80,4.80
T101294,2026-03-07 20:55,,tortilla chips,snack,1,4.20,4.20
T101294,2026-03-07 20:55,,tomato sauce,grocery,1,3.60,3.60
T101294,2026-03-07 20:55,,diapers,baby,1,24.90,24.90
T101294,2026-03-07 20:55,,olive oil,grocery,1,11.20,11.20
T101304,2026-03-08 09:02,C0870,shampoo,care,1,7.40,7.40
T101304,2026-03-08 09:02,C0870,conditioner,care,1,7.40,7.40
T101307,2026-03-08 09:07,C0253,lemon,produce,3,0.90,2.70
T101307,2026-03-08 09:07,C0253,salmon,fish,1,15.90,15.90
T101309,2026-03-08 12:00,,milk 2%,dairy,1,3.80,3.80
T101309,2026-03-08 12:00,,berries,produce,1,5.80,5.80
T101309,2026-03-08 12:00,,butter,dairy,1,5.20,5.20
T101309,2026-03-08 12:00,,strawberry jam,grocery,2,4.10,8.20
T101309,2026-03-08 12:00,,eggs,dairy,1,4.90,4.90
T101296,2026-03-08 12:45,C0869,red wine,beverage,1,16.00,16.00
T101296,2026-03-08 12:45,C0869,olive oil,grocery,1,11.20,11.20
T101296,2026-03-08 12:45,C0869,lemon,produce,1,0.90,0.90
T101308,2026-03-08 13:09,C0568,red wine,beverage,1,16.00,16.00
T101308,2026-03-08 13:09,C0568,beer,beverage,1,13.50,13.50
T101308,2026-03-08 13:09,C0568,eggs,dairy,1,4.90,4.90
T101308,2026-03-08 13:09,C0568,tortilla chips,snack,1,4.20,4.20
T101300,2026-03-08 13:54,,salsa,grocery,1,3.90,3.90
T101300,2026-03-08 13:54,,diapers,baby,1,24.90,24.90
T101300,2026-03-08 13:54,,tea,grocery,1,6.40,6.40
T101300,2026-03-08 13:54,,pasta,grocery,1,2.30,2.30
T101300,2026-03-08 13:54,,parmesan,dairy,1,8.90,8.90
T101300,2026-03-08 13:54,,red wine,beverage,1,16.00,16.00
T101300,2026-03-08 13:54,,ground beef,meat,1,9.40,9.40
T101306,2026-03-08 16:32,,milk 2%,dairy,1,3.80,3.80
T101306,2026-03-08 16:32,,salmon,fish,3,15.90,47.70
T101306,2026-03-08 16:32,,strawberry jam,grocery,1,4.10,4.10
T101306,2026-03-08 16:32,,eggs,dairy,1,4.90,4.90
T101306,2026-03-08 16:32,,white bread,bakery,1,2.90,2.90
T101299,2026-03-08 17:44,C0091,tortilla chips,snack,1,4.20,4.20
T101299,2026-03-08 17:44,C0091,parmesan,dairy,2,8.90,17.80
T101299,2026-03-08 17:44,C0091,toothpaste,care,1,4.50,4.50
T101299,2026-03-08 17:44,C0091,peanuts,snack,1,4.80,4.80
T101299,2026-03-08 17:44,C0091,salsa,grocery,1,3.90,3.90
T101299,2026-03-08 17:44,C0091,red wine,beverage,1,16.00,16.00
T101299,2026-03-08 17:44,C0091,beer,beverage,1,13.50,13.50
T101299,2026-03-08 17:44,C0091,parmesan,dairy,2,8.90,17.80
T101302,2026-03-08 17:58,C0715,salmon,fish,1,15.90,15.90
T101302,2026-03-08 17:58,C0715,salsa,grocery,1,3.90,3.90
T101302,2026-03-08 17:58,C0715,beer,beverage,1,13.50,13.50
T101302,2026-03-08 17:58,C0715,peanut butter,grocery,1,5.60,5.60
T101302,2026-03-08 17:58,C0715,peanuts,snack,3,4.80,14.40
T101302,2026-03-08 17:58,C0715,trash bags,household,1,9.10,9.10
T101303,2026-03-08 18:00,C0434,sugar,grocery,1,3.20,3.20
T101303,2026-03-08 18:00,C0434,milk 2%,dairy,1,3.80,3.80
T101303,2026-03-08 18:00,C0434,parmesan,dairy,1,8.90,8.90
T101303,2026-03-08 18:00,C0434,croissant,bakery,1,1.80,1.80
T101303,2026-03-08 18:00,C0434,coffee beans,grocery,2,12.50,25.00
T101301,2026-03-08 18:07,C0616,frozen pizza,frozen,1,7.20,7.20
T101301,2026-03-08 18:07,C0616,apples,produce,1,4.30,4.30
T101301,2026-03-08 18:07,C0616,pasta,grocery,1,2.30,2.30
T101301,2026-03-08 18:07,C0616,tomato sauce,grocery,1,3.60,3.60
T101301,2026-03-08 18:07,C0616,olive oil,grocery,1,11.20,11.20
T101301,2026-03-08 18:07,C0616,avocado,produce,1,2.20,2.20
T101301,2026-03-08 18:07,C0616,white bread,bakery,1,2.90,2.90
T101301,2026-03-08 18:07,C0616,parmesan,dairy,1,8.90,8.90
T101301,2026-03-08 18:07,C0616,tomatoes,produce,1,3.90,3.90
T101297,2026-03-08 18:43,,sugar,grocery,1,3.20,3.20
T101298,2026-03-08 20:45,C0340,coffee beans,grocery,1,12.50,12.50
T101298,2026-03-08 20:45,C0340,conditioner,care,1,7.40,7.40
T101298,2026-03-08 20:45,C0340,lemon,produce,1,0.90,0.90
T101298,2026-03-08 20:45,C0340,red wine,beverage,2,16.00,32.00
T101298,2026-03-08 20:45,C0340,toothpaste,care,1,4.50,4.50
T101298,2026-03-08 20:45,C0340,berries,produce,1,5.80,5.80
T101298,2026-03-08 20:45,C0340,butter,dairy,1,5.20,5.20
T101298,2026-03-08 20:45,C0340,croissant,bakery,2,1.80,3.60
T101305,2026-03-08 20:45,C0151,lemon,produce,1,0.90,0.90
T101305,2026-03-08 20:45,C0151,granola,grocery,1,6.20,6.20
T101305,2026-03-08 20:45,C0151,salmon,fish,1,15.90,15.90
T101319,2026-03-09 09:29,C0369,berries,produce,1,5.80,5.80
T101319,2026-03-09 09:29,C0369,chocolate bar,snack,1,2.70,2.70
T101319,2026-03-09 09:29,C0369,baby formula,baby,1,28.50,28.50
T101319,2026-03-09 09:29,C0369,granola,grocery,1,6.20,6.20
T101319,2026-03-09 09:29,C0369,yogurt,dairy,1,4.60,4.60
T101318,2026-03-09 11:27,,toilet paper,household,1,11.90,11.90
T101318,2026-03-09 11:27,,apples,produce,1,4.30,4.30
T101318,2026-03-09 11:27,,dish soap,household,1,4.70,4.70
T101318,2026-03-09 11:27,,laundry detergent,household,1,14.20,14.20
T101318,2026-03-09 11:27,,paper towels,household,1,8.30,8.30
T101318,2026-03-09 11:27,,sugar,grocery,1,3.20,3.20
T101318,2026-03-09 11:27,,apples,produce,1,4.30,4.30
T101323,2026-03-09 11:30,C0264,sugar,grocery,1,3.20,3.20
T101323,2026-03-09 11:30,C0264,coffee beans,grocery,2,12.50,25.00
T101323,2026-03-09 11:30,C0264,milk 2%,dairy,1,3.80,3.80
T101323,2026-03-09 11:30,C0264,trash bags,household,1,9.10,9.10
T101323,2026-03-09 11:30,C0264,salsa,grocery,1,3.90,3.90
T101317,2026-03-09 11:40,C0848,bacon,meat,1,7.80,7.80
T101317,2026-03-09 11:40,C0848,laundry detergent,household,1,14.20,14.20
T101317,2026-03-09 11:40,C0848,pasta,grocery,1,2.30,2.30
T101317,2026-03-09 11:40,C0848,white bread,bakery,1,2.90,2.90
T101315,2026-03-09 12:31,,diapers,baby,2,24.90,49.80
T101315,2026-03-09 12:31,,conditioner,care,1,7.40,7.40
T101315,2026-03-09 12:31,,yogurt,dairy,1,4.60,4.60
T101315,2026-03-09 12:31,,avocado,produce,1,2.20,2.20
T101315,2026-03-09 12:31,,granola,grocery,1,6.20,6.20
T101315,2026-03-09 12:31,,salmon,fish,3,15.90,47.70
T101315,2026-03-09 12:31,,chocolate bar,snack,1,2.70,2.70
T101315,2026-03-09 12:31,,lettuce,produce,1,2.60,2.60
T101324,2026-03-09 16:15,C0864,pasta,grocery,2,2.30,4.60
T101324,2026-03-09 16:15,C0864,red wine,beverage,1,16.00,16.00
T101324,2026-03-09 16:15,C0864,tomato sauce,grocery,1,3.60,3.60
T101324,2026-03-09 16:15,C0864,salsa,grocery,2,3.90,7.80
T101326,2026-03-09 17:17,,parmesan,dairy,1,8.90,8.90
T101326,2026-03-09 17:17,,milk 2%,dairy,1,3.80,3.80
T101326,2026-03-09 17:17,,baby formula,baby,1,28.50,28.50
T101326,2026-03-09 17:17,,pasta,grocery,1,2.30,2.30
T101326,2026-03-09 17:17,,dish soap,household,1,4.70,4.70
T101326,2026-03-09 17:17,,frozen pizza,frozen,1,7.20,7.20
T101326,2026-03-09 17:17,,toothpaste,care,1,4.50,4.50
T101321,2026-03-09 17:30,C0474,olive oil,grocery,1,11.20,11.20
T101321,2026-03-09 17:30,C0474,whole wheat bread,bakery,1,3.40,3.40
T101321,2026-03-09 17:30,C0474,parmesan,dairy,1,8.90,8.90
T101321,2026-03-09 17:30,C0474,berries,produce,1,5.80,5.80
T101321,2026-03-09 17:30,C0474,salmon,fish,1,15.90,15.90
T101321,2026-03-09 17:30,C0474,lemon,produce,1,0.90,0.90
T101316,2026-03-09 18:21,C0187,lettuce,produce,1,2.60,2.60
T101316,2026-03-09 18:21,C0187,bananas,produce,1,2.10,2.10
T101316,2026-03-09 18:21,C0187,chicken breast,meat,1,12.80,12.80
T101316,2026-03-09 18:21,C0187,berries,produce,1,5.80,5.80
T101316,2026-03-09 18:21,C0187,granola,grocery,1,6.20,6.20
T101311,2026-03-09 18:51,C0376,sparkling water,beverage,1,3.10,3.10
T101311,2026-03-09 18:51,C0376,butter,dairy,1,5.20,5.20
T101311,2026-03-09 18:51,C0376,white bread,bakery,1,2.90,2.90
T101311,2026-03-09 18:51,C0376,eggs,dairy,3,4.90,14.70
T101314,2026-03-09 19:12,,dish soap,household,3,4.70,14.10
T101314,2026-03-09 19:12,,shampoo,care,2,7.40,14.80
T101314,2026-03-09 19:12,,sugar,grocery,1,3.20,3.20
T101314,2026-03-09 19:12,,coffee beans,grocery,1,12.50,12.50
T101312,2026-03-09 19:28,,milk 2%,dairy,2,3.80,7.60
T101312,2026-03-09 19:28,,coffee beans,grocery,1,12.50,12.50
T101312,2026-03-09 19:28,,chocolate bar,snack,1,2.70,2.70
T101312,2026-03-09 19:28,,salsa,grocery,3,3.90,11.70
T101312,2026-03-09 19:28,,pasta,grocery,1,2.30,2.30
T101312,2026-03-09 19:28,,sugar,grocery,1,3.20,3.20
T101312,2026-03-09 19:28,,bananas,produce,3,2.10,6.30
T101322,2026-03-09 19:32,C0060,granola,grocery,1,6.20,6.20
T101322,2026-03-09 19:32,C0060,yogurt,dairy,1,4.60,4.60
T101322,2026-03-09 19:32,C0060,lemon,produce,1,0.90,0.90
T101325,2026-03-09 19:40,C0468,tomato sauce,grocery,1,3.60,3.60
T101325,2026-03-09 19:40,C0468,sparkling water,beverage,1,3.10,3.10
T101325,2026-03-09 19:40,C0468,toilet paper,household,3,11.90,35.70
T101325,2026-03-09 19:40,C0468,olive oil,grocery,1,11.20,11.20
T101325,2026-03-09 19:40,C0468,pasta,grocery,1,2.30,2.30
T101325,2026-03-09 19:40,C0468,toilet paper,household,3,11.90,35.70
T101320,2026-03-09 19:49,C0840,lettuce,produce,1,2.60,2.60
T101320,2026-03-09 19:49,C0840,ice cream,frozen,1,6.50,6.50
T101320,2026-03-09 19:49,C0840,whole wheat bread,bakery,2,3.40,6.80
T101320,2026-03-09 19:49,C0840,pasta,grocery,1,2.30,2.30
T101310,2026-03-09 20:15,C0275,tortilla chips,snack,1,4.20,4.20
T101310,2026-03-09 20:15,C0275,conditioner,care,1,7.40,7.40
T101310,2026-03-09 20:15,C0275,strawberry jam,grocery,2,4.10,8.20
T101310,2026-03-09 20:15,C0275,cucumber,produce,1,1.70,1.70
T101310,2026-03-09 20:15,C0275,whole wheat bread,bakery,3,3.40,10.20
T101313,2026-03-09 20:27,C0862,toothpaste,care,1,4.50,4.50
T101313,2026-03-09 20:27,C0862,olive oil,grocery,1,11.20,11.20
T101348,2026-03-10 09:58,C0880,paper towels,household,1,8.30,8.30
T101348,2026-03-10 09:58,C0880,croissant,bakery,1,1.80,1.80
T101348,2026-03-10 09:58,C0880,laundry detergent,household,1,14.20,14.20
T101341,2026-03-10 10:05,C0018,ice cream,frozen,1,6.50,6.50
T101341,2026-03-10 10:05,C0018,salsa,grocery,2,3.90,7.80
T101341,2026-03-10 10:05,C0018,trash bags,household,1,9.10,9.10
T101341,2026-03-10 10:05,C0018,chocolate bar,snack,2,2.70,5.40
T101341,2026-03-10 10:05,C0018,butter,dairy,1,5.20,5.20
T101341,2026-03-10 10:05,C0018,beer,beverage,3,13.50,40.50
T101349,2026-03-10 10:17,C0411,pasta,grocery,1,2.30,2.30
T101349,2026-03-10 10:17,C0411,dish soap,household,1,4.70,4.70
T101349,2026-03-10 10:17,C0411,tomato sauce,grocery,1,3.60,3.60
T101349,2026-03-10 10:17,C0411,salmon,fish,1,15.90,15.90
T101349,2026-03-10 10:17,C0411,ice cream,frozen,1,6.50,6.50
T101349,2026-03-10 10:17,C0411,ground beef,meat,1,9.40,9.40
T101329,2026-03-10 11:15,C0689,peanuts,snack,1,4.80,4.80
T101329,2026-03-10 11:15,C0689,toothpaste,care,1,4.50,4.50
T101329,2026-03-10 11:15,C0689,beer,beverage,1,13.50,13.50
T101329,2026-03-10 11:15,C0689,chocolate bar,snack,2,2.70,5.40
T101329,2026-03-10 11:15,C0689,berries,produce,1,5.80,5.80
T101336,2026-03-10 11:18,C0816,beer,beverage,3,13.50,40.50
T101336,2026-03-10 11:18,C0816,peanuts,snack,2,4.80,9.60
T101336,2026-03-10 11:18,C0816,chocolate bar,snack,2,2.70,5.40
T101336,2026-03-10 11:18,C0816,tortilla chips,snack,3,4.20,12.60
T101343,2026-03-10 11:34,C0830,salmon,fish,3,15.90,47.70
T101343,2026-03-10 11:34,C0830,dish soap,household,3,4.70,14.10
T101343,2026-03-10 11:34,C0830,baby wipes,baby,2,6.70,13.40
T101343,2026-03-10 11:34,C0830,lemon,produce,1,0.90,0.90
T101343,2026-03-10 11:34,C0830,olive oil,grocery,1,11.20,11.20
T101337,2026-03-10 12:01,C0284,pasta,grocery,1,2.30,2.30
T101337,2026-03-10 12:01,C0284,lemon,produce,1,0.90,0.90
T101344,2026-03-10 12:38,C0850,pasta,grocery,1,2.30,2.30
T101344,2026-03-10 12:38,C0850,strawberry jam,grocery,1,4.10,4.10
T101344,2026-03-10 12:38,C0850,tea,grocery,1,6.40,6.40
T101344,2026-03-10 12:38,C0850,tomato sauce,grocery,1,3.60,3.60
T101346,2026-03-10 12:50,C0225,tomato sauce,grocery,1,3.60,3.60
T101328,2026-03-10 12:55,C0591,sparkling water,beverage,1,3.10,3.10
T101328,2026-03-10 12:55,C0591,coffee beans,grocery,2,12.50,25.00
T101334,2026-03-10 13:19,C0748,coffee beans,grocery,1,12.50,12.50
T101334,2026-03-10 13:19,C0748,chocolate bar,snack,1,2.70,2.70
T101334,2026-03-10 13:19,C0748,sugar,grocery,3,3.20,9.60
T101334,2026-03-10 13:19,C0748,peanuts,snack,1,4.80,4.80
T101330,2026-03-10 16:40,,cucumber,produce,1,1.70,1.70
T101330,2026-03-10 16:40,,strawberry jam,grocery,1,4.10,4.10
T101330,2026-03-10 16:40,,yogurt,dairy,1,4.60,4.60
T101330,2026-03-10 16:40,,bananas,produce,1,2.10,2.10
T101330,2026-03-10 16:40,,white bread,bakery,1,2.90,2.90
T101330,2026-03-10 16:40,,granola,grocery,1,6.20,6.20
T101330,2026-03-10 16:40,,ice cream,frozen,1,6.50,6.50
T101330,2026-03-10 16:40,,whole wheat bread,bakery,1,3.40,3.40
T101335,2026-03-10 17:00,C0409,whole wheat bread,bakery,1,3.40,3.40
T101335,2026-03-10 17:00,C0409,baby wipes,baby,1,6.70,6.70
T101335,2026-03-10 17:00,C0409,bananas,produce,1,2.10,2.10
T101342,2026-03-10 17:17,,ice cream,frozen,1,6.50,6.50
T101342,2026-03-10 17:17,,tomato sauce,grocery,1,3.60,3.60
T101342,2026-03-10 17:17,,ground beef,meat,3,9.40,28.20
T101342,2026-03-10 17:17,,white bread,bakery,1,2.90,2.90
T101342,2026-03-10 17:17,,butter,dairy,1,5.20,5.20
T101340,2026-03-10 17:28,C0352,avocado,produce,1,2.20,2.20
T101340,2026-03-10 17:28,C0352,whole wheat bread,bakery,1,3.40,3.40
T101340,2026-03-10 17:28,C0352,yogurt,dairy,1,4.60,4.60
T101340,2026-03-10 17:28,C0352,granola,grocery,1,6.20,6.20
T101340,2026-03-10 17:28,C0352,berries,produce,1,5.80,5.80
T101340,2026-03-10 17:28,C0352,lemon,produce,2,0.90,1.80
T101340,2026-03-10 17:28,C0352,chocolate bar,snack,1,2.70,2.70
T101340,2026-03-10 17:28,C0352,baby wipes,baby,2,6.70,13.40
T101338,2026-03-10 17:44,C0310,butter,dairy,1,5.20,5.20
T101338,2026-03-10 17:44,C0310,white bread,bakery,1,2.90,2.90
T101338,2026-03-10 17:44,C0310,toothpaste,care,1,4.50,4.50
T101338,2026-03-10 17:44,C0310,dish soap,household,1,4.70,4.70
T101338,2026-03-10 17:44,C0310,milk 2%,dairy,1,3.80,3.80
T101347,2026-03-10 17:54,C0650,granola,grocery,1,6.20,6.20
T101347,2026-03-10 17:54,C0650,parmesan,dairy,1,8.90,8.90
T101347,2026-03-10 17:54,C0650,bananas,produce,1,2.10,2.10
T101347,2026-03-10 17:54,C0650,avocado,produce,1,2.20,2.20
T101347,2026-03-10 17:54,C0650,yogurt,dairy,1,4.60,4.60
T101331,2026-03-10 18:25,C0570,whole wheat bread,bakery,1,3.40,3.40
T101331,2026-03-10 18:25,C0570,granola,grocery,3,6.20,18.60
T101331,2026-03-10 18:25,C0570,lemon,produce,1,0.90,0.90
T101331,2026-03-10 18:25,C0570,baby wipes,baby,1,6.70,6.70
T101331,2026-03-10 18:25,C0570,diapers,baby,3,24.90,74.70
T101332,2026-03-10 18:50,C0679,bananas,produce,1,2.10,2.10
T101332,2026-03-10 18:50,C0679,granola,grocery,3,6.20,18.60
T101332,2026-03-10 18:50,C0679,butter,dairy,1,5.20,5.20
T101332,2026-03-10 18:50,C0679,yogurt,dairy,1,4.60,4.60
T101332,2026-03-10 18:50,C0679,avocado,produce,1,2.20,2.20
T101345,2026-03-10 18:51,,lettuce,produce,1,2.60,2.60
T101345,2026-03-10 18:51,,peanut butter,grocery,1,5.60,5.60
T101345,2026-03-10 18:51,,diapers,baby,1,24.90,24.90
T101345,2026-03-10 18:51,,salsa,grocery,1,3.90,3.90
T101345,2026-03-10 18:51,,granola,grocery,3,6.20,18.60
T101345,2026-03-10 18:51,,berries,produce,1,5.80,5.80
T101339,2026-03-10 19:04,,shampoo,care,2,7.40,14.80
T101339,2026-03-10 19:04,,red wine,beverage,1,16.00,16.00
T101339,2026-03-10 19:04,,croissant,bakery,1,1.80,1.80
T101339,2026-03-10 19:04,,white bread,bakery,1,2.90,2.90
T101339,2026-03-10 19:04,,milk 2%,dairy,1,3.80,3.80
T101339,2026-03-10 19:04,,coffee beans,grocery,1,12.50,12.50
T101339,2026-03-10 19:04,,salmon,fish,1,15.90,15.90
T101327,2026-03-10 19:21,C0316,baby formula,baby,1,28.50,28.50
T101327,2026-03-10 19:21,C0316,parmesan,dairy,1,8.90,8.90
T101333,2026-03-10 20:26,C0029,white bread,bakery,1,2.90,2.90
T101333,2026-03-10 20:26,C0029,coffee beans,grocery,2,12.50,25.00
T101333,2026-03-10 20:26,C0029,strawberry jam,grocery,1,4.10,4.10
T101333,2026-03-10 20:26,C0029,butter,dairy,1,5.20,5.20
T101333,2026-03-10 20:26,C0029,chocolate bar,snack,1,2.70,2.70
T101356,2026-03-11 08:08,,lemon,produce,1,0.90,0.90
T101356,2026-03-11 08:08,,lettuce,produce,1,2.60,2.60
T101356,2026-03-11 08:08,,salmon,fish,1,15.90,15.90
T101356,2026-03-11 08:08,,olive oil,grocery,3,11.20,33.60
T101356,2026-03-11 08:08,,bananas,produce,1,2.10,2.10
T101356,2026-03-11 08:08,,bacon,meat,1,7.80,7.80
T101356,2026-03-11 08:08,,strawberry jam,grocery,1,4.10,4.10
T101356,2026-03-11 08:08,,red wine,beverage,1,16.00,16.00
T101369,2026-03-11 09:42,C0788,yogurt,dairy,1,4.60,4.60
T101369,2026-03-11 09:42,C0788,croissant,bakery,1,1.80,1.80
T101369,2026-03-11 09:42,C0788,bananas,produce,1,2.10,2.10
T101369,2026-03-11 09:42,C0788,paper towels,household,1,8.30,8.30
T101369,2026-03-11 09:42,C0788,tea,grocery,3,6.40,19.20
T101357,2026-03-11 09:44,C0377,butter,dairy,3,5.20,15.60
T101357,2026-03-11 09:44,C0377,olive oil,grocery,1,11.20,11.20
T101357,2026-03-11 09:44,C0377,coffee beans,grocery,1,12.50,12.50
T101357,2026-03-11 09:44,C0377,avocado,produce,1,2.20,2.20
T101357,2026-03-11 09:44,C0377,chicken breast,meat,1,12.80,12.80
T101359,2026-03-11 09:50,C0516,avocado,produce,1,2.20,2.20
T101359,2026-03-11 09:50,C0516,white bread,bakery,1,2.90,2.90
T101359,2026-03-11 09:50,C0516,yogurt,dairy,3,4.60,13.80
T101359,2026-03-11 09:50,C0516,toilet paper,household,1,11.90,11.90
T101359,2026-03-11 09:50,C0516,berries,produce,1,5.80,5.80
T101359,2026-03-11 09:50,C0516,ice cream,frozen,1,6.50,6.50
T101364,2026-03-11 11:38,C0720,butter,dairy,1,5.20,5.20
T101364,2026-03-11 11:38,C0720,berries,produce,1,5.80,5.80
T101364,2026-03-11 11:38,C0720,peanuts,snack,1,4.80,4.80
T101364,2026-03-11 11:38,C0720,conditioner,care,1,7.40,7.40
T101352,2026-03-11 12:43,,tea,grocery,3,6.40,19.20
T101352,2026-03-11 12:43,,orange juice,beverage,3,4.40,13.20
T101352,2026-03-11 12:43,,strawberry jam,grocery,3,4.10,12.30
T101352,2026-03-11 12:43,,butter,dairy,1,5.20,5.20
T101368,2026-03-11 12:59,C0038,butter,dairy,1,5.20,5.20
T101368,2026-03-11 12:59,C0038,toothpaste,care,3,4.50,13.50
T101368,2026-03-11 12:59,C0038,lettuce,produce,1,2.60,2.60
T101368,2026-03-11 12:59,C0038,tea,grocery,1,6.40,6.40
T101368,2026-03-11 12:59,C0038,strawberry jam,grocery,3,4.10,12.30
T101368,2026-03-11 12:59,C0038,peanut butter,grocery,1,5.60,5.60
T101368,2026-03-11 12:59,C0038,milk 2%,dairy,1,3.80,3.80
T101368,2026-03-11 12:59,C0038,white bread,bakery,1,2.90,2.90
T101368,2026-03-11 12:59,C0038,berries,produce,2,5.80,11.60
T101368,2026-03-11 12:59,C0038,lemon,produce,1,0.90,0.90
T101354,2026-03-11 13:25,C0103,dish soap,household,1,4.70,4.70
T101354,2026-03-11 13:25,C0103,trash bags,household,1,9.10,9.10
T101354,2026-03-11 13:25,C0103,diapers,baby,1,24.90,24.90
T101354,2026-03-11 13:25,C0103,toilet paper,household,1,11.90,11.90
T101354,2026-03-11 13:25,C0103,lettuce,produce,1,2.60,2.60
T101354,2026-03-11 13:25,C0103,paper towels,household,1,8.30,8.30
T101354,2026-03-11 13:25,C0103,laundry detergent,household,1,14.20,14.20
T101358,2026-03-11 13:28,,coffee beans,grocery,2,12.50,25.00
T101358,2026-03-11 13:28,,salmon,fish,2,15.90,31.80
T101358,2026-03-11 13:28,,lemon,produce,1,0.90,0.90
T101358,2026-03-11 13:28,,shampoo,care,1,7.40,7.40
T101358,2026-03-11 13:28,,parmesan,dairy,3,8.90,26.70
T101358,2026-03-11 13:28,,white bread,bakery,1,2.90,2.90
T101358,2026-03-11 13:28,,toilet paper,household,3,11.90,35.70
T101358,2026-03-11 13:28,,butter,dairy,1,5.20,5.20
T101358,2026-03-11 13:28,,beer,beverage,1,13.50,13.50
T101361,2026-03-11 16:58,C0034,toothpaste,care,1,4.50,4.50
T101361,2026-03-11 16:58,C0034,tortilla chips,snack,1,4.20,4.20
T101361,2026-03-11 16:58,C0034,paper towels,household,1,8.30,8.30
T101361,2026-03-11 16:58,C0034,eggs,dairy,1,4.90,4.90
T101361,2026-03-11 16:58,C0034,red wine,beverage,1,16.00,16.00
T101361,2026-03-11 16:58,C0034,strawberry jam,grocery,1,4.10,4.10
T101361,2026-03-11 16:58,C0034,beer,beverage,2,13.50,27.00
T101366,2026-03-11 17:10,,coffee beans,grocery,1,12.50,12.50
T101366,2026-03-11 17:10,,white bread,bakery,1,2.90,2.90
T101370,2026-03-11 18:10,C0548,croissant,bakery,1,1.80,1.80
T101370,2026-03-11 18:10,C0548,bananas,produce,3,2.10,6.30
T101370,2026-03-11 18:10,C0548,tomatoes,produce,1,3.90,3.90
T101370,2026-03-11 18:10,C0548,berries,produce,1,5.80,5.80
T101370,2026-03-11 18:10,C0548,yogurt,dairy,3,4.60,13.80
T101370,2026-03-11 18:10,C0548,avocado,produce,1,2.20,2.20
T101370,2026-03-11 18:10,C0548,lemon,produce,1,0.90,0.90
T101370,2026-03-11 18:10,C0548,toothpaste,care,2,4.50,9.00
T101370,2026-03-11 18:10,C0548,eggs,dairy,3,4.90,14.70
T101370,2026-03-11 18:10,C0548,granola,grocery,1,6.20,6.20
T101350,2026-03-11 18:17,C0849,tortilla chips,snack,1,4.20,4.20
T101350,2026-03-11 18:17,C0849,toilet paper,household,1,11.90,11.90
T101350,2026-03-11 18:17,C0849,salsa,grocery,1,3.90,3.90
T101350,2026-03-11 18:17,C0849,peanuts,snack,1,4.80,4.80
T101350,2026-03-11 18:17,C0849,beer,beverage,1,13.50,13.50
T101360,2026-03-11 18:18,,ground beef,meat,1,9.40,9.40
T101360,2026-03-11 18:18,,eggs,dairy,1,4.90,4.90
T101360,2026-03-11 18:18,,coffee beans,grocery,1,12.50,12.50
T101360,2026-03-11 18:18,,butter,dairy,1,5.20,5.20
T101360,2026-03-11 18:18,,white bread,bakery,1,2.90,2.90
T101360,2026-03-11 18:18,,milk 2%,dairy,1,3.80,3.80
T101367,2026-03-11 18:41,C0143,avocado,produce,1,2.20,2.20
T101367,2026-03-11 18:41,C0143,tomato sauce,grocery,1,3.60,3.60
T101367,2026-03-11 18:41,C0143,red wine,beverage,1,16.00,16.00
T101367,2026-03-11 18:41,C0143,pasta,grocery,3,2.30,6.90
T101365,2026-03-11 18:54,C0438,granola,grocery,1,6.20,6.20
T101365,2026-03-11 18:54,C0438,sugar,grocery,1,3.20,3.20
T101365,2026-03-11 18:54,C0438,pasta,grocery,1,2.30,2.30
T101365,2026-03-11 18:54,C0438,peanut butter,grocery,1,5.60,5.60
T101365,2026-03-11 18:54,C0438,chocolate bar,snack,1,2.70,2.70
T101365,2026-03-11 18:54,C0438,ground beef,meat,1,9.40,9.40
T101365,2026-03-11 18:54,C0438,peanuts,snack,1,4.80,4.80
T101353,2026-03-11 19:17,C0327,red wine,beverage,1,16.00,16.00
T101353,2026-03-11 19:17,C0327,avocado,produce,1,2.20,2.20
T101353,2026-03-11 19:17,C0327,salmon,fish,1,15.90,15.90
T101353,2026-03-11 19:17,C0327,lemon,produce,2,0.90,1.80
T101353,2026-03-11 19:17,C0327,red wine,beverage,1,16.00,16.00
T101355,2026-03-11 19:17,C0123,olive oil,grocery,1,11.20,11.20
T101355,2026-03-11 19:17,C0123,parmesan,dairy,1,8.90,8.90
T101355,2026-03-11 19:17,C0123,salmon,fish,1,15.90,15.90
T101351,2026-03-11 19:37,,frozen pizza,frozen,1,7.20,7.20
T101351,2026-03-11 19:37,,diapers,baby,1,24.90,24.90
T101351,2026-03-11 19:37,,berries,produce,1,5.80,5.80
T101351,2026-03-11 19:37,,bananas,produce,2,2.10,4.20
T101351,2026-03-11 19:37,,chicken breast,meat,3,12.80,38.40
T101351,2026-03-11 19:37,,lettuce,produce,1,2.60,2.60
T101351,2026-03-11 19:37,,yogurt,dairy,2,4.60,9.20
T101351,2026-03-11 19:37,,butter,dairy,1,5.20,5.20
T101362,2026-03-11 19:46,C0054,diapers,baby,1,24.90,24.90
T101362,2026-03-11 19:46,C0054,peanut butter,grocery,1,5.60,5.60
T101362,2026-03-11 19:46,C0054,sugar,grocery,1,3.20,3.20
T101362,2026-03-11 19:46,C0054,tomato sauce,grocery,1,3.60,3.60
T101362,2026-03-11 19:46,C0054,granola,grocery,1,6.20,6.20
T101362,2026-03-11 19:46,C0054,sparkling water,beverage,1,3.10,3.10
T101362,2026-03-11 19:46,C0054,baby wipes,baby,3,6.70,20.10
T101362,2026-03-11 19:46,C0054,frozen pizza,frozen,2,7.20,14.40
T101362,2026-03-11 19:46,C0054,beer,beverage,1,13.50,13.50
T101362,2026-03-11 19:46,C0054,dish soap,household,1,4.70,4.70
T101363,2026-03-11 20:06,C0244,peanut butter,grocery,1,5.60,5.60
T101363,2026-03-11 20:06,C0244,tomato sauce,grocery,1,3.60,3.60
T101363,2026-03-11 20:06,C0244,parmesan,dairy,1,8.90,8.90
T101363,2026-03-11 20:06,C0244,pasta,grocery,1,2.30,2.30
T101363,2026-03-11 20:06,C0244,peanuts,snack,1,4.80,4.80
T101374,2026-03-12 08:10,C0406,bacon,meat,1,7.80,7.80
T101374,2026-03-12 08:10,C0406,pasta,grocery,3,2.30,6.90
T101374,2026-03-12 08:10,C0406,parmesan,dairy,1,8.90,8.90
T101374,2026-03-12 08:10,C0406,ground beef,meat,1,9.40,9.40
T101374,2026-03-12 08:10,C0406,red wine,beverage,1,16.00,16.00
T101374,2026-03-12 08:10,C0406,sparkling water,beverage,2,3.10,6.20
T101374,2026-03-12 08:10,C0406,olive oil,grocery,1,11.20,11.20
T101374,2026-03-12 08:10,C0406,baby wipes,baby,1,6.70,6.70
T101374,2026-03-12 08:10,C0406,tomato sauce,grocery,3,3.60,10.80
T101372,2026-03-12 09:05,C0862,cucumber,produce,1,1.70,1.70
T101372,2026-03-12 09:05,C0862,red wine,beverage,1,16.00,16.00
T101372,2026-03-12 09:05,C0862,whole wheat bread,bakery,1,3.40,3.40
T101372,2026-03-12 09:05,C0862,parmesan,dairy,1,8.90,8.90
T101372,2026-03-12 09:05,C0862,pasta,grocery,2,2.30,4.60
T101372,2026-03-12 09:05,C0862,tortilla chips,snack,2,4.20,8.40
T101387,2026-03-12 11:04,,diapers,baby,2,24.90,49.80
T101387,2026-03-12 11:04,,orange juice,beverage,1,4.40,4.40
T101387,2026-03-12 11:04,,chicken breast,meat,1,12.80,12.80
T101387,2026-03-12 11:04,,dish soap,household,1,4.70,4.70
T101381,2026-03-12 11:21,C0892,pasta,grocery,1,2.30,2.30
T101381,2026-03-12 11:21,C0892,red wine,beverage,1,16.00,16.00
T101381,2026-03-12 11:21,C0892,salmon,fish,1,15.90,15.90
T101381,2026-03-12 11:21,C0892,chicken breast,meat,1,12.80,12.80
T101381,2026-03-12 11:21,C0892,frozen pizza,frozen,2,7.20,14.40
T101381,2026-03-12 11:21,C0892,trash bags,household,1,9.10,9.10
T101381,2026-03-12 11:21,C0892,whole wheat bread,bakery,1,3.40,3.40
T101381,2026-03-12 11:21,C0892,parmesan,dairy,3,8.90,26.70
T101385,2026-03-12 13:31,,baby wipes,baby,1,6.70,6.70
T101385,2026-03-12 13:31,,baby formula,baby,1,28.50,28.50
T101380,2026-03-12 13:34,C0594,tea,grocery,2,6.40,12.80
T101380,2026-03-12 13:34,C0594,milk 2%,dairy,3,3.80,11.40
T101380,2026-03-12 13:34,C0594,trash bags,household,1,9.10,9.10
T101380,2026-03-12 13:34,C0594,parmesan,dairy,1,8.90,8.90
T101380,2026-03-12 13:34,C0594,lemon,produce,3,0.90,2.70
T101373,2026-03-12 13:35,C0657,conditioner,care,1,7.40,7.40
T101373,2026-03-12 13:35,C0657,ground beef,meat,1,9.40,9.40
T101373,2026-03-12 13:35,C0657,pasta,grocery,1,2.30,2.30
T101373,2026-03-12 13:35,C0657,baby formula,baby,1,28.50,28.50
T101373,2026-03-12 13:35,C0657,tomato sauce,grocery,2,3.60,7.20
T101371,2026-03-12 16:00,C0259,red wine,beverage,1,16.00,16.00
T101371,2026-03-12 16:00,C0259,parmesan,dairy,2,8.90,17.80
T101371,2026-03-12 16:00,C0259,pasta,grocery,1,2.30,2.30
T101371,2026-03-12 16:00,C0259,butter,dairy,1,5.20,5.20
T101371,2026-03-12 16:00,C0259,croissant,bakery,1,1.80,1.80
T101371,2026-03-12 16:00,C0259,peanuts,snack,1,4.80,4.80
T101375,2026-03-12 16:10,,berries,produce,1,5.80,5.80
T101375,2026-03-12 16:10,,avocado,produce,1,2.20,2.20
T101375,2026-03-12 16:10,,bananas,produce,1,2.10,2.10
T101382,2026-03-12 16:10,C0757,white bread,bakery,2,2.90,5.80
T101382,2026-03-12 16:10,C0757,granola,grocery,1,6.20,6.20
T101382,2026-03-12 16:10,C0757,berries,produce,2,5.80,11.60
T101382,2026-03-12 16:10,C0757,yogurt,dairy,1,4.60,4.60
T101382,2026-03-12 16:10,C0757,avocado,produce,1,2.20,2.20
T101382,2026-03-12 16:10,C0757,white bread,bakery,2,2.90,5.80
T101377,2026-03-12 16:37,,yogurt,dairy,1,4.60,4.60
T101377,2026-03-12 16:37,,avocado,produce,1,2.20,2.20
T101377,2026-03-12 16:37,,granola,grocery,1,6.20,6.20
T101377,2026-03-12 16:37,,orange juice,beverage,2,4.40,8.80
T101377,2026-03-12 16:37,,lettuce,produce,1,2.60,2.60
T101377,2026-03-12 16:37,,baby formula,baby,1,28.50,28.50
T101377,2026-03-12 16:37,,baby wipes,baby,1,6.70,6.70
T101377,2026-03-12 16:37,,bananas,produce,1,2.10,2.10
T101377,2026-03-12 16:37,,berries,produce,1,5.80,5.80
T101377,2026-03-12 16:37,,pasta,grocery,1,2.30,2.30
T101378,2026-03-12 17:33,C0615,bacon,meat,1,7.80,7.80
T101378,2026-03-12 17:33,C0615,peanuts,snack,1,4.80,4.80
T101378,2026-03-12 17:33,C0615,tomato sauce,grocery,3,3.60,10.80
T101378,2026-03-12 17:33,C0615,coffee beans,grocery,1,12.50,12.50
T101378,2026-03-12 17:33,C0615,yogurt,dairy,1,4.60,4.60
T101378,2026-03-12 17:33,C0615,milk 2%,dairy,3,3.80,11.40
T101384,2026-03-12 18:05,,strawberry jam,grocery,1,4.10,4.10
T101384,2026-03-12 18:05,,cucumber,produce,1,1.70,1.70
T101384,2026-03-12 18:05,,coffee beans,grocery,1,12.50,12.50
T101383,2026-03-12 18:28,,white bread,bakery,3,2.90,8.70
T101383,2026-03-12 18:28,,coffee beans,grocery,1,12.50,12.50
T101383,2026-03-12 18:28,,butter,dairy,1,5.20,5.20
T101383,2026-03-12 18:28,,paper towels,household,1,8.30,8.30
T101386,2026-03-12 18:29,C0587,white bread,bakery,1,2.90,2.90
T101386,2026-03-12 18:29,C0587,chocolate bar,snack,3,2.70,8.10
T101386,2026-03-12 18:29,C0587,sparkling water,beverage,3,3.10,9.30
T101386,2026-03-12 18:29,C0587,eggs,dairy,1,4.90,4.90
T101386,2026-03-12 18:29,C0587,laundry detergent,household,1,14.20,14.20
T101386,2026-03-12 18:29,C0587,strawberry jam,grocery,1,4.10,4.10
T101386,2026-03-12 18:29,C0587,frozen pizza,frozen,1,7.20,7.20
T101386,2026-03-12 18:29,C0587,butter,dairy,1,5.20,5.20
T101386,2026-03-12 18:29,C0587,coffee beans,grocery,1,12.50,12.50
T101379,2026-03-12 20:07,C0205,peanut butter,grocery,1,5.60,5.60
T101379,2026-03-12 20:07,C0205,toilet paper,household,1,11.90,11.90
T101379,2026-03-12 20:07,C0205,berries,produce,1,5.80,5.80
T101379,2026-03-12 20:07,C0205,shampoo,care,2,7.40,14.80
T101379,2026-03-12 20:07,C0205,conditioner,care,1,7.40,7.40
T101379,2026-03-12 20:07,C0205,cucumber,produce,1,1.70,1.70
T101376,2026-03-12 20:16,,salsa,grocery,1,3.90,3.90
T101376,2026-03-12 20:16,,paper towels,household,1,8.30,8.30
T101376,2026-03-12 20:16,,eggs,dairy,1,4.90,4.90
T101376,2026-03-12 20:16,,white bread,bakery,2,2.90,5.80
T101376,2026-03-12 20:16,,lemon,produce,1,0.90,0.90
T101376,2026-03-12 20:16,,milk 2%,dairy,1,3.80,3.80
T101376,2026-03-12 20:16,,pasta,grocery,1,2.30,2.30
T101376,2026-03-12 20:16,,butter,dairy,1,5.20,5.20
T101389,2026-03-13 08:54,C0240,yogurt,dairy,1,4.60,4.60
T101389,2026-03-13 08:54,C0240,chicken breast,meat,1,12.80,12.80
T101389,2026-03-13 08:54,C0240,berries,produce,3,5.80,17.40
T101389,2026-03-13 08:54,C0240,avocado,produce,1,2.20,2.20
T101390,2026-03-13 09:03,,coffee beans,grocery,1,12.50,12.50
T101390,2026-03-13 09:03,,berries,produce,1,5.80,5.80
T101390,2026-03-13 09:03,,milk 2%,dairy,1,3.80,3.80
T101390,2026-03-13 09:03,,sugar,grocery,1,3.20,3.20
T101410,2026-03-13 10:05,C0234,croissant,bakery,1,1.80,1.80
T101410,2026-03-13 10:05,C0234,coffee beans,grocery,1,12.50,12.50
T101410,2026-03-13 10:05,C0234,eggs,dairy,1,4.90,4.90
T101410,2026-03-13 10:05,C0234,tortilla chips,snack,2,4.20,8.40
T101410,2026-03-13 10:05,C0234,toothpaste,care,1,4.50,4.50
T101402,2026-03-13 10:19,,avocado,produce,1,2.20,2.20
T101402,2026-03-13 10:19,,yogurt,dairy,1,4.60,4.60
T101402,2026-03-13 10:19,,berries,produce,1,5.80,5.80
T101402,2026-03-13 10:19,,granola,grocery,1,6.20,6.20
T101391,2026-03-13 12:11,,olive oil,grocery,1,11.20,11.20
T101391,2026-03-13 12:11,,salmon,fish,1,15.90,15.90
T101391,2026-03-13 12:11,,frozen pizza,frozen,1,7.20,7.20
T101391,2026-03-13 12:11,,conditioner,care,1,7.40,7.40
T101412,2026-03-13 12:16,C0370,laundry detergent,household,1,14.20,14.20
T101412,2026-03-13 12:16,C0370,lemon,produce,1,0.90,0.90
T101412,2026-03-13 12:16,C0370,salmon,fish,1,15.90,15.90
T101412,2026-03-13 12:16,C0370,bananas,produce,1,2.10,2.10
T101412,2026-03-13 12:16,C0370,baby formula,baby,2,28.50,57.00
T101412,2026-03-13 12:16,C0370,yogurt,dairy,3,4.60,13.80
T101412,2026-03-13 12:16,C0370,bacon,meat,1,7.80,7.80
T101412,2026-03-13 12:16,C0370,lettuce,produce,2,2.60,5.20
T101412,2026-03-13 12:16,C0370,dish soap,household,1,4.70,4.70
T101412,2026-03-13 12:16,C0370,granola,grocery,1,6.20,6.20
T101412,2026-03-13 12:16,C0370,pasta,grocery,3,2.30,6.90
T101409,2026-03-13 12:36,C0510,white bread,bakery,1,2.90,2.90
T101409,2026-03-13 12:36,C0510,laundry detergent,household,1,14.20,14.20
T101409,2026-03-13 12:36,C0510,olive oil,grocery,1,11.20,11.20
T101409,2026-03-13 12:36,C0510,salmon,fish,1,15.90,15.90
T101409,2026-03-13 12:36,C0510,lemon,produce,1,0.90,0.90
T101409,2026-03-13 12:36,C0510,white bread,bakery,1,2.90,2.90
T101400,2026-03-13 12:44,C0275,eggs,dairy,1,4.90,4.90
T101400,2026-03-13 12:44,C0275,white bread,bakery,2,2.90,5.80
T101400,2026-03-13 12:44,C0275,strawberry jam,grocery,1,4.10,4.10
T101400,2026-03-13 12:44,C0275,yogurt,dairy,2,4.60,9.20
T101407,2026-03-13 12:44,,tomatoes,produce,2,3.90,7.80
T101407,2026-03-13 12:44,,beer,beverage,1,13.50,13.50
T101407,2026-03-13 12:44,,baby wipes,baby,1,6.70,6.70
T101407,2026-03-13 12:44,,paper towels,household,1,8.30,8.30
T101407,2026-03-13 12:44,,baby formula,baby,1,28.50,28.50
T101407,2026-03-13 12:44,,diapers,baby,1,24.90,24.90
T101407,2026-03-13 12:44,,parmesan,dairy,1,8.90,8.90
T101393,2026-03-13 13:32,,sugar,grocery,2,3.20,6.40
T101393,2026-03-13 13:32,,lemon,produce,2,0.90,1.80
T101393,2026-03-13 13:32,,salmon,fish,2,15.90,31.80
T101395,2026-03-13 13:33,C0597,beer,beverage,1,13.50,13.50
T101395,2026-03-13 13:33,C0597,yogurt,dairy,1,4.60,4.60
T101395,2026-03-13 13:33,C0597,trash bags,household,2,9.10,18.20
T101395,2026-03-13 13:33,C0597,tortilla chips,snack,1,4.20,4.20
T101395,2026-03-13 13:33,C0597,orange juice,beverage,1,4.40,4.40
T101395,2026-03-13 13:33,C0597,berries,produce,1,5.80,5.80
T101395,2026-03-13 13:33,C0597,olive oil,grocery,3,11.20,33.60
T101395,2026-03-13 13:33,C0597,avocado,produce,1,2.20,2.20
T101403,2026-03-13 16:43,C0408,whole wheat bread,bakery,1,3.40,3.40
T101403,2026-03-13 16:43,C0408,tomato sauce,grocery,1,3.60,3.60
T101403,2026-03-13 16:43,C0408,pasta,grocery,1,2.30,2.30
T101403,2026-03-13 16:43,C0408,ground beef,meat,1,9.40,9.40
T101403,2026-03-13 16:43,C0408,parmesan,dairy,1,8.90,8.90
T101404,2026-03-13 16:47,C0857,red wine,beverage,1,16.00,16.00
T101404,2026-03-13 16:47,C0857,coffee beans,grocery,3,12.50,37.50
T101404,2026-03-13 16:47,C0857,sparkling water,beverage,3,3.10,9.30
T101404,2026-03-13 16:47,C0857,salsa,grocery,1,3.90,3.90
T101404,2026-03-13 16:47,C0857,beer,beverage,1,13.50,13.50
T101404,2026-03-13 16:47,C0857,tortilla chips,snack,2,4.20,8.40
T101404,2026-03-13 16:47,C0857,tomatoes,produce,1,3.90,3.90
T101404,2026-03-13 16:47,C0857,peanuts,snack,1,4.80,4.80
T101413,2026-03-13 17:18,,white bread,bakery,1,2.90,2.90
T101413,2026-03-13 17:18,,butter,dairy,2,5.20,10.40
T101413,2026-03-13 17:18,,milk 2%,dairy,1,3.80,3.80
T101413,2026-03-13 17:18,,cucumber,produce,2,1.70,3.40
T101413,2026-03-13 17:18,,strawberry jam,grocery,1,4.10,4.10
T101406,2026-03-13 17:20,C0869,tomato sauce,grocery,3,3.60,10.80
T101406,2026-03-13 17:20,C0869,conditioner,care,1,7.40,7.40
T101406,2026-03-13 17:20,C0869,toothpaste,care,1,4.50,4.50
T101392,2026-03-13 17:25,,  dish soap ,household,1,4.70,4.70
T101392,2026-03-13 17:25,,milk 2%,dairy,1,3.80,3.80
T101392,2026-03-13 17:25,,strawberry jam,grocery,1,4.10,4.10
T101392,2026-03-13 17:25,,white bread,bakery,1,2.90,2.90
T101414,2026-03-13 17:36,,olive oil,grocery,2,11.20,22.40
T101414,2026-03-13 17:36,,parmesan,dairy,3,8.90,26.70
T101414,2026-03-13 17:36,,pasta,grocery,1,2.30,2.30
T101414,2026-03-13 17:36,,berries,produce,1,5.80,5.80
T101414,2026-03-13 17:36,,tomato sauce,grocery,3,3.60,10.80
T101414,2026-03-13 17:36,,coffee beans,grocery,1,12.50,12.50
T101414,2026-03-13 17:36,,white bread,bakery,1,2.90,2.90
T101399,2026-03-13 17:44,,lemon,produce,1,0.90,0.90
T101399,2026-03-13 17:44,,diapers,baby,1,24.90,24.90
T101399,2026-03-13 17:44,,tomato sauce,grocery,1,3.60,3.60
T101399,2026-03-13 17:44,,ground beef,meat,1,9.40,9.40
T101399,2026-03-13 17:44,,toilet paper,household,1,11.90,11.90
T101399,2026-03-13 17:44,,trash bags,household,1,9.10,9.10
T101399,2026-03-13 17:44,,berries,produce,1,5.80,5.80
T101415,2026-03-13 17:59,C0345,berries,produce,1,5.80,5.80
T101415,2026-03-13 17:59,C0345,eggs,dairy,1,4.90,4.90
T101415,2026-03-13 17:59,C0345,white bread,bakery,1,2.90,2.90
T101415,2026-03-13 17:59,C0345,shampoo,care,1,7.40,7.40
T101394,2026-03-13 18:09,C0483,sugar,grocery,3,3.20,9.60
T101401,2026-03-13 18:15,,diapers,baby,1,24.90,24.90
T101401,2026-03-13 18:15,,beer,beverage,1,13.50,13.50
T101401,2026-03-13 18:15,,chicken breast,meat,2,12.80,25.60
T101401,2026-03-13 18:15,,bananas,produce,1,2.10,2.10
T101401,2026-03-13 18:15,,tea,grocery,1,6.40,6.40
T101401,2026-03-13 18:15,,yogurt,dairy,1,4.60,4.60
T101401,2026-03-13 18:15,,cucumber,produce,1,1.70,1.70
T101401,2026-03-13 18:15,,avocado,produce,2,2.20,4.40
T101401,2026-03-13 18:15,,granola,grocery,2,6.20,12.40
T101401,2026-03-13 18:15,,tomato sauce,grocery,1,3.60,3.60
T101408,2026-03-13 18:29,,pasta,grocery,2,2.30,4.60
T101408,2026-03-13 18:29,,ground beef,meat,1,9.40,9.40
T101408,2026-03-13 18:29,,red wine,beverage,2,16.00,32.00
T101408,2026-03-13 18:29,,bananas,produce,1,2.10,2.10
T101408,2026-03-13 18:29,,strawberry jam,grocery,1,4.10,4.10
T101408,2026-03-13 18:29,,parmesan,dairy,1,8.90,8.90
T101405,2026-03-13 18:41,,paper towels,household,3,8.30,24.90
T101405,2026-03-13 18:41,,tea,grocery,1,6.40,6.40
T101405,2026-03-13 18:41,,yogurt,dairy,1,4.60,4.60
T101405,2026-03-13 18:41,,whole wheat bread,bakery,2,3.40,6.80
T101405,2026-03-13 18:41,,red wine,beverage,1,16.00,16.00
T101405,2026-03-13 18:41,,laundry detergent,household,1,14.20,14.20
T101405,2026-03-13 18:41,,baby wipes,baby,1,6.70,6.70
T101405,2026-03-13 18:41,,toilet paper,household,3,11.90,35.70
T101405,2026-03-13 18:41,,cucumber,produce,1,1.70,1.70
T101411,2026-03-13 19:15,C0220,beer,beverage,1,13.50,13.50
T101411,2026-03-13 19:15,C0220,conditioner,care,2,7.40,14.80
T101411,2026-03-13 19:15,C0220,pasta,grocery,3,2.30,6.90
T101411,2026-03-13 19:15,C0220,baby wipes,baby,1,6.70,6.70
T101411,2026-03-13 19:15,C0220,diapers,baby,1,24.90,24.90
T101397,2026-03-13 19:29,,tea,grocery,1,6.40,6.40
T101397,2026-03-13 19:29,,beer,beverage,3,13.50,40.50
T101397,2026-03-13 19:29,,ground beef,meat,1,9.40,9.40
T101397,2026-03-13 19:29,,sugar,grocery,1,3.20,3.20
T101397,2026-03-13 19:29,,milk 2%,dairy,1,3.80,3.80
T101397,2026-03-13 19:29,,coffee beans,grocery,1,12.50,12.50
T101397,2026-03-13 19:29,,baby formula,baby,1,28.50,28.50
T101397,2026-03-13 19:29,,tomato sauce,grocery,1,3.60,3.60
T101388,2026-03-13 19:59,,ground beef,meat,1,9.40,9.40
T101388,2026-03-13 19:59,,salsa,grocery,2,3.90,7.80
T101388,2026-03-13 19:59,,beer,beverage,1,13.50,13.50
T101388,2026-03-13 19:59,,LAUNDRY DETERGENT,household,1,14.20,14.20
T101388,2026-03-13 19:59,,lettuce,produce,1,2.60,2.60
T101388,2026-03-13 19:59,,tortilla chips,snack,1,4.20,4.20
T101396,2026-03-13 20:00,C0325,shampoo,care,1,7.40,7.40
T101396,2026-03-13 20:00,C0325,conditioner,care,1,7.40,7.40
T101396,2026-03-13 20:00,C0325,chocolate bar,snack,1,2.70,2.70
T101396,2026-03-13 20:00,C0325,avocado,produce,1,2.20,2.20
T101398,2026-03-13 20:05,,coffee beans,grocery,1,12.50,12.50
T101398,2026-03-13 20:05,,strawberry jam,grocery,1,4.10,4.10
T101398,2026-03-13 20:05,,beer,beverage,2,13.50,27.00
T101398,2026-03-13 20:05,,chicken breast,meat,1,12.80,12.80
T101398,2026-03-13 20:05,,sugar,grocery,1,3.20,3.20
T101398,2026-03-13 20:05,,milk 2%,dairy,2,3.80,7.60
T101417,2026-03-14 09:51,C0229,beer,beverage,1,13.50,13.50
T101417,2026-03-14 09:51,C0229,eggs,dairy,1,4.90,4.90
T101417,2026-03-14 09:51,C0229,strawberry jam,grocery,3,4.10,12.30
T101417,2026-03-14 09:51,C0229,butter,dairy,1,5.20,5.20
T101417,2026-03-14 09:51,C0229,orange juice,beverage,3,4.40,13.20
T101417,2026-03-14 09:51,C0229,trash bags,household,1,9.10,9.10
T101417,2026-03-14 09:51,C0229,peanuts,snack,1,4.80,4.80
T101417,2026-03-14 09:51,C0229,milk 2%,dairy,1,3.80,3.80
T101427,2026-03-14 09:53,C0182,strawberry jam,grocery,1,4.10,4.10
T101427,2026-03-14 09:53,C0182,conditioner,care,2,7.40,14.80
T101434,2026-03-14 10:05,,olive oil,grocery,1,11.20,11.20
T101434,2026-03-14 10:05,,lemon,produce,1,0.90,0.90
T101434,2026-03-14 10:05,,salmon,fish,1,15.90,15.90
T101434,2026-03-14 10:05,,avocado,produce,1,2.20,2.20
T101434,2026-03-14 10:05,,strawberry jam,grocery,2,4.10,8.20
T101434,2026-03-14 10:05,,tortilla chips,snack,1,4.20,4.20
T101422,2026-03-14 10:25,C0181,pasta,grocery,2,2.30,4.60
T101422,2026-03-14 10:25,C0181,conditioner,care,1,7.40,7.40
T101422,2026-03-14 10:25,C0181,parmesan,dairy,2,8.90,17.80
T101422,2026-03-14 10:25,C0181,red wine,beverage,3,16.00,48.00
T101422,2026-03-14 10:25,C0181,lettuce,produce,1,2.60,2.60
T101422,2026-03-14 10:25,C0181,ground beef,meat,2,9.40,18.80
T101422,2026-03-14 10:25,C0181,salmon,fish,1,15.90,15.90
T101435,2026-03-14 10:40,C0233,white bread,bakery,1,2.90,2.90
T101435,2026-03-14 10:40,C0233,shampoo,care,1,7.40,7.40
T101435,2026-03-14 10:40,C0233,peanuts,snack,1,4.80,4.80
T101432,2026-03-14 13:11,C0430,shampoo,care,1,7.40,7.40
T101432,2026-03-14 13:11,C0430,croissant,bakery,1,1.80,1.80
T101432,2026-03-14 13:11,C0430,conditioner,care,1,7.40,7.40
T101432,2026-03-14 13:11,C0430,cucumber,produce,1,1.70,1.70
T101432,2026-03-14 13:11,C0430,granola,grocery,1,6.20,6.20
T101432,2026-03-14 13:11,C0430,toothpaste,care,1,4.50,4.50
T101419,2026-03-14 16:10,,baby formula,baby,1,28.50,28.50
T101419,2026-03-14 16:10,,tea,grocery,1,6.40,6.40
T101419,2026-03-14 16:10,,yogurt,dairy,1,4.60,4.60
T101419,2026-03-14 16:10,,trash bags,household,1,9.10,9.10
T101424,2026-03-14 16:44,C0395,tortilla chips,snack,1,4.20,4.20
T101424,2026-03-14 16:44,C0395,ice cream,frozen,1,6.50,6.50
T101424,2026-03-14 16:44,C0395,beer,beverage,2,13.50,27.00
T101431,2026-03-14 17:40,,tea,grocery,1,6.40,6.40
T101431,2026-03-14 17:40,,toilet paper,household,3,11.90,35.70
T101431,2026-03-14 17:40,,paper towels,household,1,8.30,8.30
T101431,2026-03-14 17:40,,croissant,bakery,1,1.80,1.80
T101416,2026-03-14 18:00,C0676,milk 2%,dairy,1,3.80,3.80
T101416,2026-03-14 18:00,C0676,toilet paper,household,1,11.90,11.90
T101416,2026-03-14 18:00,C0676,croissant,bakery,1,1.80,1.80
T101416,2026-03-14 18:00,C0676,butter,dairy,3,5.20,15.60
T101416,2026-03-14 18:00,C0676,coffee beans,grocery,1,12.50,12.50
T101416,2026-03-14 18:00,C0676,trash bags,household,1,9.10,9.10
T101426,2026-03-14 18:08,C0285,milk 2%,dairy,1,3.80,3.80
T101426,2026-03-14 18:08,C0285,eggs,dairy,3,4.90,14.70
T101426,2026-03-14 18:08,C0285,strawberry jam,grocery,1,4.10,4.10
T101426,2026-03-14 18:08,C0285,sparkling water,beverage,1,3.10,3.10
T101426,2026-03-14 18:08,C0285,butter,dairy,1,5.20,5.20
T101426,2026-03-14 18:08,C0285,white bread,bakery,1,2.90,2.90
T101426,2026-03-14 18:08,C0285,peanut butter,grocery,1,5.60,5.60
T101423,2026-03-14 18:10,C0055,pasta,grocery,1,2.30,2.30
T101423,2026-03-14 18:10,C0055,olive oil,grocery,1,11.20,11.20
T101423,2026-03-14 18:10,C0055,parmesan,dairy,1,8.90,8.90
T101423,2026-03-14 18:10,C0055,strawberry jam,grocery,1,4.10,4.10
T101423,2026-03-14 18:10,C0055,sparkling water,beverage,2,3.10,6.20
T101418,2026-03-14 18:18,C0751,conditioner,care,1,7.40,7.40
T101418,2026-03-14 18:18,C0751,granola,grocery,3,6.20,18.60
T101418,2026-03-14 18:18,C0751,toilet paper,household,1,11.90,11.90
T101418,2026-03-14 18:18,C0751,shampoo,care,1,7.40,7.40
T101418,2026-03-14 18:18,C0751,strawberry jam,grocery,1,4.10,4.10
T101429,2026-03-14 18:23,,granola,grocery,1,6.20,6.20
T101429,2026-03-14 18:23,,milk 2%,dairy,1,3.80,3.80
T101429,2026-03-14 18:23,,yogurt,dairy,1,4.60,4.60
T101429,2026-03-14 18:23,,lettuce,produce,2,2.60,5.20
T101429,2026-03-14 18:23,,beer,beverage,2,13.50,27.00
T101429,2026-03-14 18:23,,tomato sauce,grocery,1,3.60,3.60
T101429,2026-03-14 18:23,,berries,produce,1,5.80,5.80
T101421,2026-03-14 18:25,,butter,dairy,1,5.20,5.20
T101421,2026-03-14 18:25,,croissant,bakery,1,1.80,1.80
T101421,2026-03-14 18:25,,salsa,grocery,1,3.90,3.90
T101421,2026-03-14 18:25,,white bread,bakery,1,2.90,2.90
T101421,2026-03-14 18:25,,eggs,dairy,1,4.90,4.90
T101421,2026-03-14 18:25,,whole wheat bread,bakery,2,3.40,6.80
T101420,2026-03-14 18:36,,avocado,produce,1,2.20,2.20
T101420,2026-03-14 18:36,,tea,grocery,1,6.40,6.40
T101420,2026-03-14 18:36,,yogurt,dairy,1,4.60,4.60
T101420,2026-03-14 18:36,,granola,grocery,1,6.20,6.20
T101420,2026-03-14 18:36,,lettuce,produce,1,2.60,2.60
T101425,2026-03-14 18:55,,ground beef,meat,1,9.40,9.40
T101425,2026-03-14 18:55,,red wine,beverage,1,16.00,16.00
T101425,2026-03-14 18:55,,pasta,grocery,1,2.30,2.30
T101425,2026-03-14 18:55,,parmesan,dairy,1,8.90,8.90
T101428,2026-03-14 18:58,C0896,chicken breast,meat,1,12.80,12.80
T101428,2026-03-14 18:58,C0896,whole wheat bread,bakery,1,3.40,3.40
T101428,2026-03-14 18:58,C0896,tea,grocery,1,6.40,6.40
T101428,2026-03-14 18:58,C0896,eggs,dairy,1,4.90,4.90
T101428,2026-03-14 18:58,C0896,tomato sauce,grocery,2,3.60,7.20
T101433,2026-03-14 20:12,C0324,coffee beans,grocery,1,12.50,12.50
T101433,2026-03-14 20:12,C0324,whole wheat bread,bakery,1,3.40,3.40
T101433,2026-03-14 20:12,C0324,baby wipes,baby,1,6.70,6.70
T101433,2026-03-14 20:12,C0324,white bread,bakery,1,2.90,2.90
T101433,2026-03-14 20:12,C0324,milk 2%,dairy,1,3.80,3.80
T101433,2026-03-14 20:12,C0324,strawberry jam,grocery,3,4.10,12.30
T101430,2026-03-14 20:34,C0702,yogurt,dairy,1,4.60,4.60
T101430,2026-03-14 20:34,C0702,coffee beans,grocery,1,12.50,12.50
T101430,2026-03-14 20:34,C0702,lemon,produce,1,0.90,0.90
T101430,2026-03-14 20:34,C0702,conditioner,care,3,7.40,22.20
T101430,2026-03-14 20:34,C0702,apples,produce,2,4.30,8.60
T101430,2026-03-14 20:34,C0702,shampoo,care,1,7.40,7.40
T101430,2026-03-14 20:34,C0702,salsa,grocery,1,3.90,3.90
T101430,2026-03-14 20:34,C0702,tomato sauce,grocery,1,3.60,3.60
T101462,2026-03-15 08:01,C0556,berries,produce,1,5.80,5.80
T101462,2026-03-15 08:01,C0556,SUGAR,grocery,1,3.20,3.20
T101462,2026-03-15 08:01,C0556,toothpaste,care,1,4.50,4.50
T101462,2026-03-15 08:01,C0556,parmesan,dairy,1,8.90,8.90
T101462,2026-03-15 08:01,C0556,paper towels,household,1,8.30,8.30
T101462,2026-03-15 08:01,C0556,tomato sauce,grocery,1,3.60,3.60
T101462,2026-03-15 08:01,C0556,milk 2%,dairy,3,3.80,11.40
T101462,2026-03-15 08:01,C0556,coffee beans,grocery,1,12.50,12.50
T101442,2026-03-15 08:12,C0732,white bread,bakery,1,2.90,2.90
T101442,2026-03-15 08:12,C0732,baby wipes,baby,1,6.70,6.70
T101442,2026-03-15 08:12,C0732,baby formula,baby,1,28.50,28.50
T101442,2026-03-15 08:12,C0732,paper towels,household,1,8.30,8.30
T101442,2026-03-15 08:12,C0732,diapers,baby,1,24.90,24.90
T101451,2026-03-15 08:31,,eggs,dairy,1,4.90,4.90
T101451,2026-03-15 08:31,,dish soap,household,1,4.70,4.70
T101451,2026-03-15 08:31,,ice cream,frozen,2,6.50,13.00
T101451,2026-03-15 08:31,,ground beef,meat,1,9.40,9.40
T101451,2026-03-15 08:31,,toilet paper,household,1,11.90,11.90
T101437,2026-03-15 09:41,,lemon,produce,1,0.90,0.90
T101437,2026-03-15 09:41,,salmon,fish,1,15.90,15.90
T101437,2026-03-15 09:41,,tomatoes,produce,2,3.90,7.80
T101437,2026-03-15 09:41,,paper towels,household,1,8.30,8.30
T101437,2026-03-15 09:41,,chicken breast,meat,1,12.80,12.80
T101437,2026-03-15 09:41,,tea,grocery,1,6.40,6.40
T101438,2026-03-15 12:34,C0366,beer,beverage,1,13.50,13.50
T101438,2026-03-15 12:34,C0366,tortilla chips,snack,3,4.20,12.60
T101438,2026-03-15 12:34,C0366,salsa,grocery,1,3.90,3.90
T101455,2026-03-15 12:35,,coffee beans,grocery,1,12.50,12.50
T101454,2026-03-15 13:01,C0881,salmon,fish,2,15.90,31.80
T101454,2026-03-15 13:01,C0881,conditioner,care,1,7.40,7.40
T101454,2026-03-15 13:01,C0881,milk 2%,dairy,1,3.80,3.80
T101454,2026-03-15 13:01,C0881,shampoo,care,1,7.40,7.40
T101460,2026-03-15 13:26,C0434,shampoo,care,1,7.40,7.40
T101460,2026-03-15 13:26,C0434,tomato sauce,grocery,1,3.60,3.60
T101460,2026-03-15 13:26,C0434,conditioner,care,1,7.40,7.40
T101460,2026-03-15 13:26,C0434,peanuts,snack,1,4.80,4.80
T101450,2026-03-15 13:32,,paper towels,household,1,8.30,8.30
T101450,2026-03-15 13:32,,salsa,grocery,1,3.90,3.90
T101459,2026-03-15 16:11,,croissant,bakery,1,1.80,1.80
T101459,2026-03-15 16:11,,tortilla chips,snack,1,4.20,4.20
T101459,2026-03-15 16:11,,diapers,baby,3,24.90,74.70
T101459,2026-03-15 16:11,,chocolate bar,snack,1,2.70,2.70
T101459,2026-03-15 16:11,,butter,dairy,1,5.20,5.20
T101459,2026-03-15 16:11,,beer,beverage,1,13.50,13.50
T101459,2026-03-15 16:11,,salsa,grocery,1,3.90,3.90
T101459,2026-03-15 16:11,,whole wheat bread,bakery,1,3.40,3.40
T101439,2026-03-15 16:45,,white bread,bakery,1,2.90,2.90
T101439,2026-03-15 16:45,,strawberry jam,grocery,1,4.10,4.10
T101439,2026-03-15 16:45,,butter,dairy,1,5.20,5.20
T101439,2026-03-15 16:45,,coffee beans,grocery,1,12.50,12.50
T101436,2026-03-15 16:57,C0612,salmon,fish,1,15.90,15.90
T101436,2026-03-15 16:57,C0612,olive oil,grocery,1,11.20,11.20
T101453,2026-03-15 16:58,C0082,shampoo,care,1,7.40,7.40
T101453,2026-03-15 16:58,C0082,toothpaste,care,1,4.50,4.50
T101443,2026-03-15 17:40,C0697,pasta,grocery,1,2.30,2.30
T101443,2026-03-15 17:40,C0697,milk 2%,dairy,1,3.80,3.80
T101443,2026-03-15 17:40,C0697,red wine,beverage,1,16.00,16.00
T101443,2026-03-15 17:40,C0697,sparkling water,beverage,3,3.10,9.30
T101447,2026-03-15 17:53,,pasta,grocery,1,2.30,2.30
T101447,2026-03-15 17:53,,coffee beans,grocery,1,12.50,12.50
T101447,2026-03-15 17:53,,tomatoes,produce,1,3.90,3.90
T101447,2026-03-15 17:53,,tomato sauce,grocery,1,3.60,3.60
T101445,2026-03-15 18:00,C0089,red wine,beverage,1,16.00,16.00
T101445,2026-03-15 18:00,C0089,ground beef,meat,1,9.40,9.40
T101445,2026-03-15 18:00,C0089,toothpaste,care,2,4.50,9.00
T101445,2026-03-15 18:00,C0089,tomato sauce,grocery,1,3.60,3.60
T101445,2026-03-15 18:00,C0089,butter,dairy,3,5.20,15.60
T101440,2026-03-15 18:07,C0775,coffee beans,grocery,1,12.50,12.50
T101440,2026-03-15 18:07,C0775,yogurt,dairy,1,4.60,4.60
T101440,2026-03-15 18:07,C0775,granola,grocery,1,6.20,6.20
T101441,2026-03-15 18:37,C0850,conditioner,care,1,7.40,7.40
T101441,2026-03-15 18:37,C0850,salmon,fish,1,15.90,15.90
T101441,2026-03-15 18:37,C0850,butter,dairy,1,5.20,5.20
T101441,2026-03-15 18:37,C0850,yogurt,dairy,3,4.60,13.80
T101441,2026-03-15 18:37,C0850,lettuce,produce,1,2.60,2.60
T101446,2026-03-15 18:42,,white bread,bakery,1,2.90,2.90
T101446,2026-03-15 18:42,,butter,dairy,3,5.20,15.60
T101452,2026-03-15 19:04,,yogurt,dairy,1,4.60,4.60
T101452,2026-03-15 19:04,,coffee beans,grocery,2,12.50,25.00
T101452,2026-03-15 19:04,,granola,grocery,1,6.20,6.20
T101452,2026-03-15 19:04,,lettuce,produce,1,2.60,2.60
T101452,2026-03-15 19:04,,berries,produce,1,5.80,5.80
T101452,2026-03-15 19:04,,bananas,produce,1,2.10,2.10
T101458,2026-03-15 19:08,C0794,bananas,produce,1,2.10,2.10
T101458,2026-03-15 19:08,C0794,beer,beverage,1,13.50,13.50
T101458,2026-03-15 19:08,C0794,tortilla chips,snack,1,4.20,4.20
T101458,2026-03-15 19:08,C0794,paper towels,household,1,8.30,8.30
T101458,2026-03-15 19:08,C0794,peanuts,snack,1,4.80,4.80
T101458,2026-03-15 19:08,C0794,salsa,grocery,3,3.90,11.70
T101457,2026-03-15 19:24,C0051,lettuce,produce,1,2.60,2.60
T101457,2026-03-15 19:24,C0051,avocado,produce,1,2.20,2.20
T101457,2026-03-15 19:24,C0051,bananas,produce,1,2.10,2.10
T101457,2026-03-15 19:24,C0051,salmon,fish,1,15.90,15.90
T101457,2026-03-15 19:24,C0051,tea,grocery,2,6.40,12.80
T101457,2026-03-15 19:24,C0051,yogurt,dairy,3,4.60,13.80
T101444,2026-03-15 19:25,,red wine,beverage,3,16.00,48.00
T101444,2026-03-15 19:25,,olive oil,grocery,1,11.20,11.20
T101444,2026-03-15 19:25,,salmon,fish,1,15.90,15.90
T101444,2026-03-15 19:25,,cucumber,produce,1,1.70,1.70
T101444,2026-03-15 19:25,,lemon,produce,2,0.90,1.80
T101444,2026-03-15 19:25,,milk 2%,dairy,1,3.80,3.80
T101449,2026-03-15 19:25,C0821,tomato sauce,grocery,3,3.60,10.80
T101449,2026-03-15 19:25,C0821,trash bags,household,1,9.10,9.10
T101449,2026-03-15 19:25,C0821,laundry detergent,household,1,14.20,14.20
T101449,2026-03-15 19:25,C0821,ice cream,frozen,1,6.50,6.50
T101449,2026-03-15 19:25,C0821,toilet paper,household,1,11.90,11.90
T101461,2026-03-15 19:49,C0444,tea,grocery,3,6.40,19.20
T101461,2026-03-15 19:49,C0444,bacon,meat,1,7.80,7.80
T101461,2026-03-15 19:49,C0444,conditioner,care,1,7.40,7.40
T101461,2026-03-15 19:49,C0444,strawberry jam,grocery,1,4.10,4.10
T101461,2026-03-15 19:49,C0444,eggs,dairy,1,4.90,4.90
T101461,2026-03-15 19:49,C0444,milk 2%,dairy,1,3.80,3.80
T101461,2026-03-15 19:49,C0444,white bread,bakery,1,2.90,2.90
T101461,2026-03-15 19:49,C0444,butter,dairy,1,5.20,5.20
T101448,2026-03-15 20:08,,dish soap,household,2,4.70,9.40
T101448,2026-03-15 20:08,,cucumber,produce,1,1.70,1.70
T101448,2026-03-15 20:08,,salmon,fish,1,15.90,15.90
T101448,2026-03-15 20:08,,yogurt,dairy,1,4.60,4.60
T101448,2026-03-15 20:08,,olive oil,grocery,3,11.20,33.60
T101448,2026-03-15 20:08,,parmesan,dairy,3,8.90,26.70
T101448,2026-03-15 20:08,,red wine,beverage,1,16.00,16.00
T101448,2026-03-15 20:08,,tomato sauce,grocery,1,3.60,3.60
T101448,2026-03-15 20:08,,pasta,grocery,1,2.30,2.30
T101456,2026-03-15 20:44,C0013,berries,produce,3,5.80,17.40
T101456,2026-03-15 20:44,C0013,trash bags,household,1,9.10,9.10
T101456,2026-03-15 20:44,C0013,yogurt,dairy,1,4.60,4.60
T101456,2026-03-15 20:44,C0013,granola,grocery,1,6.20,6.20
T101456,2026-03-15 20:44,C0013,lettuce,produce,1,2.60,2.60
T101456,2026-03-15 20:44,C0013,bananas,produce,2,2.10,4.20
T101456,2026-03-15 20:44,C0013,baby wipes,baby,1,6.70,6.70
T101464,2026-03-16 08:48,C0241,orange juice,beverage,1,4.40,4.40
T101464,2026-03-16 08:48,C0241,white bread,bakery,1,2.90,2.90
T101464,2026-03-16 08:48,C0241,butter,dairy,1,5.20,5.20
T101464,2026-03-16 08:48,C0241,coffee beans,grocery,3,12.50,37.50
T101464,2026-03-16 08:48,C0241,strawberry jam,grocery,1,4.10,4.10
T101474,2026-03-16 10:01,,eggs,dairy,1,4.90,4.90
T101474,2026-03-16 10:01,,white bread,bakery,1,2.90,2.90
T101474,2026-03-16 10:01,,coffee beans,grocery,1,12.50,12.50
T101474,2026-03-16 10:01,,butter,dairy,1,5.20,5.20
T101474,2026-03-16 10:01,,beer,beverage,1,13.50,13.50
T101474,2026-03-16 10:01,,apples,produce,1,4.30,4.30
T101474,2026-03-16 10:01,,peanuts,snack,1,4.80,4.80
T101474,2026-03-16 10:01,,chocolate bar,snack,1,2.70,2.70
T101467,2026-03-16 10:07,C0121,tea,grocery,1,6.40,6.40
T101467,2026-03-16 10:07,C0121,yogurt,dairy,1,4.60,4.60
T101467,2026-03-16 10:07,C0121,salmon,fish,1,15.90,15.90
T101467,2026-03-16 10:07,C0121,coffee beans,grocery,3,12.50,37.50
T101467,2026-03-16 10:07,C0121,bacon,meat,1,7.80,7.80
T101467,2026-03-16 10:07,C0121,beer,beverage,2,13.50,27.00
T101467,2026-03-16 10:07,C0121,dish soap,household,1,4.70,4.70
T101467,2026-03-16 10:07,C0121,peanuts,snack,3,4.80,14.40
T101472,2026-03-16 11:42,C0028,shampoo,care,1,7.40,7.40
T101472,2026-03-16 11:42,C0028,salsa,grocery,1,3.90,3.90
T101472,2026-03-16 11:42,C0028,conditioner,care,1,7.40,7.40
T101479,2026-03-16 12:07,C0660,white bread,bakery,1,2.90,2.90
T101479,2026-03-16 12:07,C0660,trash bags,household,1,9.10,9.10
T101479,2026-03-16 12:07,C0660,salsa,grocery,1,3.90,3.90
T101479,2026-03-16 12:07,C0660,peanut butter,grocery,1,5.60,5.60
T101479,2026-03-16 12:07,C0660,tomatoes,produce,1,3.90,3.90
T101479,2026-03-16 12:07,C0660,dish soap,household,1,4.70,4.70
T101463,2026-03-16 16:17,C0203,butter,dairy,1,5.20,5.20
T101463,2026-03-16 16:17,C0203,tea,grocery,1,6.40,6.40
T101463,2026-03-16 16:17,C0203,white bread,bakery,2,2.90,5.80
T101463,2026-03-16 16:17,C0203,coffee beans,grocery,1,12.50,12.50
T101463,2026-03-16 16:17,C0203,chicken breast,meat,3,12.80,38.40
T101463,2026-03-16 16:17,C0203,diapers,baby,1,24.90,24.90
T101466,2026-03-16 16:23,,diapers,baby,1,24.90,24.90
T101466,2026-03-16 16:23,,salmon,fish,1,15.90,15.90
T101466,2026-03-16 16:23,,conditioner,care,1,7.40,7.40
T101466,2026-03-16 16:23,,peanut butter,grocery,1,5.60,5.60
T101482,2026-03-16 16:59,,olive oil,grocery,2,11.20,22.40
T101482,2026-03-16 16:59,,tomatoes,produce,1,3.90,3.90
T101482,2026-03-16 16:59,,salmon,fish,1,15.90,15.90
T101482,2026-03-16 16:59,,lemon,produce,1,0.90,0.90
T101480,2026-03-16 17:15,,milk 2%,dairy,1,3.80,3.80
T101480,2026-03-16 17:15,,butter,dairy,1,5.20,5.20
T101480,2026-03-16 17:15,,red wine,beverage,1,16.00,16.00
T101480,2026-03-16 17:15,,coffee beans,grocery,1,12.50,12.50
T101480,2026-03-16 17:15,,white bread,bakery,3,2.90,8.70
T101476,2026-03-16 17:31,,tortilla chips,snack,3,4.20,12.60
T101476,2026-03-16 17:31,,parmesan,dairy,1,8.90,8.90
T101476,2026-03-16 17:31,,pasta,grocery,1,2.30,2.30
T101476,2026-03-16 17:31,,lettuce,produce,1,2.60,2.60
T101471,2026-03-16 17:35,,peanut butter,grocery,1,5.60,5.60
T101471,2026-03-16 17:35,,butter,dairy,1,5.20,5.20
T101471,2026-03-16 17:35,,white bread,bakery,1,2.90,2.90
T101471,2026-03-16 17:35,,granola,grocery,1,6.20,6.20
T101471,2026-03-16 17:35,,coffee beans,grocery,1,12.50,12.50
T101471,2026-03-16 17:35,,salsa,grocery,1,3.90,3.90
T101471,2026-03-16 17:35,,chicken breast,meat,1,12.80,12.80
T101471,2026-03-16 17:35,,chicken breast,meat,1,12.80,12.80
T101471,2026-03-16 17:35,,coffee beans,grocery,1,12.50,12.50
T101475,2026-03-16 17:38,,baby formula,baby,1,28.50,28.50
T101475,2026-03-16 17:38,,beer,beverage,2,13.50,27.00
T101475,2026-03-16 17:38,,red wine,beverage,1,16.00,16.00
T101475,2026-03-16 17:38,,baby wipes,baby,1,6.70,6.70
T101475,2026-03-16 17:38,,salmon,fish,1,15.90,15.90
T101475,2026-03-16 17:38,,tortilla chips,snack,3,4.20,12.60
T101475,2026-03-16 17:38,,milk 2%,dairy,2,3.80,7.60
T101475,2026-03-16 17:38,,chocolate bar,snack,1,2.70,2.70
T101465,2026-03-16 17:41,C0043,chicken breast,meat,1,12.80,12.80
T101465,2026-03-16 17:41,C0043,dish soap,household,1,4.70,4.70
T101465,2026-03-16 17:41,C0043,tomato sauce,grocery,1,3.60,3.60
T101469,2026-03-16 18:00,C0716,bananas,produce,1,2.10,2.10
T101469,2026-03-16 18:00,C0716,peanut butter,grocery,1,5.60,5.60
T101469,2026-03-16 18:00,C0716,conditioner,care,1,7.40,7.40
T101469,2026-03-16 18:00,C0716,granola,grocery,1,6.20,6.20
T101469,2026-03-16 18:00,C0716,yogurt,dairy,1,4.60,4.60
T101469,2026-03-16 18:00,C0716,lettuce,produce,1,2.60,2.60
T101469,2026-03-16 18:00,C0716,cucumber,produce,1,1.70,1.70
T101481,2026-03-16 18:13,,diapers,baby,1,24.90,24.90
T101481,2026-03-16 18:13,,baby formula,baby,1,28.50,28.50
T101481,2026-03-16 18:13,,berries,produce,1,5.80,5.80
T101481,2026-03-16 18:13,,butter,dairy,1,5.20,5.20
T101481,2026-03-16 18:13,,baby wipes,baby,1,6.70,6.70
T101481,2026-03-16 18:13,,whole wheat bread,bakery,1,3.40,3.40
T101473,2026-03-16 18:29,C0113,toothpaste,care,1,4.50,4.50
T101473,2026-03-16 18:29,C0113,lemon,produce,1,0.90,0.90
T101473,2026-03-16 18:29,C0113,tortilla chips,snack,1,4.20,4.20
T101473,2026-03-16 18:29,C0113,pasta,grocery,1,2.30,2.30
T101470,2026-03-16 18:46,C0600,white bread,bakery,1,2.90,2.90
T101470,2026-03-16 18:46,C0600,paper towels,household,1,8.30,8.30
T101470,2026-03-16 18:46,C0600,lemon,produce,1,0.90,0.90
T101470,2026-03-16 18:46,C0600,laundry detergent,household,2,14.20,28.40
T101470,2026-03-16 18:46,C0600,berries,produce,1,5.80,5.80
T101470,2026-03-16 18:46,C0600,toilet paper,household,1,11.90,11.90
T101470,2026-03-16 18:46,C0600,cucumber,produce,1,1.70,1.70
T101470,2026-03-16 18:46,C0600,shampoo,care,1,7.40,7.40
T101468,2026-03-16 19:15,C0290,toilet paper,household,1,11.90,11.90
T101468,2026-03-16 19:15,C0290,trash bags,household,1,9.10,9.10
T101468,2026-03-16 19:15,C0290,laundry detergent,household,1,14.20,14.20
T101468,2026-03-16 19:15,C0290,peanuts,snack,1,4.80,4.80
T101468,2026-03-16 19:15,C0290,ice cream,frozen,1,6.50,6.50
T101468,2026-03-16 19:15,C0290,paper towels,household,1,8.30,8.30
T101468,2026-03-16 19:15,C0290,bacon,meat,1,7.80,7.80
T101468,2026-03-16 19:15,C0290,peanut butter,grocery,2,5.60,11.20
T101477,2026-03-16 19:29,,butter,dairy,1,5.20,5.20
T101477,2026-03-16 19:29,,peanuts,snack,3,4.80,14.40
T101477,2026-03-16 19:29,,beer,beverage,1,13.50,13.50
T101477,2026-03-16 19:29,,peanut butter,grocery,1,5.60,5.60
T101477,2026-03-16 19:29,,baby wipes,baby,3,6.70,20.10
T101477,2026-03-16 19:29,,diapers,baby,1,24.90,24.90
T101477,2026-03-16 19:29,,white bread,bakery,1,2.90,2.90
T101492,2026-03-17 10:25,,milk 2%,dairy,3,3.80,11.40
T101492,2026-03-17 10:25,,white bread,bakery,1,2.90,2.90
T101492,2026-03-17 10:25,,coffee beans,grocery,3,12.50,37.50
T101492,2026-03-17 10:25,,strawberry jam,grocery,1,4.10,4.10
T101492,2026-03-17 10:25,,tomatoes,produce,1,3.90,3.90
T101492,2026-03-17 10:25,,butter,dairy,1,5.20,5.20
T101484,2026-03-17 11:42,C0568,white bread,bakery,1,2.90,2.90
T101484,2026-03-17 11:42,C0568,butter,dairy,1,5.20,5.20
T101484,2026-03-17 11:42,C0568,toothpaste,care,2,4.50,9.00
T101484,2026-03-17 11:42,C0568,dish soap,household,3,4.70,14.10
T101484,2026-03-17 11:42,C0568,eggs,dairy,1,4.90,4.90
T101484,2026-03-17 11:42,C0568,frozen pizza,frozen,1,7.20,7.20
T101486,2026-03-17 12:12,,red wine,beverage,3,16.00,48.00
T101486,2026-03-17 12:12,,tomato sauce,grocery,2,3.60,7.20
T101483,2026-03-17 12:15,C0786,milk 2%,dairy,1,3.80,3.80
T101483,2026-03-17 12:15,C0786,conditioner,care,1,7.40,7.40
T101483,2026-03-17 12:15,C0786,trash bags,household,2,9.10,18.20
T101483,2026-03-17 12:15,C0786,paper towels,household,1,8.30,8.30
T101483,2026-03-17 12:15,C0786,eggs,dairy,1,4.90,4.90
T101485,2026-03-17 16:18,C0095,shampoo,care,3,7.40,22.20
T101485,2026-03-17 16:18,C0095,paper towels,household,1,8.30,8.30
T101485,2026-03-17 16:18,C0095,toothpaste,care,2,4.50,9.00
T101485,2026-03-17 16:18,C0095,salmon,fish,3,15.90,47.70
T101487,2026-03-17 17:15,C0557,tortilla chips,snack,1,4.20,4.20
T101487,2026-03-17 17:15,C0557,laundry detergent,household,2,14.20,28.40
T101487,2026-03-17 17:15,C0557,toilet paper,household,1,11.90,11.90
T101487,2026-03-17 17:15,C0557,baby wipes,baby,3,6.70,20.10
T101487,2026-03-17 17:15,C0557,apples,produce,1,4.30,4.30
T101491,2026-03-17 17:30,,red wine,beverage,1,16.00,16.00
T101491,2026-03-17 17:30,,tomato sauce,grocery,1,3.60,3.60
T101491,2026-03-17 17:30,,sugar,grocery,1,3.20,3.20
T101491,2026-03-17 17:30,,salsa,grocery,1,3.90,3.90
T101491,2026-03-17 17:30,,diapers,baby,1,24.90,24.90
T101491,2026-03-17 17:30,,laundry detergent,household,1,14.20,14.20
T101491,2026-03-17 17:30,,parmesan,dairy,2,8.90,17.80
T101491,2026-03-17 17:30,,pasta,grocery,1,2.30,2.30
T101494,2026-03-17 17:30,C0830,pasta,grocery,1,2.30,2.30
T101494,2026-03-17 17:30,C0830,conditioner,care,2,7.40,14.80
T101494,2026-03-17 17:30,C0830,parmesan,dairy,1,8.90,8.90
T101494,2026-03-17 17:30,C0830,tomato sauce,grocery,2,3.60,7.20
T101490,2026-03-17 17:38,C0710,lemon,produce,3,0.90,2.70
T101490,2026-03-17 17:38,C0710,baby formula,baby,1,28.50,28.50
T101490,2026-03-17 17:38,C0710,salmon,fish,3,15.90,47.70
T101490,2026-03-17 17:38,C0710,eggs,dairy,1,4.90,4.90
T101490,2026-03-17 17:38,C0710,red wine,beverage,1,16.00,16.00
T101489,2026-03-17 18:39,,apples,produce,3,4.30,12.90
T101489,2026-03-17 18:39,,berries,produce,1,5.80,5.80
T101488,2026-03-17 18:44,C0302,trash bags,household,1,9.10,9.10
T101493,2026-03-17 18:44,,tomato sauce,grocery,2,3.60,7.20
T101493,2026-03-17 18:44,,tortilla chips,snack,1,4.20,4.20
T101493,2026-03-17 18:44,,trash bags,household,2,9.10,18.20
T101493,2026-03-17 18:44,,beer,beverage,2,13.50,27.00
T101493,2026-03-17 18:44,,peanuts,snack,1,4.80,4.80
T101493,2026-03-17 18:44,,salsa,grocery,1,3.90,3.90
T101495,2026-03-17 19:19,,ground beef,meat,1,9.40,9.40
T101495,2026-03-17 19:19,,toothpaste,care,1,4.50,4.50
T101495,2026-03-17 19:19,,bacon,meat,1,7.80,7.80
T101500,2026-03-18 08:42,C0411,parmesan,dairy,1,8.90,8.90
T101500,2026-03-18 08:42,C0411,olive oil,grocery,1,11.20,11.20
T101500,2026-03-18 08:42,C0411,pasta,grocery,1,2.30,2.30
T101500,2026-03-18 08:42,C0411,tomato sauce,grocery,1,3.60,3.60
T101500,2026-03-18 08:42,C0411,shampoo,care,1,7.40,7.40
T101500,2026-03-18 08:42,C0411,red wine,beverage,1,16.00,16.00
T101500,2026-03-18 08:42,C0411,avocado,produce,1,2.20,2.20
T101497,2026-03-18 09:32,C0336,strawberry jam,grocery,1,4.10,4.10
T101497,2026-03-18 09:32,C0336,lemon,produce,1,0.90,0.90
T101497,2026-03-18 09:32,C0336,butter,dairy,1,5.20,5.20
T101497,2026-03-18 09:32,C0336,diapers,baby,1,24.90,24.90
T101497,2026-03-18 09:32,C0336,milk 2%,dairy,1,3.80,3.80
T101497,2026-03-18 09:32,C0336,white bread,bakery,1,2.90,2.90
T101497,2026-03-18 09:32,C0336,ice cream,frozen,1,6.50,6.50
T101497,2026-03-18 09:32,C0336,eggs,dairy,3,4.90,14.70
T101497,2026-03-18 09:32,C0336,tomato sauce,grocery,1,3.60,3.60
T101502,2026-03-18 10:10,C0055,cucumber,produce,1,1.70,1.70
T101502,2026-03-18 10:10,C0055,diapers,baby,2,24.90,49.80
T101502,2026-03-18 10:10,C0055,olive oil,grocery,1,11.20,11.20
T101502,2026-03-18 10:10,C0055,tomato sauce,grocery,1,3.60,3.60
T101502,2026-03-18 10:10,C0055,butter,dairy,1,5.20,5.20
T101502,2026-03-18 10:10,C0055,pasta,grocery,1,2.30,2.30
T101502,2026-03-18 10:10,C0055,bananas,produce,2,2.10,4.20
T101502,2026-03-18 10:10,C0055,butter,dairy,1,5.20,5.20
T101496,2026-03-18 10:32,C0685,milk 2%,dairy,1,3.80,3.80
T101496,2026-03-18 10:32,C0685,avocado,produce,3,2.20,6.60
T101496,2026-03-18 10:32,C0685,butter,dairy,1,5.20,5.20
T101496,2026-03-18 10:32,C0685,coffee beans,grocery,1,12.50,12.50
T101496,2026-03-18 10:32,C0685,sugar,grocery,1,3.20,3.20
T101496,2026-03-18 10:32,C0685,eggs,dairy,1,4.90,4.90
T101496,2026-03-18 10:32,C0685,avocado,produce,3,2.20,6.60
T101506,2026-03-18 12:36,,coffee beans,grocery,1,12.50,12.50
T101506,2026-03-18 12:36,,sugar,grocery,1,3.20,3.20
T101506,2026-03-18 12:36,,eggs,dairy,1,4.90,4.90
T101506,2026-03-18 12:36,,laundry detergent,household,1,14.20,14.20
T101501,2026-03-18 13:01,,granola,grocery,1,6.20,6.20
T101501,2026-03-18 13:01,,shampoo,care,2,7.40,14.80
T101501,2026-03-18 13:01,,apples,produce,1,4.30,4.30
T101501,2026-03-18 13:01,,toothpaste,care,1,4.50,4.50
T101501,2026-03-18 13:01,,beer,beverage,1,13.50,13.50
T101501,2026-03-18 13:01,,parmesan,dairy,2,8.90,17.80
T101501,2026-03-18 13:01,,baby wipes,baby,1,6.70,6.70
T101503,2026-03-18 13:15,,granola,grocery,1,6.20,6.20
T101503,2026-03-18 13:15,,pasta,grocery,1,2.30,2.30
T101503,2026-03-18 13:15,,parmesan,dairy,1,8.90,8.90
T101503,2026-03-18 13:15,,yogurt,dairy,3,4.60,13.80
T101503,2026-03-18 13:15,,berries,produce,1,5.80,5.80
T101503,2026-03-18 13:15,,baby formula,baby,1,28.50,28.50
T101505,2026-03-18 18:00,C0167,eggs,dairy,1,4.90,4.90
T101505,2026-03-18 18:00,C0167,parmesan,dairy,1,8.90,8.90
T101505,2026-03-18 18:00,C0167,granola,grocery,1,6.20,6.20
T101505,2026-03-18 18:00,C0167,pasta,grocery,1,2.30,2.30
T101505,2026-03-18 18:00,C0167,coffee beans,grocery,1,12.50,12.50
T101498,2026-03-18 18:09,C0053,ground beef,meat,1,9.40,9.40
T101498,2026-03-18 18:09,C0053,frozen pizza,frozen,1,7.20,7.20
T101498,2026-03-18 18:09,C0053,parmesan,dairy,1,8.90,8.90
T101498,2026-03-18 18:09,C0053,olive oil,grocery,1,11.20,11.20
T101498,2026-03-18 18:09,C0053,tomato sauce,grocery,1,3.60,3.60
T101498,2026-03-18 18:09,C0053,peanuts,snack,2,4.80,9.60
T101498,2026-03-18 18:09,C0053,red wine,beverage,3,16.00,48.00
T101498,2026-03-18 18:09,C0053,conditioner,care,1,7.40,7.40
T101498,2026-03-18 18:09,C0053,pasta,grocery,1,2.30,2.30
T101499,2026-03-18 19:54,,milk 2%,dairy,1,3.80,3.80
T101499,2026-03-18 19:54,,coffee beans,grocery,1,12.50,12.50
T101499,2026-03-18 19:54,,cucumber,produce,1,1.70,1.70
T101499,2026-03-18 19:54,,white bread,bakery,1,2.90,2.90
T101499,2026-03-18 19:54,,conditioner,care,1,7.40,7.40
T101499,2026-03-18 19:54,,tea,grocery,1,6.40,6.40
T101499,2026-03-18 19:54,,shampoo,care,1,7.40,7.40
T101499,2026-03-18 19:54,,tortilla chips,snack,3,4.20,12.60
T101504,2026-03-18 20:03,,cucumber,produce,1,1.70,1.70
T101504,2026-03-18 20:03,,lemon,produce,1,0.90,0.90
T101504,2026-03-18 20:03,,salmon,fish,1,15.90,15.90
T101526,2026-03-19 10:15,,peanuts,snack,1,4.80,4.80
T101526,2026-03-19 10:15,,salsa,grocery,3,3.90,11.70
T101526,2026-03-19 10:15,,peanut butter,grocery,1,5.60,5.60
T101526,2026-03-19 10:15,,beer,beverage,1,13.50,13.50
T101526,2026-03-19 10:15,,white bread,bakery,1,2.90,2.90
T101521,2026-03-19 10:18,C0483,salmon,fish,3,15.90,47.70
T101521,2026-03-19 10:18,C0483,coffee beans,grocery,3,12.50,37.50
T101514,2026-03-19 10:20,C0109,white bread,bakery,1,2.90,2.90
T101514,2026-03-19 10:20,C0109,butter,dairy,2,5.20,10.40
T101514,2026-03-19 10:20,C0109,orange juice,beverage,1,4.40,4.40
T101514,2026-03-19 10:20,C0109,eggs,dairy,2,4.90,9.80
T101514,2026-03-19 10:20,C0109,apples,produce,1,4.30,4.30
T101527,2026-03-19 10:45,C0843,pasta,grocery,1,2.30,2.30
T101527,2026-03-19 10:45,C0843,parmesan,dairy,1,8.90,8.90
T101527,2026-03-19 10:45,C0843,frozen pizza,frozen,1,7.20,7.20
T101527,2026-03-19 10:45,C0843,red wine,beverage,1,16.00,16.00
T101527,2026-03-19 10:45,C0843,toothpaste,care,1,4.50,4.50
T101527,2026-03-19 10:45,C0843,yogurt,dairy,1,4.60,4.60
T101527,2026-03-19 10:45,C0843,salmon,fish,1,15.90,15.90
T101527,2026-03-19 10:45,C0843,tomato sauce,grocery,1,3.60,3.60
T101515,2026-03-19 11:37,,apples,produce,1,4.30,4.30
T101515,2026-03-19 11:37,,yogurt,dairy,2,4.60,9.20
T101515,2026-03-19 11:37,,bananas,produce,3,2.10,6.30
T101515,2026-03-19 11:37,,whole wheat bread,bakery,1,3.40,3.40
T101515,2026-03-19 11:37,,avocado,produce,1,2.20,2.20
T101517,2026-03-19 12:33,C0678,strawberry jam,grocery,2,4.10,8.20
T101517,2026-03-19 12:33,C0678,white bread,bakery,3,2.90,8.70
T101517,2026-03-19 12:33,C0678,butter,dairy,1,5.20,5.20
T101517,2026-03-19 12:33,C0678,tomatoes,produce,3,3.90,11.70
T101517,2026-03-19 12:33,C0678,chicken breast,meat,1,12.80,12.80
T101517,2026-03-19 12:33,C0678,eggs,dairy,1,4.90,4.90
T101517,2026-03-19 12:33,C0678,coffee beans,grocery,1,12.50,12.50
T101517,2026-03-19 12:33,C0678,sugar,grocery,1,3.20,3.20
T101517,2026-03-19 12:33,C0678,lettuce,produce,1,2.60,2.60
T101523,2026-03-19 12:36,C0137,salmon,fish,2,15.90,31.80
T101523,2026-03-19 12:36,C0137,laundry detergent,household,1,14.20,14.20
T101523,2026-03-19 12:36,C0137,paper towels,household,1,8.30,8.30
T101523,2026-03-19 12:36,C0137,toilet paper,household,1,11.90,11.90
T101511,2026-03-19 13:24,C0247,frozen pizza,frozen,1,7.20,7.20
T101511,2026-03-19 13:24,C0247,dish soap,household,1,4.70,4.70
T101511,2026-03-19 13:24,C0247,peanuts,snack,1,4.80,4.80
T101511,2026-03-19 13:24,C0247,salsa,grocery,1,3.90,3.90
T101511,2026-03-19 13:24,C0247,tortilla chips,snack,1,4.20,4.20
T101511,2026-03-19 13:24,C0247,beer,beverage,1,13.50,13.50
T101511,2026-03-19 13:24,C0247,chicken breast,meat,3,12.80,38.40
T101513,2026-03-19 13:58,C0033,sparkling water,beverage,1,3.10,3.10
T101513,2026-03-19 13:58,C0033,parmesan,dairy,1,8.90,8.90
T101513,2026-03-19 13:58,C0033,bananas,produce,1,2.10,2.10
T101513,2026-03-19 13:58,C0033,yogurt,dairy,1,4.60,4.60
T101513,2026-03-19 13:58,C0033,berries,produce,3,5.80,17.40
T101510,2026-03-19 16:25,C0382,sugar,grocery,2,3.20,6.40
T101510,2026-03-19 16:25,C0382,laundry detergent,household,1,14.20,14.20
T101510,2026-03-19 16:25,C0382,coffee beans,grocery,1,12.50,12.50
T101510,2026-03-19 16:25,C0382,croissant,bakery,1,1.80,1.80
T101510,2026-03-19 16:25,C0382,diapers,baby,1,24.90,24.90
T101510,2026-03-19 16:25,C0382,lettuce,produce,1,2.60,2.60
T101528,2026-03-19 17:00,C0330,ground beef,meat,3,9.40,28.20
T101528,2026-03-19 17:00,C0330,conditioner,care,1,7.40,7.40
T101528,2026-03-19 17:00,C0330,shampoo,care,1,7.40,7.40
T101528,2026-03-19 17:00,C0330,toothpaste,care,1,4.50,4.50
T101528,2026-03-19 17:00,C0330,diapers,baby,1,24.90,24.90
T101525,2026-03-19 17:07,C0511,whole wheat bread,bakery,1,3.40,3.40
T101525,2026-03-19 17:07,C0511,berries,produce,1,5.80,5.80
T101525,2026-03-19 17:07,C0511,tea,grocery,1,6.40,6.40
T101525,2026-03-19 17:07,C0511,croissant,bakery,2,1.80,3.60
T101525,2026-03-19 17:07,C0511,yogurt,dairy,1,4.60,4.60
T101508,2026-03-19 17:52,C0298,shampoo,care,1,7.40,7.40
T101508,2026-03-19 17:52,C0298,olive oil,grocery,1,11.20,11.20
T101508,2026-03-19 17:52,C0298,salmon,fish,2,15.90,31.80
T101508,2026-03-19 17:52,C0298,toilet paper,household,1,11.90,11.90
T101508,2026-03-19 17:52,C0298,conditioner,care,1,7.40,7.40
T101508,2026-03-19 17:52,C0298,lemon,produce,3,0.90,2.70
T101509,2026-03-19 18:16,C0755,baby wipes,baby,1,6.70,6.70
T101509,2026-03-19 18:16,C0755,chicken breast,meat,1,12.80,12.80
T101509,2026-03-19 18:16,C0755,lemon,produce,1,0.90,0.90
T101518,2026-03-19 18:26,C0145,chicken breast,meat,2,12.80,25.60
T101518,2026-03-19 18:26,C0145,milk 2%,dairy,1,3.80,3.80
T101518,2026-03-19 18:26,C0145,paper towels,household,1,8.30,8.30
T101524,2026-03-19 19:01,C0540,parmesan,dairy,1,8.90,8.90
T101524,2026-03-19 19:01,C0540,croissant,bakery,1,1.80,1.80
T101524,2026-03-19 19:01,C0540,cucumber,produce,3,1.70,5.10
T101524,2026-03-19 19:01,C0540,salmon,fish,1,15.90,15.90
T101524,2026-03-19 19:01,C0540,lemon,produce,1,0.90,0.90
T101524,2026-03-19 19:01,C0540,lettuce,produce,1,2.60,2.60
T101519,2026-03-19 19:27,,berries,produce,1,5.80,5.80
T101519,2026-03-19 19:27,,lettuce,produce,3,2.60,7.80
T101519,2026-03-19 19:27,,yogurt,dairy,1,4.60,4.60
T101519,2026-03-19 19:27,,bananas,produce,1,2.10,2.10
T101519,2026-03-19 19:27,,avocado,produce,1,2.20,2.20
T101522,2026-03-19 19:33,C0297,ground beef,meat,1,9.40,9.40
T101522,2026-03-19 19:33,C0297,shampoo,care,1,7.40,7.40
T101522,2026-03-19 19:33,C0297,conditioner,care,1,7.40,7.40
T101522,2026-03-19 19:33,C0297,trash bags,household,2,9.10,18.20
T101512,2026-03-19 19:38,C0816,white bread,bakery,1,2.90,2.90
T101512,2026-03-19 19:38,C0816,sugar,grocery,1,3.20,3.20
T101512,2026-03-19 19:38,C0816,paper towels,household,1,8.30,8.30
T101512,2026-03-19 19:38,C0816,strawberry jam,grocery,1,4.10,4.10
T101512,2026-03-19 19:38,C0816,coffee beans,grocery,1,12.50,12.50
T101520,2026-03-19 19:58,C0811,toothpaste,care,1,4.50,4.50
T101516,2026-03-19 20:11,,paper towels,household,1,8.30,8.30
T101516,2026-03-19 20:11,,ground beef,meat,1,9.40,9.40
T101516,2026-03-19 20:11,,parmesan,dairy,2,8.90,17.80
T101516,2026-03-19 20:11,,chocolate bar,snack,2,2.70,5.40
T101516,2026-03-19 20:11,,pasta,grocery,1,2.30,2.30
T101516,2026-03-19 20:11,,tomatoes,produce,2,3.90,7.80
T101516,2026-03-19 20:11,,croissant,bakery,1,1.80,1.80
T101516,2026-03-19 20:11,,tomato sauce,grocery,1,3.60,3.60
T101507,2026-03-19 20:19,,eggs,dairy,2,4.90,9.80
T101507,2026-03-19 20:19,,tomatoes,produce,3,3.90,11.70
T101507,2026-03-19 20:19,,ground beef,meat,1,9.40,9.40
T101507,2026-03-19 20:19,,white bread,bakery,1,2.90,2.90
T101507,2026-03-19 20:19,,coffee beans,grocery,1,12.50,12.50
T101507,2026-03-19 20:19,,conditioner,care,1,7.40,7.40
T101507,2026-03-19 20:19,,butter,dairy,1,5.20,5.20
T101507,2026-03-19 20:19,,paper towels,household,1,8.30,8.30
T101533,2026-03-20 10:12,,eggs,dairy,1,4.90,4.90
T101533,2026-03-20 10:12,,butter,dairy,1,5.20,5.20
T101533,2026-03-20 10:12,,conditioner,care,1,7.40,7.40
T101537,2026-03-20 10:58,,tortilla chips,snack,1,4.20,4.20
T101537,2026-03-20 10:58,,butter,dairy,1,5.20,5.20
T101537,2026-03-20 10:58,,strawberry jam,grocery,1,4.10,4.10
T101537,2026-03-20 10:58,,beer,beverage,1,13.50,13.50
T101537,2026-03-20 10:58,,shampoo,care,1,7.40,7.40
T101537,2026-03-20 10:58,,salsa,grocery,1,3.90,3.90
T101537,2026-03-20 10:58,,toothpaste,care,1,4.50,4.50
T101542,2026-03-20 11:19,C0234,ice cream,frozen,1,6.50,6.50
T101542,2026-03-20 11:19,C0234,salsa,grocery,1,3.90,3.90
T101542,2026-03-20 11:19,C0234,beer,beverage,1,13.50,13.50
T101542,2026-03-20 11:19,C0234,tortilla chips,snack,1,4.20,4.20
T101542,2026-03-20 11:19,C0234,peanuts,snack,1,4.80,4.80
T101542,2026-03-20 11:19,C0234,chocolate bar,snack,1,2.70,2.70
T101542,2026-03-20 11:19,C0234,trash bags,household,1,9.10,9.10
T101542,2026-03-20 11:19,C0234,trash bags,household,1,9.10,9.10
T101545,2026-03-20 11:46,,diapers,baby,1,24.90,24.90
T101545,2026-03-20 11:46,,toilet paper,household,1,11.90,11.90
T101545,2026-03-20 11:46,,laundry detergent,household,1,14.20,14.20
T101534,2026-03-20 12:07,,lettuce,produce,1,2.60,2.60
T101534,2026-03-20 12:07,,granola,grocery,1,6.20,6.20
T101534,2026-03-20 12:07,,bananas,produce,1,2.10,2.10
T101534,2026-03-20 12:07,,berries,produce,1,5.80,5.80
T101534,2026-03-20 12:07,,lemon,produce,1,0.90,0.90
T101534,2026-03-20 12:07,,yogurt,dairy,3,4.60,13.80
T101534,2026-03-20 12:07,,chicken breast,meat,3,12.80,38.40
T101534,2026-03-20 12:07,,avocado,produce,1,2.20,2.20
T101548,2026-03-20 12:15,C0216,granola,grocery,2,6.20,12.40
T101548,2026-03-20 12:15,C0216,beer,beverage,1,13.50,13.50
T101548,2026-03-20 12:15,C0216,lettuce,produce,1,2.60,2.60
T101548,2026-03-20 12:15,C0216,salsa,grocery,3,3.90,11.70
T101548,2026-03-20 12:15,C0216,peanuts,snack,1,4.80,4.80
T101548,2026-03-20 12:15,C0216,tortilla chips,snack,1,4.20,4.20
T101548,2026-03-20 12:15,C0216,strawberry jam,grocery,1,4.10,4.10
T101529,2026-03-20 12:33,C0482,butter,dairy,1,5.20,5.20
T101529,2026-03-20 12:33,C0482,frozen pizza,frozen,2,7.20,14.40
T101529,2026-03-20 12:33,C0482,milk 2%,dairy,1,3.80,3.80
T101529,2026-03-20 12:33,C0482,eggs,dairy,1,4.90,4.90
T101529,2026-03-20 12:33,C0482,white bread,bakery,1,2.90,2.90
T101544,2026-03-20 12:51,,trash bags,household,1,9.10,9.10
T101544,2026-03-20 12:51,,toilet paper,household,1,11.90,11.90
T101546,2026-03-20 12:54,,milk 2%,dairy,1,3.80,3.80
T101547,2026-03-20 13:47,,granola,grocery,1,6.20,6.20
T101547,2026-03-20 13:47,,laundry detergent,household,2,14.20,28.40
T101547,2026-03-20 13:47,,lettuce,produce,3,2.60,7.80
T101547,2026-03-20 13:47,,berries,produce,1,5.80,5.80
T101547,2026-03-20 13:47,,dish soap,household,1,4.70,4.70
T101547,2026-03-20 13:47,,paper towels,household,1,8.30,8.30
T101547,2026-03-20 13:47,,butter,dairy,2,5.20,10.40
T101547,2026-03-20 13:47,,toilet paper,household,2,11.90,23.80
T101539,2026-03-20 16:22,,diapers,baby,1,24.90,24.90
T101539,2026-03-20 16:22,,tomato sauce,grocery,2,3.60,7.20
T101539,2026-03-20 16:22,,pasta,grocery,2,2.30,4.60
T101539,2026-03-20 16:22,,milk 2%,dairy,1,3.80,3.80
T101551,2026-03-20 16:26,C0595,peanuts,snack,1,4.80,4.80
T101551,2026-03-20 16:26,C0595,tortilla chips,snack,3,4.20,12.60
T101551,2026-03-20 16:26,C0595,ice cream,frozen,1,6.50,6.50
T101551,2026-03-20 16:26,C0595,toothpaste,care,1,4.50,4.50
T101551,2026-03-20 16:26,C0595,peanut butter,grocery,1,5.60,5.60
T101551,2026-03-20 16:26,C0595,salsa,grocery,1,3.90,3.90
T101535,2026-03-20 16:35,C0765,parmesan,dairy,1,8.90,8.90
T101535,2026-03-20 16:35,C0765,chocolate bar,snack,3,2.70,8.10
T101535,2026-03-20 16:35,C0765,coffee beans,grocery,3,12.50,37.50
T101535,2026-03-20 16:35,C0765,butter,dairy,1,5.20,5.20
T101535,2026-03-20 16:35,C0765,pasta,grocery,1,2.30,2.30
T101535,2026-03-20 16:35,C0765,white bread,bakery,2,2.90,5.80
T101535,2026-03-20 16:35,C0765,strawberry jam,grocery,2,4.10,8.20
T101535,2026-03-20 16:35,C0765,eggs,dairy,1,4.90,4.90
T101535,2026-03-20 16:35,C0765,tortilla chips,snack,1,4.20,4.20
T101535,2026-03-20 16:35,C0765,milk 2%,dairy,1,3.80,3.80
T101535,2026-03-20 16:35,C0765,lettuce,produce,1,2.60,2.60
T101540,2026-03-20 16:38,C0168,pasta,grocery,1,2.30,2.30
T101540,2026-03-20 16:38,C0168,red wine,beverage,1,16.00,16.00
T101540,2026-03-20 16:38,C0168,olive oil,grocery,1,11.20,11.20
T101540,2026-03-20 16:38,C0168,tomato sauce,grocery,1,3.60,3.60
T101540,2026-03-20 16:38,C0168,avocado,produce,1,2.20,2.20
T101532,2026-03-20 16:41,C0745,butter,dairy,1,5.20,5.20
T101532,2026-03-20 16:41,C0745,chicken breast,meat,1,12.80,12.80
T101532,2026-03-20 16:41,C0745,white bread,bakery,1,2.90,2.90
T101532,2026-03-20 16:41,C0745,eggs,dairy,1,4.90,4.90
T101549,2026-03-20 16:59,C0235,parmesan,dairy,1,8.90,8.90
T101549,2026-03-20 16:59,C0235,pasta,grocery,1,2.30,2.30
T101549,2026-03-20 16:59,C0235,baby wipes,baby,3,6.70,20.10
T101549,2026-03-20 16:59,C0235,tomato sauce,grocery,2,3.60,7.20
T101549,2026-03-20 16:59,C0235,ground beef,meat,1,9.40,9.40
T101549,2026-03-20 16:59,C0235,ice cream,frozen,3,6.50,19.50
T101549,2026-03-20 16:59,C0235,bananas,produce,3,2.10,6.30
T101536,2026-03-20 17:03,C0291,lettuce,produce,1,2.60,2.60
T101536,2026-03-20 17:03,C0291,bananas,produce,1,2.10,2.10
T101536,2026-03-20 17:03,C0291,frozen pizza,frozen,1,7.20,7.20
T101536,2026-03-20 17:03,C0291,yogurt,dairy,1,4.60,4.60
T101536,2026-03-20 17:03,C0291,strawberry jam,grocery,1,4.10,4.10
T101550,2026-03-20 17:46,C0816,ice cream,frozen,2,6.50,13.00
T101550,2026-03-20 17:46,C0816,avocado,produce,2,2.20,4.40
T101550,2026-03-20 17:46,C0816,tortilla chips,snack,1,4.20,4.20
T101550,2026-03-20 17:46,C0816,apples,produce,1,4.30,4.30
T101550,2026-03-20 17:46,C0816,peanut butter,grocery,2,5.60,11.20
T101550,2026-03-20 17:46,C0816,beer,beverage,1,13.50,13.50
T101531,2026-03-20 18:34,C0614,yogurt,dairy,1,4.60,4.60
T101531,2026-03-20 18:34,C0614,bananas,produce,1,2.10,2.10
T101531,2026-03-20 18:34,C0614,toilet paper,household,3,11.90,35.70
T101531,2026-03-20 18:34,C0614,berries,produce,1,5.80,5.80
T101531,2026-03-20 18:34,C0614,granola,grocery,1,6.20,6.20
T101538,2026-03-20 18:36,,olive oil,grocery,1,11.20,11.20
T101538,2026-03-20 18:36,,chicken breast,meat,1,12.80,12.80
T101538,2026-03-20 18:36,,pasta,grocery,2,2.30,4.60
T101538,2026-03-20 18:36,,ground beef,meat,1,9.40,9.40
T101538,2026-03-20 18:36,,trash bags,household,2,9.10,18.20
T101543,2026-03-20 18:38,,peanuts,snack,1,4.80,4.80
T101543,2026-03-20 18:38,,tomato sauce,grocery,1,3.60,3.60
T101543,2026-03-20 18:38,,beer,beverage,1,13.50,13.50
T101543,2026-03-20 18:38,,salsa,grocery,1,3.90,3.90
T101543,2026-03-20 18:38,,diapers,baby,1,24.90,24.90
T101543,2026-03-20 18:38,,eggs,dairy,1,4.90,4.90
T101543,2026-03-20 18:38,,parmesan,dairy,1,8.90,8.90
T101543,2026-03-20 18:38,,baby wipes,baby,1,6.70,6.70
T101530,2026-03-20 19:37,C0087,strawberry jam,grocery,1,4.10,4.10
T101530,2026-03-20 19:37,C0087,butter,dairy,1,5.20,5.20
T101530,2026-03-20 19:37,C0087,white bread,bakery,1,2.90,2.90
T101530,2026-03-20 19:37,C0087,salmon,fish,1,15.90,15.90
T101530,2026-03-20 19:37,C0087,eggs,dairy,1,4.90,4.90
T101541,2026-03-20 19:37,C0511,ice cream,frozen,1,6.50,6.50
T101541,2026-03-20 19:37,C0511,diapers,baby,3,24.90,74.70
T101541,2026-03-20 19:37,C0511,laundry detergent,household,1,14.20,14.20
T101541,2026-03-20 19:37,C0511,toilet paper,household,1,11.90,11.90
T101541,2026-03-20 19:37,C0511,paper towels,household,1,8.30,8.30
T101552,2026-03-20 20:53,,parmesan,dairy,1,8.90,8.90
T101552,2026-03-20 20:53,,dish soap,household,1,4.70,4.70
T101552,2026-03-20 20:53,,butter,dairy,1,5.20,5.20
T101552,2026-03-20 20:53,,coffee beans,grocery,1,12.50,12.50
T101552,2026-03-20 20:53,,white bread,bakery,1,2.90,2.90
T101564,2026-03-21 08:32,C0410,shampoo,care,1,7.40,7.40
T101564,2026-03-21 08:32,C0410,tortilla chips,snack,1,4.20,4.20
T101564,2026-03-21 08:32,C0410,beer,beverage,1,13.50,13.50
T101556,2026-03-21 09:06,,red wine,beverage,1,16.00,16.00
T101556,2026-03-21 09:06,,olive oil,grocery,1,11.20,11.20
T101556,2026-03-21 09:06,,ground beef,meat,1,9.40,9.40
T101556,2026-03-21 09:06,,tomato sauce,grocery,2,3.60,7.20
T101556,2026-03-21 09:06,,cucumber,produce,1,1.70,1.70
T101556,2026-03-21 09:06,,pasta,grocery,1,2.30,2.30
T101570,2026-03-21 10:38,C0414,frozen pizza,frozen,1,7.20,7.20
T101570,2026-03-21 10:38,C0414,salmon,fish,1,15.90,15.90
T101570,2026-03-21 10:38,C0414,red wine,beverage,1,16.00,16.00
T101570,2026-03-21 10:38,C0414,cucumber,produce,1,1.70,1.70
T101559,2026-03-21 11:00,,ice cream,frozen,1,6.50,6.50
T101559,2026-03-21 11:00,,toilet paper,household,1,11.90,11.90
T101559,2026-03-21 11:00,,beer,beverage,3,13.50,40.50
T101559,2026-03-21 11:00,,cucumber,produce,3,1.70,5.10
T101559,2026-03-21 11:00,,trash bags,household,1,9.10,9.10
T101574,2026-03-21 11:14,C0447,conditioner,care,3,7.40,22.20
T101574,2026-03-21 11:14,C0447,cucumber,produce,1,1.70,1.70
T101574,2026-03-21 11:14,C0447,baby wipes,baby,1,6.70,6.70
T101574,2026-03-21 11:14,C0447,diapers,baby,1,24.90,24.90
T101574,2026-03-21 11:14,C0447,whole wheat bread,bakery,1,3.40,3.40
T101558,2026-03-21 12:08,,peanuts,snack,1,4.80,4.80
T101558,2026-03-21 12:08,,beer,beverage,1,13.50,13.50
T101558,2026-03-21 12:08,,shampoo,care,1,7.40,7.40
T101569,2026-03-21 12:39,,milk 2%,dairy,1,3.80,3.80
T101569,2026-03-21 12:39,,toilet paper,household,2,11.90,23.80
T101575,2026-03-21 12:42,C0457,berries,produce,1,5.80,5.80
T101575,2026-03-21 12:42,C0457,bananas,produce,1,2.10,2.10
T101575,2026-03-21 12:42,C0457,conditioner,care,2,7.40,14.80
T101575,2026-03-21 12:42,C0457,yogurt,dairy,1,4.60,4.60
T101554,2026-03-21 13:17,C0662,red wine,beverage,1,16.00,16.00
T101554,2026-03-21 13:17,C0662,cucumber,produce,1,1.70,1.70
T101555,2026-03-21 16:09,,bananas,produce,1,2.10,2.10
T101555,2026-03-21 16:09,,berries,produce,1,5.80,5.80
T101555,2026-03-21 16:09,,strawberry jam,grocery,1,4.10,4.10
T101555,2026-03-21 16:09,,avocado,produce,1,2.20,2.20
T101555,2026-03-21 16:09,,diapers,baby,3,24.90,74.70
T101555,2026-03-21 16:09,,lettuce,produce,1,2.60,2.60
T101555,2026-03-21 16:09,,parmesan,dairy,3,8.90,26.70
T101555,2026-03-21 16:09,,granola,grocery,1,6.20,6.20
T101555,2026-03-21 16:09,,yogurt,dairy,1,4.60,4.60
T101555,2026-03-21 16:09,,chicken breast,meat,1,12.80,12.80
T101553,2026-03-21 16:11,C0452,pasta,grocery,1,2.30,2.30
T101553,2026-03-21 16:11,C0452,tomato sauce,grocery,1,3.60,3.60
T101553,2026-03-21 16:11,C0452,whole wheat bread,bakery,1,3.40,3.40
T101553,2026-03-21 16:11,C0452,parmesan,dairy,1,8.90,8.90
T101553,2026-03-21 16:11,C0452,tomatoes,produce,1,3.90,3.90
T101553,2026-03-21 16:11,C0452,pasta,grocery,1,2.30,2.30
T101573,2026-03-21 16:38,,tomatoes,produce,3,3.90,11.70
T101573,2026-03-21 16:38,,red wine,beverage,1,16.00,16.00
T101573,2026-03-21 16:38,,tomato sauce,grocery,1,3.60,3.60
T101573,2026-03-21 16:38,,avocado,produce,2,2.20,4.40
T101573,2026-03-21 16:38,,conditioner,care,1,7.40,7.40
T101573,2026-03-21 16:38,,coffee beans,grocery,2,12.50,25.00
T101577,2026-03-21 16:48,C0632,coffee beans,grocery,1,12.50,12.50
T101577,2026-03-21 16:48,C0632,milk 2%,dairy,1,3.80,3.80
T101577,2026-03-21 16:48,C0632,sugar,grocery,1,3.20,3.20
T101566,2026-03-21 17:00,,toothpaste,care,2,4.50,9.00
T101566,2026-03-21 17:00,,tea,grocery,3,6.40,19.20
T101566,2026-03-21 17:00,,croissant,bakery,1,1.80,1.80
T101566,2026-03-21 17:00,,butter,dairy,2,5.20,10.40
T101566,2026-03-21 17:00,,shampoo,care,1,7.40,7.40
T101566,2026-03-21 17:00,,conditioner,care,1,7.40,7.40
T101566,2026-03-21 17:00,,lettuce,produce,1,2.60,2.60
T101566,2026-03-21 17:00,,peanut butter,grocery,1,5.60,5.60
T101568,2026-03-21 17:17,,olive oil,grocery,1,11.20,11.20
T101568,2026-03-21 17:17,,tomato sauce,grocery,1,3.60,3.60
T101568,2026-03-21 17:17,,bananas,produce,1,2.10,2.10
T101568,2026-03-21 17:17,,salmon,fish,1,15.90,15.90
T101568,2026-03-21 17:17,,parmesan,dairy,3,8.90,26.70
T101568,2026-03-21 17:17,,lemon,produce,1,0.90,0.90
T101561,2026-03-21 17:45,C0059,diapers,baby,1,24.90,24.90
T101561,2026-03-21 17:45,C0059,baby wipes,baby,3,6.70,20.10
T101561,2026-03-21 17:45,C0059,baby formula,baby,1,28.50,28.50
T101561,2026-03-21 17:45,C0059,bacon,meat,1,7.80,7.80
T101557,2026-03-21 17:49,C0749,conditioner,care,1,7.40,7.40
T101557,2026-03-21 17:49,C0749,salmon,fish,1,15.90,15.90
T101557,2026-03-21 17:49,C0749,tomatoes,produce,1,3.90,3.90
T101557,2026-03-21 17:49,C0749,parmesan,dairy,1,8.90,8.90
T101557,2026-03-21 17:49,C0749,frozen pizza,frozen,1,7.20,7.20
T101557,2026-03-21 17:49,C0749,diapers,baby,1,24.90,24.90
T101576,2026-03-21 17:49,C0798,tea,grocery,1,6.40,6.40
T101576,2026-03-21 17:49,C0798,tortilla chips,snack,1,4.20,4.20
T101576,2026-03-21 17:49,C0798,bacon,meat,1,7.80,7.80
T101576,2026-03-21 17:49,C0798,ice cream,frozen,1,6.50,6.50
T101576,2026-03-21 17:49,C0798,tomatoes,produce,2,3.90,7.80
T101576,2026-03-21 17:49,C0798,beer,beverage,2,13.50,27.00
T101576,2026-03-21 17:49,C0798,beer,beverage,2,13.50,27.00
T101572,2026-03-21 18:17,C0836,yogurt,dairy,1,4.60,4.60
T101572,2026-03-21 18:17,C0836,milk 2%,dairy,1,3.80,3.80
T101572,2026-03-21 18:17,C0836,  toilet paper ,household,1,11.90,11.90
T101572,2026-03-21 18:17,C0836,paper towels,household,1,8.30,8.30
T101572,2026-03-21 18:17,C0836,red wine,beverage,1,16.00,16.00
T101572,2026-03-21 18:17,C0836,tomatoes,produce,3,3.90,11.70
T101572,2026-03-21 18:17,C0836,laundry detergent,household,1,14.20,14.20
T101560,2026-03-21 19:07,C0139,granola,grocery,1,6.20,6.20
T101560,2026-03-21 19:07,C0139,whole wheat bread,bakery,1,3.40,3.40
T101560,2026-03-21 19:07,C0139,berries,produce,1,5.80,5.80
T101560,2026-03-21 19:07,C0139,yogurt,dairy,3,4.60,13.80
T101560,2026-03-21 19:07,C0139,white bread,bakery,1,2.90,2.90
T101560,2026-03-21 19:07,C0139,avocado,produce,1,2.20,2.20
T101560,2026-03-21 19:07,C0139,bananas,produce,3,2.10,6.30
T101571,2026-03-21 19:24,,coffee beans,grocery,1,12.50,12.50
T101571,2026-03-21 19:24,,butter,dairy,1,5.20,5.20
T101571,2026-03-21 19:24,,bacon,meat,3,7.80,23.40
T101571,2026-03-21 19:24,,avocado,produce,1,2.20,2.20
T101571,2026-03-21 19:24,,diapers,baby,1,24.90,24.90
T101571,2026-03-21 19:24,,white bread,bakery,1,2.90,2.90
T101571,2026-03-21 19:24,,milk 2%,dairy,1,3.80,3.80
T101571,2026-03-21 19:24,,strawberry jam,grocery,3,4.10,12.30
T101571,2026-03-21 19:24,,chocolate bar,snack,1,2.70,2.70
T101563,2026-03-21 19:32,C0162,trash bags,household,1,9.10,9.10
T101563,2026-03-21 19:32,C0162,tomato sauce,grocery,1,3.60,3.60
T101563,2026-03-21 19:32,C0162,granola,grocery,1,6.20,6.20
T101563,2026-03-21 19:32,C0162,beer,beverage,1,13.50,13.50
T101565,2026-03-21 19:38,C0370,parmesan,dairy,1,8.90,8.90
T101565,2026-03-21 19:38,C0370,pasta,grocery,1,2.30,2.30
T101565,2026-03-21 19:38,C0370,olive oil,grocery,1,11.20,11.20
T101565,2026-03-21 19:38,C0370,sugar,grocery,1,3.20,3.20
T101565,2026-03-21 19:38,C0370,tomato sauce,grocery,3,3.60,10.80
T101562,2026-03-21 20:04,,shampoo,care,1,7.40,7.40
T101562,2026-03-21 20:04,,conditioner,care,1,7.40,7.40
T101562,2026-03-21 20:04,,peanut butter,grocery,1,5.60,5.60
T101562,2026-03-21 20:04,,lemon,produce,1,0.90,0.90
T101562,2026-03-21 20:04,,eggs,dairy,1,4.90,4.90
T101562,2026-03-21 20:04,,salsa,grocery,1,3.90,3.90
T101562,2026-03-21 20:04,,toothpaste,care,1,4.50,4.50
T101567,2026-03-21 20:34,C0726,tomato sauce,grocery,1,3.60,3.60
T101567,2026-03-21 20:34,C0726,strawberry jam,grocery,1,4.10,4.10
T101567,2026-03-21 20:34,C0726,pasta,grocery,1,2.30,2.30
T101567,2026-03-21 20:34,C0726,frozen pizza,frozen,1,7.20,7.20
T101567,2026-03-21 20:34,C0726,olive oil,grocery,1,11.20,11.20
T101567,2026-03-21 20:34,C0726,coffee beans,grocery,1,12.50,12.50
T101567,2026-03-21 20:34,C0726,laundry detergent,household,1,14.20,14.20
T101592,2026-03-22 08:13,C0402,tomatoes,produce,1,3.90,3.90
T101592,2026-03-22 08:13,C0402,lettuce,produce,1,2.60,2.60
T101592,2026-03-22 08:13,C0402,chicken breast,meat,1,12.80,12.80
T101592,2026-03-22 08:13,C0402,toilet paper,household,1,11.90,11.90
T101592,2026-03-22 08:13,C0402,paper towels,household,3,8.30,24.90
T101592,2026-03-22 08:13,C0402,milk 2%,dairy,1,3.80,3.80
T101583,2026-03-22 09:09,C0828,croissant,bakery,2,1.80,3.60
T101583,2026-03-22 09:09,C0828,frozen pizza,frozen,1,7.20,7.20
T101583,2026-03-22 09:09,C0828,chicken breast,meat,1,12.80,12.80
T101583,2026-03-22 09:09,C0828,yogurt,dairy,1,4.60,4.60
T101583,2026-03-22 09:09,C0828,lettuce,produce,1,2.60,2.60
T101587,2026-03-22 09:39,,tea,grocery,2,6.40,12.80
T101587,2026-03-22 09:39,,eggs,dairy,1,4.90,4.90
T101587,2026-03-22 09:39,,tomatoes,produce,1,3.90,3.90
T101587,2026-03-22 09:39,,sugar,grocery,1,3.20,3.20
T101587,2026-03-22 09:39,,strawberry jam,grocery,1,4.10,4.10
T101587,2026-03-22 09:39,,white bread,bakery,1,2.90,2.90
T101587,2026-03-22 09:39,,croissant,bakery,1,1.80,1.80
T101585,2026-03-22 09:45,C0594,salsa,grocery,1,3.90,3.90
T101585,2026-03-22 09:45,C0594,diapers,baby,3,24.90,74.70
T101585,2026-03-22 09:45,C0594,peanuts,snack,1,4.80,4.80
T101585,2026-03-22 09:45,C0594,baby wipes,baby,1,6.70,6.70
T101585,2026-03-22 09:45,C0594,conditioner,care,1,7.40,7.40
T101585,2026-03-22 09:45,C0594,chocolate bar,snack,3,2.70,8.10
T101585,2026-03-22 09:45,C0594,salmon,fish,1,15.90,15.90
T101594,2026-03-22 10:24,C0070,whole wheat bread,bakery,1,3.40,3.40
T101594,2026-03-22 10:24,C0070,conditioner,care,1,7.40,7.40
T101594,2026-03-22 10:24,C0070,white bread,bakery,1,2.90,2.90
T101594,2026-03-22 10:24,C0070,coffee beans,grocery,1,12.50,12.50
T101588,2026-03-22 10:53,C0573,conditioner,care,1,7.40,7.40
T101588,2026-03-22 10:53,C0573,white bread,bakery,1,2.90,2.90
T101588,2026-03-22 10:53,C0573,coffee beans,grocery,1,12.50,12.50
T101586,2026-03-22 11:39,C0338,lemon,produce,1,0.90,0.90
T101586,2026-03-22 11:39,C0338,butter,dairy,1,5.20,5.20
T101586,2026-03-22 11:39,C0338,avocado,produce,1,2.20,2.20
T101586,2026-03-22 11:39,C0338,white bread,bakery,1,2.90,2.90
T101586,2026-03-22 11:39,C0338,peanuts,snack,1,4.80,4.80
T101589,2026-03-22 11:59,C0253,parmesan,dairy,1,8.90,8.90
T101589,2026-03-22 11:59,C0253,diapers,baby,3,24.90,74.70
T101589,2026-03-22 11:59,C0253,beer,beverage,1,13.50,13.50
T101589,2026-03-22 11:59,C0253,berries,produce,1,5.80,5.80
T101589,2026-03-22 11:59,C0253,tortilla chips,snack,1,4.20,4.20
T101589,2026-03-22 11:59,C0253,tomato sauce,grocery,1,3.60,3.60
T101589,2026-03-22 11:59,C0253,white bread,bakery,1,2.90,2.90
T101590,2026-03-22 13:19,C0388,red wine,beverage,1,16.00,16.00
T101590,2026-03-22 13:19,C0388,salmon,fish,1,15.90,15.90
T101590,2026-03-22 13:19,C0388,toilet paper,household,1,11.90,11.90
T101590,2026-03-22 13:19,C0388,toothpaste,care,3,4.50,13.50
T101590,2026-03-22 13:19,C0388,trash bags,household,1,9.10,9.10
T101590,2026-03-22 13:19,C0388,butter,dairy,1,5.20,5.20
T101590,2026-03-22 13:19,C0388,paper towels,household,1,8.30,8.30
T101580,2026-03-22 13:36,C0424,peanuts,snack,1,4.80,4.80
T101580,2026-03-22 13:36,C0424,tomato sauce,grocery,1,3.60,3.60
T101580,2026-03-22 13:36,C0424,chicken breast,meat,1,12.80,12.80
T101580,2026-03-22 13:36,C0424,laundry detergent,household,2,14.20,28.40
T101580,2026-03-22 13:36,C0424,coffee beans,grocery,1,12.50,12.50
T101580,2026-03-22 13:36,C0424,white bread,bakery,1,2.90,2.90
T101580,2026-03-22 13:36,C0424,eggs,dairy,1,4.90,4.90
T101591,2026-03-22 13:36,C0002,eggs,dairy,1,4.90,4.90
T101591,2026-03-22 13:36,C0002,ground beef,meat,1,9.40,9.40
T101591,2026-03-22 13:36,C0002,paper towels,household,1,8.30,8.30
T101591,2026-03-22 13:36,C0002,shampoo,care,1,7.40,7.40
T101591,2026-03-22 13:36,C0002,peanut butter,grocery,1,5.60,5.60
T101591,2026-03-22 13:36,C0002,conditioner,care,2,7.40,14.80
T101591,2026-03-22 13:36,C0002,diapers,baby,1,24.90,24.90
T101582,2026-03-22 13:37,,salmon,fish,1,15.90,15.90
T101582,2026-03-22 13:37,,butter,dairy,1,5.20,5.20
T101582,2026-03-22 13:37,,yogurt,dairy,1,4.60,4.60
T101582,2026-03-22 13:37,,lemon,produce,1,0.90,0.90
T101582,2026-03-22 13:37,,peanuts,snack,1,4.80,4.80
T101582,2026-03-22 13:37,,red wine,beverage,1,16.00,16.00
T101582,2026-03-22 13:37,,tea,grocery,1,6.40,6.40
T101582,2026-03-22 13:37,,cucumber,produce,3,1.70,5.10
T101581,2026-03-22 18:01,C0647,toilet paper,household,1,11.90,11.90
T101581,2026-03-22 18:01,C0647,pasta,grocery,1,2.30,2.30
T101581,2026-03-22 18:01,C0647,whole wheat bread,bakery,2,3.40,6.80
T101584,2026-03-22 18:20,C0115,eggs,dairy,1,4.90,4.90
T101584,2026-03-22 18:20,C0115,salsa,grocery,1,3.90,3.90
T101584,2026-03-22 18:20,C0115,tortilla chips,snack,1,4.20,4.20
T101584,2026-03-22 18:20,C0115,peanuts,snack,3,4.80,14.40
T101584,2026-03-22 18:20,C0115,beer,beverage,3,13.50,40.50
T101579,2026-03-22 18:47,,croissant,bakery,1,1.80,1.80
T101579,2026-03-22 18:47,,berries,produce,1,5.80,5.80
T101579,2026-03-22 18:47,,granola,grocery,1,6.20,6.20
T101579,2026-03-22 18:47,,yogurt,dairy,1,4.60,4.60
T101579,2026-03-22 18:47,,tortilla chips,snack,3,4.20,12.60
T101579,2026-03-22 18:47,,dish soap,household,1,4.70,4.70
T101579,2026-03-22 18:47,,salmon,fish,1,15.90,15.90
T101579,2026-03-22 18:47,,red wine,beverage,2,16.00,32.00
T101578,2026-03-22 20:13,,milk 2%,dairy,1,3.80,3.80
T101578,2026-03-22 20:13,,butter,dairy,1,5.20,5.20
T101578,2026-03-22 20:13,,strawberry jam,grocery,1,4.10,4.10
T101578,2026-03-22 20:13,,eggs,dairy,1,4.90,4.90
T101578,2026-03-22 20:13,,white bread,bakery,2,2.90,5.80
T101578,2026-03-22 20:13,,baby wipes,baby,1,6.70,6.70
T101578,2026-03-22 20:13,,salsa,grocery,1,3.90,3.90
T101578,2026-03-22 20:13,,granola,grocery,1,6.20,6.20
T101602,2026-03-23 08:26,,strawberry jam,grocery,1,4.10,4.10
T101602,2026-03-23 08:26,,coffee beans,grocery,1,12.50,12.50
T101602,2026-03-23 08:26,,peanut butter,grocery,3,5.60,16.80
T101595,2026-03-23 09:07,C0487,chocolate bar,snack,1,2.70,2.70
T101595,2026-03-23 09:07,C0487,parmesan,dairy,3,8.90,26.70
T101595,2026-03-23 09:07,C0487,berries,produce,1,5.80,5.80
T101595,2026-03-23 09:07,C0487,peanuts,snack,1,4.80,4.80
T101595,2026-03-23 09:07,C0487,beer,beverage,1,13.50,13.50
T101595,2026-03-23 09:07,C0487,paper towels,household,1,8.30,8.30
T101595,2026-03-23 09:07,C0487,tortilla chips,snack,1,4.20,4.20
T101600,2026-03-23 12:16,,ground beef,meat,1,9.40,9.40
T101600,2026-03-23 12:16,,eggs,dairy,3,4.90,14.70
T101600,2026-03-23 12:16,,milk 2%,dairy,1,3.80,3.80
T101600,2026-03-23 12:16,,strawberry jam,grocery,1,4.10,4.10
T101599,2026-03-23 12:44,,lettuce,produce,1,2.60,2.60
T101599,2026-03-23 12:44,,olive oil,grocery,1,11.20,11.20
T101599,2026-03-23 12:44,,salmon,fish,1,15.90,15.90
T101599,2026-03-23 12:44,,tortilla chips,snack,3,4.20,12.60
T101599,2026-03-23 12:44,,peanuts,snack,1,4.80,4.80
T101599,2026-03-23 12:44,,white bread,bakery,1,2.90,2.90
T101599,2026-03-23 12:44,,beer,beverage,1,13.50,13.50
T101601,2026-03-23 13:01,C0714,conditioner,care,1,7.40,7.40
T101601,2026-03-23 13:01,C0714,apples,produce,1,4.30,4.30
T101601,2026-03-23 13:01,C0714,toothpaste,care,2,4.50,9.00
T101601,2026-03-23 13:01,C0714,shampoo,care,1,7.40,7.40
T101601,2026-03-23 13:01,C0714,bacon,meat,1,7.80,7.80
T101598,2026-03-23 13:50,C0572,butter,dairy,2,5.20,10.40
T101598,2026-03-23 13:50,C0572,strawberry jam,grocery,3,4.10,12.30
T101598,2026-03-23 13:50,C0572,white bread,bakery,1,2.90,2.90
T101598,2026-03-23 13:50,C0572,eggs,dairy,1,4.90,4.90
T101598,2026-03-23 13:50,C0572,coffee beans,grocery,1,12.50,12.50
T101598,2026-03-23 13:50,C0572,diapers,baby,1,24.90,24.90
T101606,2026-03-23 16:29,C0135,frozen pizza,frozen,1,7.20,7.20
T101606,2026-03-23 16:29,C0135,olive oil,grocery,1,11.20,11.20
T101606,2026-03-23 16:29,C0135,salmon,fish,1,15.90,15.90
T101606,2026-03-23 16:29,C0135,eggs,dairy,1,4.90,4.90
T101606,2026-03-23 16:29,C0135,sugar,grocery,1,3.20,3.20
T101605,2026-03-23 17:35,C0411,lemon,produce,2,0.90,1.80
T101605,2026-03-23 17:35,C0411,pasta,grocery,1,2.30,2.30
T101605,2026-03-23 17:35,C0411,bananas,produce,1,2.10,2.10
T101605,2026-03-23 17:35,C0411,yogurt,dairy,1,4.60,4.60
T101605,2026-03-23 17:35,C0411,granola,grocery,1,6.20,6.20
T101605,2026-03-23 17:35,C0411,berries,produce,1,5.80,5.80
T101603,2026-03-23 17:40,C0692,milk 2%,dairy,1,3.80,3.80
T101603,2026-03-23 17:40,C0692,butter,dairy,1,5.20,5.20
T101603,2026-03-23 17:40,C0692,salmon,fish,1,15.90,15.90
T101603,2026-03-23 17:40,C0692,croissant,bakery,1,1.80,1.80
T101603,2026-03-23 17:40,C0692,tomatoes,produce,2,3.90,7.80
T101603,2026-03-23 17:40,C0692,coffee beans,grocery,3,12.50,37.50
T101604,2026-03-23 18:07,,paper towels,household,1,8.30,8.30
T101604,2026-03-23 18:07,,red wine,beverage,1,16.00,16.00
T101604,2026-03-23 18:07,,whole wheat bread,bakery,1,3.40,3.40
T101604,2026-03-23 18:07,,tea,grocery,1,6.40,6.40
T101604,2026-03-23 18:07,,pasta,grocery,1,2.30,2.30
T101604,2026-03-23 18:07,,butter,dairy,3,5.20,15.60
T101608,2026-03-23 18:29,C0185,pasta,grocery,1,2.30,2.30
T101608,2026-03-23 18:29,C0185,sparkling water,beverage,1,3.10,3.10
T101608,2026-03-23 18:29,C0185,coffee beans,grocery,1,12.50,12.50
T101608,2026-03-23 18:29,C0185,tomatoes,produce,1,3.90,3.90
T101608,2026-03-23 18:29,C0185,tomato sauce,grocery,1,3.60,3.60
T101608,2026-03-23 18:29,C0185,ground beef,meat,1,9.40,9.40
T101608,2026-03-23 18:29,C0185,parmesan,dairy,1,8.90,8.90
T101608,2026-03-23 18:29,C0185,sugar,grocery,1,3.20,3.20
T101597,2026-03-23 18:43,,shampoo,care,1,7.40,7.40
T101597,2026-03-23 18:43,,croissant,bakery,1,1.80,1.80
T101597,2026-03-23 18:43,,baby wipes,baby,1,6.70,6.70
T101597,2026-03-23 18:43,,avocado,produce,2,2.20,4.40
T101597,2026-03-23 18:43,,conditioner,care,1,7.40,7.40
T101597,2026-03-23 18:43,,paper towels,household,2,8.30,16.60
T101596,2026-03-23 18:49,C0406,peanuts,snack,1,4.80,4.80
T101596,2026-03-23 18:49,C0406,sugar,grocery,1,3.20,3.20
T101596,2026-03-23 18:49,C0406,chicken breast,meat,1,12.80,12.80
T101596,2026-03-23 18:49,C0406,shampoo,care,1,7.40,7.40
T101607,2026-03-23 19:02,C0070,pasta,grocery,1,2.30,2.30
T101607,2026-03-23 19:02,C0070,ground beef,meat,1,9.40,9.40
T101607,2026-03-23 19:02,C0070,milk 2%,dairy,1,3.80,3.80
T101607,2026-03-23 19:02,C0070,butter,dairy,1,5.20,5.20
T101607,2026-03-23 19:02,C0070,tomato sauce,grocery,1,3.60,3.60
T101607,2026-03-23 19:02,C0070,diapers,baby,1,24.90,24.90
T101607,2026-03-23 19:02,C0070,parmesan,dairy,1,8.90,8.90
T101607,2026-03-23 19:02,C0070,sugar,grocery,1,3.20,3.20
T101620,2026-03-24 08:30,C0026,baby wipes,baby,1,6.70,6.70
T101620,2026-03-24 08:30,C0026,diapers,baby,1,24.90,24.90
T101620,2026-03-24 08:30,C0026,parmesan,dairy,3,8.90,26.70
T101620,2026-03-24 08:30,C0026,olive oil,grocery,1,11.20,11.20
T101620,2026-03-24 08:30,C0026,tomato sauce,grocery,1,3.60,3.60
T101620,2026-03-24 08:30,C0026,red wine,beverage,1,16.00,16.00
T101620,2026-03-24 08:30,C0026,lemon,produce,1,0.90,0.90
T101620,2026-03-24 08:30,C0026,ground beef,meat,3,9.40,28.20
T101619,2026-03-24 10:32,C0729,dish soap,household,2,4.70,9.40
T101619,2026-03-24 10:32,C0729,laundry detergent,household,1,14.20,14.20
T101619,2026-03-24 10:32,C0729,paper towels,household,1,8.30,8.30
T101619,2026-03-24 10:32,C0729,apples,produce,1,4.30,4.30
T101621,2026-03-24 10:33,,diapers,baby,2,24.90,49.80
T101621,2026-03-24 10:33,,laundry detergent,household,1,14.20,14.20
T101621,2026-03-24 10:33,,bacon,meat,1,7.80,7.80
T101621,2026-03-24 10:33,,avocado,produce,1,2.20,2.20
T101621,2026-03-24 10:33,,baby wipes,baby,1,6.70,6.70
T101621,2026-03-24 10:33,,baby formula,baby,1,28.50,28.50
T101614,2026-03-24 11:49,,milk 2%,dairy,1,3.80,3.80
T101614,2026-03-24 11:49,,sugar,grocery,2,3.20,6.40
T101614,2026-03-24 11:49,,orange juice,beverage,1,4.40,4.40
T101614,2026-03-24 11:49,,eggs,dairy,1,4.90,4.90
T101614,2026-03-24 11:49,,berries,produce,1,5.80,5.80
T101609,2026-03-24 12:30,C0476,frozen pizza,frozen,1,7.20,7.20
T101609,2026-03-24 12:30,C0476,lemon,produce,2,0.90,1.80
T101609,2026-03-24 12:30,C0476,cucumber,produce,1,1.70,1.70
T101609,2026-03-24 12:30,C0476,olive oil,grocery,1,11.20,11.20
T101609,2026-03-24 12:30,C0476,salmon,fish,1,15.90,15.90
T101609,2026-03-24 12:30,C0476,baby wipes,baby,1,6.70,6.70
T101609,2026-03-24 12:30,C0476,red wine,beverage,1,16.00,16.00
T101625,2026-03-24 12:57,C0762,baby wipes,baby,1,6.70,6.70
T101625,2026-03-24 12:57,C0762,milk 2%,dairy,1,3.80,3.80
T101625,2026-03-24 12:57,C0762,berries,produce,1,5.80,5.80
T101625,2026-03-24 12:57,C0762,toothpaste,care,1,4.50,4.50
T101625,2026-03-24 12:57,C0762,butter,dairy,1,5.20,5.20
T101625,2026-03-24 12:57,C0762,orange juice,beverage,1,4.40,4.40
T101625,2026-03-24 12:57,C0762,  shampoo ,care,1,7.40,7.40
T101623,2026-03-24 16:09,,sugar,grocery,1,3.20,3.20
T101623,2026-03-24 16:09,,avocado,produce,1,2.20,2.20
T101623,2026-03-24 16:09,,ground beef,meat,1,9.40,9.40
T101623,2026-03-24 16:09,,sparkling water,beverage,2,3.10,6.20
T101623,2026-03-24 16:09,,croissant,bakery,1,1.80,1.80
T101613,2026-03-24 16:33,C0592,pasta,grocery,1,2.30,2.30
T101613,2026-03-24 16:33,C0592,red wine,beverage,1,16.00,16.00
T101613,2026-03-24 16:33,C0592,parmesan,dairy,1,8.90,8.90
T101613,2026-03-24 16:33,C0592,toilet paper,household,1,11.90,11.90
T101613,2026-03-24 16:33,C0592,ground beef,meat,1,9.40,9.40
T101613,2026-03-24 16:33,C0592,olive oil,grocery,1,11.20,11.20
T101613,2026-03-24 16:33,C0592,tomato sauce,grocery,3,3.60,10.80
T101613,2026-03-24 16:33,C0592,berries,produce,1,5.80,5.80
T101626,2026-03-24 17:01,C0080,butter,dairy,1,5.20,5.20
T101626,2026-03-24 17:01,C0080,white bread,bakery,1,2.90,2.90
T101626,2026-03-24 17:01,C0080,coffee beans,grocery,3,12.50,37.50
T101626,2026-03-24 17:01,C0080,chicken breast,meat,1,12.80,12.80
T101627,2026-03-24 17:07,C0114,whole wheat bread,bakery,1,3.40,3.40
T101627,2026-03-24 17:07,C0114,conditioner,care,1,7.40,7.40
T101627,2026-03-24 17:07,C0114,baby wipes,baby,1,6.70,6.70
T101627,2026-03-24 17:07,C0114,avocado,produce,2,2.20,4.40
T101627,2026-03-24 17:07,C0114,tea,grocery,1,6.40,6.40
T101610,2026-03-24 17:55,C0046,paper towels,household,1,8.30,8.30
T101615,2026-03-24 18:08,C0473,parmesan,dairy,1,8.90,8.90
T101615,2026-03-24 18:08,C0473,salmon,fish,1,15.90,15.90
T101615,2026-03-24 18:08,C0473,lemon,produce,2,0.90,1.80
T101615,2026-03-24 18:08,C0473,yogurt,dairy,1,4.60,4.60
T101624,2026-03-24 18:23,C0094,eggs,dairy,1,4.90,4.90
T101624,2026-03-24 18:23,C0094,bananas,produce,3,2.10,6.30
T101624,2026-03-24 18:23,C0094,granola,grocery,1,6.20,6.20
T101624,2026-03-24 18:23,C0094,yogurt,dairy,2,4.60,9.20
T101624,2026-03-24 18:23,C0094,paper towels,household,1,8.30,8.30
T101624,2026-03-24 18:23,C0094,orange juice,beverage,1,4.40,4.40
T101624,2026-03-24 18:23,C0094,sugar,grocery,1,3.20,3.20
T101624,2026-03-24 18:23,C0094,avocado,produce,1,2.20,2.20
T101624,2026-03-24 18:23,C0094,toilet paper,household,1,11.90,11.90
T101624,2026-03-24 18:23,C0094,sparkling water,beverage,1,3.10,3.10
T101624,2026-03-24 18:23,C0094,shampoo,care,1,7.40,7.40
T101624,2026-03-24 18:23,C0094,butter,dairy,1,5.20,5.20
T101616,2026-03-24 18:38,C0733,white bread,bakery,1,2.90,2.90
T101616,2026-03-24 18:38,C0733,milk 2%,dairy,1,3.80,3.80
T101616,2026-03-24 18:38,C0733,berries,produce,1,5.80,5.80
T101616,2026-03-24 18:38,C0733,olive oil,grocery,1,11.20,11.20
T101616,2026-03-24 18:38,C0733,whole wheat bread,bakery,1,3.40,3.40
T101616,2026-03-24 18:38,C0733,strawberry jam,grocery,1,4.10,4.10
T101616,2026-03-24 18:38,C0733,eggs,dairy,1,4.90,4.90
T101628,2026-03-24 18:48,,white bread,bakery,1,2.90,2.90
T101628,2026-03-24 18:48,,chicken breast,meat,1,12.80,12.80
T101628,2026-03-24 18:48,,bananas,produce,1,2.10,2.10
T101628,2026-03-24 18:48,,eggs,dairy,1,4.90,4.90
T101628,2026-03-24 18:48,,butter,dairy,1,5.20,5.20
T101622,2026-03-24 19:19,C0546,beer,beverage,2,13.50,27.00
T101622,2026-03-24 19:19,C0546,shampoo,care,1,7.40,7.40
T101622,2026-03-24 19:19,C0546,ice cream,frozen,1,6.50,6.50
T101622,2026-03-24 19:19,C0546,peanut butter,grocery,1,5.60,5.60
T101622,2026-03-24 19:19,C0546,apples,produce,1,4.30,4.30
T101618,2026-03-24 19:34,,toilet paper,household,1,11.90,11.90
T101618,2026-03-24 19:34,,paper towels,household,1,8.30,8.30
T101618,2026-03-24 19:34,,peanut butter,grocery,1,5.60,5.60
T101618,2026-03-24 19:34,,toothpaste,care,1,4.50,4.50
T101618,2026-03-24 19:34,,frozen pizza,frozen,1,7.20,7.20
T101618,2026-03-24 19:34,,trash bags,household,1,9.10,9.10
T101612,2026-03-24 19:36,C0872,cucumber,produce,1,1.70,1.70
T101612,2026-03-24 19:36,C0872,lemon,produce,1,0.90,0.90
T101612,2026-03-24 19:36,C0872,olive oil,grocery,1,11.20,11.20
T101612,2026-03-24 19:36,C0872,avocado,produce,2,2.20,4.40
T101612,2026-03-24 19:36,C0872,salmon,fish,1,15.90,15.90
T101617,2026-03-24 19:55,C0283,parmesan,dairy,1,8.90,8.90
T101617,2026-03-24 19:55,C0283,white bread,bakery,1,2.90,2.90
T101617,2026-03-24 19:55,C0283,coffee beans,grocery,1,12.50,12.50
T101617,2026-03-24 19:55,C0283,avocado,produce,1,2.20,2.20
T101617,2026-03-24 19:55,C0283,cucumber,produce,2,1.70,3.40
T101611,2026-03-24 20:55,C0418,bacon,meat,1,7.80,7.80
T101611,2026-03-24 20:55,C0418,butter,dairy,3,5.20,15.60
T101611,2026-03-24 20:55,C0418,milk 2%,dairy,1,3.80,3.80
T101642,2026-03-25 08:25,,red wine,beverage,1,16.00,16.00
T101642,2026-03-25 08:25,,salmon,fish,2,15.90,31.80
T101642,2026-03-25 08:25,,parmesan,dairy,1,8.90,8.90
T101642,2026-03-25 08:25,,peanuts,snack,1,4.80,4.80
T101642,2026-03-25 08:25,,lemon,produce,1,0.90,0.90
T101642,2026-03-25 08:25,,bananas,produce,1,2.10,2.10
T101642,2026-03-25 08:25,,diapers,baby,1,24.90,24.90
T101633,2026-03-25 09:19,,paper towels,household,1,8.30,8.30
T101633,2026-03-25 09:19,,dish soap,household,1,4.70,4.70
T101633,2026-03-25 09:19,,laundry detergent,household,2,14.20,28.40
T101633,2026-03-25 09:19,,yogurt,dairy,2,4.60,9.20
T101633,2026-03-25 09:19,,toilet paper,household,2,11.90,23.80
T101636,2026-03-25 10:23,C0303,salmon,fish,1,15.90,15.90
T101636,2026-03-25 10:23,C0303,bacon,meat,1,7.80,7.80
T101636,2026-03-25 10:23,C0303,croissant,bakery,1,1.80,1.80
T101630,2026-03-25 11:20,,strawberry jam,grocery,1,4.10,4.10
T101630,2026-03-25 11:20,,coffee beans,grocery,1,12.50,12.50
T101630,2026-03-25 11:20,,white bread,bakery,1,2.90,2.90
T101643,2026-03-25 11:29,,bacon,meat,1,7.80,7.80
T101643,2026-03-25 11:29,,coffee beans,grocery,1,12.50,12.50
T101643,2026-03-25 11:29,,milk 2%,dairy,1,3.80,3.80
T101643,2026-03-25 11:29,,croissant,bakery,1,1.80,1.80
T101644,2026-03-25 11:51,C0631,bananas,produce,1,2.10,2.10
T101644,2026-03-25 11:51,C0631,strawberry jam,grocery,3,4.10,12.30
T101644,2026-03-25 11:51,C0631,yogurt,dairy,1,4.60,4.60
T101644,2026-03-25 11:51,C0631,avocado,produce,1,2.20,2.20
T101644,2026-03-25 11:51,C0631,granola,grocery,1,6.20,6.20
T101644,2026-03-25 11:51,C0631,lettuce,produce,1,2.60,2.60
T101639,2026-03-25 11:55,C0102,olive oil,grocery,1,11.20,11.20
T101639,2026-03-25 11:55,C0102,salmon,fish,1,15.90,15.90
T101639,2026-03-25 11:55,C0102,tea,grocery,1,6.40,6.40
T101639,2026-03-25 11:55,C0102,diapers,baby,2,24.90,49.80
T101639,2026-03-25 11:55,C0102,ground beef,meat,3,9.40,28.20
T101635,2026-03-25 12:22,C0034,chocolate bar,snack,1,2.70,2.70
T101635,2026-03-25 12:22,C0034,strawberry jam,grocery,1,4.10,4.10
T101635,2026-03-25 12:22,C0034,white bread,bakery,1,2.90,2.90
T101646,2026-03-25 12:55,C0615,ground beef,meat,1,9.40,9.40
T101646,2026-03-25 12:55,C0615,parmesan,dairy,2,8.90,17.80
T101646,2026-03-25 12:55,C0615,butter,dairy,1,5.20,5.20
T101646,2026-03-25 12:55,C0615,red wine,beverage,1,16.00,16.00
T101646,2026-03-25 12:55,C0615,sparkling water,beverage,1,3.10,3.10
T101646,2026-03-25 12:55,C0615,pasta,grocery,1,2.30,2.30
T101637,2026-03-25 12:59,C0275,sparkling water,beverage,1,3.10,3.10
T101637,2026-03-25 12:59,C0275,granola,grocery,1,6.20,6.20
T101637,2026-03-25 12:59,C0275,paper towels,household,1,8.30,8.30
T101637,2026-03-25 12:59,C0275,toilet paper,household,1,11.90,11.90
T101637,2026-03-25 12:59,C0275,laundry detergent,household,1,14.20,14.20
T101637,2026-03-25 12:59,C0275,croissant,bakery,1,1.80,1.80
T101631,2026-03-25 13:15,,laundry detergent,household,1,14.20,14.20
T101631,2026-03-25 13:15,,butter,dairy,1,5.20,5.20
T101631,2026-03-25 13:15,,conditioner,care,1,7.40,7.40
T101631,2026-03-25 13:15,,tomatoes,produce,1,3.90,3.90
T101631,2026-03-25 13:15,,toilet paper,household,1,11.90,11.90
T101640,2026-03-25 17:18,C0819,tomato sauce,grocery,3,3.60,10.80
T101640,2026-03-25 17:18,C0819,croissant,bakery,1,1.80,1.80
T101640,2026-03-25 17:18,C0819,parmesan,dairy,1,8.90,8.90
T101640,2026-03-25 17:18,C0819,pasta,grocery,1,2.30,2.30
T101640,2026-03-25 17:18,C0819,beer,beverage,1,13.50,13.50
T101645,2026-03-25 17:44,,strawberry jam,grocery,1,4.10,4.10
T101645,2026-03-25 17:44,,butter,dairy,3,5.20,15.60
T101645,2026-03-25 17:44,,coffee beans,grocery,1,12.50,12.50
T101645,2026-03-25 17:44,,apples,produce,1,4.30,4.30
T101638,2026-03-25 17:52,,apples,produce,1,4.30,4.30
T101638,2026-03-25 17:52,,bananas,produce,1,2.10,2.10
T101638,2026-03-25 17:52,,avocado,produce,3,2.20,6.60
T101638,2026-03-25 17:52,,granola,grocery,1,6.20,6.20
T101638,2026-03-25 17:52,,yogurt,dairy,1,4.60,4.60
T101638,2026-03-25 17:52,,berries,produce,1,5.80,5.80
T101638,2026-03-25 17:52,,croissant,bakery,2,1.80,3.60
T101638,2026-03-25 17:52,,tea,grocery,1,6.40,6.40
T101632,2026-03-25 18:06,C0516,tea,grocery,1,6.40,6.40
T101632,2026-03-25 18:06,C0516,butter,dairy,2,5.20,10.40
T101632,2026-03-25 18:06,C0516,lemon,produce,1,0.90,0.90
T101632,2026-03-25 18:06,C0516,white bread,bakery,1,2.90,2.90
T101641,2026-03-25 18:37,C0574,coffee beans,grocery,1,12.50,12.50
T101641,2026-03-25 18:37,C0574,chocolate bar,snack,1,2.70,2.70
T101641,2026-03-25 18:37,C0574,sugar,grocery,2,3.20,6.40
T101641,2026-03-25 18:37,C0574,baby wipes,baby,1,6.70,6.70
T101634,2026-03-25 19:09,C0676,croissant,bakery,1,1.80,1.80
T101634,2026-03-25 19:09,C0676,coffee beans,grocery,1,12.50,12.50
T101634,2026-03-25 19:09,C0676,sugar,grocery,1,3.20,3.20
T101634,2026-03-25 19:09,C0676,pasta,grocery,1,2.30,2.30
T101629,2026-03-25 20:58,C0726,salmon,fish,1,15.90,15.90
T101629,2026-03-25 20:58,C0726,lemon,produce,1,0.90,0.90
T101657,2026-03-26 08:17,,diapers,baby,1,24.90,24.90
T101657,2026-03-26 08:17,,peanut butter,grocery,2,5.60,11.20
T101657,2026-03-26 08:17,,cucumber,produce,1,1.70,1.70
T101657,2026-03-26 08:17,,baby formula,baby,1,28.50,28.50
T101657,2026-03-26 08:17,,baby wipes,baby,2,6.70,13.40
T101657,2026-03-26 08:17,,paper towels,household,1,8.30,8.30
T101657,2026-03-26 08:17,,bananas,produce,1,2.10,2.10
T101663,2026-03-26 09:07,,toothpaste,care,1,4.50,4.50
T101663,2026-03-26 09:07,,whole wheat bread,bakery,1,3.40,3.40
T101663,2026-03-26 09:07,,conditioner,care,1,7.40,7.40
T101663,2026-03-26 09:07,,shampoo,care,1,7.40,7.40
T101654,2026-03-26 09:14,C0496,lemon,produce,1,0.90,0.90
T101654,2026-03-26 09:14,C0496,salmon,fish,1,15.90,15.90
T101654,2026-03-26 09:14,C0496,olive oil,grocery,2,11.20,22.40
T101654,2026-03-26 09:14,C0496,chicken breast,meat,3,12.80,38.40
T101654,2026-03-26 09:14,C0496,croissant,bakery,1,1.80,1.80
T101654,2026-03-26 09:14,C0496,cucumber,produce,1,1.70,1.70
T101655,2026-03-26 10:54,C0117,toilet paper,household,1,11.90,11.90
T101655,2026-03-26 10:54,C0117,olive oil,grocery,1,11.20,11.20
T101655,2026-03-26 10:54,C0117,avocado,produce,1,2.20,2.20
T101655,2026-03-26 10:54,C0117,dish soap,household,1,4.70,4.70
T101655,2026-03-26 10:54,C0117,ice cream,frozen,1,6.50,6.50
T101655,2026-03-26 10:54,C0117,trash bags,household,1,9.10,9.10
T101655,2026-03-26 10:54,C0117,laundry detergent,household,1,14.20,14.20
T101655,2026-03-26 10:54,C0117,peanuts,snack,3,4.80,14.40
T101658,2026-03-26 11:02,,peanuts,snack,3,4.80,14.40
T101658,2026-03-26 11:02,,beer,beverage,1,13.50,13.50
T101658,2026-03-26 11:02,,tortilla chips,snack,2,4.20,8.40
T101658,2026-03-26 11:02,,salsa,grocery,1,3.90,3.90
T101658,2026-03-26 11:02,,chocolate bar,snack,1,2.70,2.70
T101652,2026-03-26 11:27,C0557,salmon,fish,2,15.90,31.80
T101652,2026-03-26 11:27,C0557,tomatoes,produce,1,3.90,3.90
T101652,2026-03-26 11:27,C0557,diapers,baby,1,24.90,24.90
T101652,2026-03-26 11:27,C0557,parmesan,dairy,1,8.90,8.90
T101652,2026-03-26 11:27,C0557,paper towels,household,1,8.30,8.30
T101648,2026-03-26 11:43,,milk 2%,dairy,1,3.80,3.80
T101648,2026-03-26 11:43,,lemon,produce,1,0.90,0.90
T101648,2026-03-26 11:43,,strawberry jam,grocery,3,4.10,12.30
T101647,2026-03-26 12:24,C0159,baby wipes,baby,1,6.70,6.70
T101647,2026-03-26 12:24,C0159,eggs,dairy,1,4.90,4.90
T101653,2026-03-26 13:29,C0011,white bread,bakery,1,2.90,2.90
T101653,2026-03-26 13:29,C0011,beer,beverage,1,13.50,13.50
T101653,2026-03-26 13:29,C0011,peanuts,snack,2,4.80,9.60
T101653,2026-03-26 13:29,C0011,tomatoes,produce,1,3.90,3.90
T101649,2026-03-26 16:03,,berries,produce,1,5.80,5.80
T101649,2026-03-26 16:03,,yogurt,dairy,1,4.60,4.60
T101649,2026-03-26 16:03,,granola,grocery,1,6.20,6.20
T101649,2026-03-26 16:03,,peanuts,snack,2,4.80,9.60
T101649,2026-03-26 16:03,,avocado,produce,1,2.20,2.20
T101649,2026-03-26 16:03,,bananas,produce,1,2.10,2.10
T101662,2026-03-26 16:24,C0511,salmon,fish,1,15.90,15.90
T101662,2026-03-26 16:24,C0511,butter,dairy,1,5.20,5.20
T101662,2026-03-26 16:24,C0511,lemon,produce,2,0.90,1.80
T101662,2026-03-26 16:24,C0511,olive oil,grocery,1,11.20,11.20
T101661,2026-03-26 17:20,C0339,yogurt,dairy,1,4.60,4.60
T101661,2026-03-26 17:20,C0339,milk 2%,dairy,1,3.80,3.80
T101661,2026-03-26 17:20,C0339,berries,produce,1,5.80,5.80
T101661,2026-03-26 17:20,C0339,butter,dairy,1,5.20,5.20
T101661,2026-03-26 17:20,C0339,dish soap,household,1,4.70,4.70
T101661,2026-03-26 17:20,C0339,ice cream,frozen,3,6.50,19.50
T101659,2026-03-26 17:56,,olive oil,grocery,2,11.20,22.40
T101659,2026-03-26 17:56,,baby wipes,baby,1,6.70,6.70
T101659,2026-03-26 17:56,,berries,produce,1,5.80,5.80
T101659,2026-03-26 17:56,,lemon,produce,1,0.90,0.90
T101659,2026-03-26 17:56,,red wine,beverage,1,16.00,16.00
T101660,2026-03-26 19:15,C0192,sugar,grocery,2,3.20,6.40
T101660,2026-03-26 19:15,C0192,baby wipes,baby,1,6.70,6.70
T101660,2026-03-26 19:15,C0192,baby formula,baby,2,28.50,57.00
T101660,2026-03-26 19:15,C0192,dish soap,household,1,4.70,4.70
T101660,2026-03-26 19:15,C0192,laundry detergent,household,1,14.20,14.20
T101651,2026-03-26 19:23,,granola,grocery,1,6.20,6.20
T101651,2026-03-26 19:23,,salsa,grocery,2,3.90,7.80
T101651,2026-03-26 19:23,,beer,beverage,1,13.50,13.50
T101651,2026-03-26 19:23,,tortilla chips,snack,2,4.20,8.40
T101656,2026-03-26 19:27,,granola,grocery,1,6.20,6.20
T101656,2026-03-26 19:27,,bananas,produce,3,2.10,6.30
T101656,2026-03-26 19:27,,chocolate bar,snack,2,2.70,5.40
T101656,2026-03-26 19:27,,yogurt,dairy,1,4.60,4.60
T101656,2026-03-26 19:27,,berries,produce,2,5.80,11.60
T101650,2026-03-26 19:46,C0142,salmon,fish,1,15.90,15.90
T101650,2026-03-26 19:46,C0142,eggs,dairy,1,4.90,4.90
T101650,2026-03-26 19:46,C0142,lemon,produce,1,0.90,0.90
T101674,2026-03-27 09:55,,milk 2%,dairy,1,3.80,3.80
T101674,2026-03-27 09:55,,apples,produce,1,4.30,4.30
T101674,2026-03-27 09:55,,lettuce,produce,2,2.60,5.20
T101674,2026-03-27 09:55,,sparkling water,beverage,3,3.10,9.30
T101674,2026-03-27 09:55,,toilet paper,household,1,11.90,11.90
T101674,2026-03-27 09:55,,coffee beans,grocery,1,12.50,12.50
T101674,2026-03-27 09:55,,sugar,grocery,1,3.20,3.20
T101674,2026-03-27 09:55,,pasta,grocery,1,2.30,2.30
T101675,2026-03-27 10:09,C0204,lemon,produce,2,0.90,1.80
T101675,2026-03-27 10:09,C0204,olive oil,grocery,1,11.20,11.20
T101675,2026-03-27 10:09,C0204,bananas,produce,1,2.10,2.10
T101675,2026-03-27 10:09,C0204,eggs,dairy,1,4.90,4.90
T101675,2026-03-27 10:09,C0204,red wine,beverage,2,16.00,32.00
T101675,2026-03-27 10:09,C0204,sparkling water,beverage,1,3.10,3.10
T101675,2026-03-27 10:09,C0204,salmon,fish,1,15.90,15.90
T101673,2026-03-27 10:22,,coffee beans,grocery,1,12.50,12.50
T101679,2026-03-27 11:31,C0558,trash bags,household,1,9.10,9.10
T101679,2026-03-27 11:31,C0558,chocolate bar,snack,1,2.70,2.70
T101679,2026-03-27 11:31,C0558,paper towels,household,1,8.30,8.30
T101679,2026-03-27 11:31,C0558,dish soap,household,1,4.70,4.70
T101679,2026-03-27 11:31,C0558,toilet paper,household,1,11.90,11.90
T101667,2026-03-27 13:06,C0536,bacon,meat,1,7.80,7.80
T101667,2026-03-27 13:06,C0536,toilet paper,household,1,11.90,11.90
T101667,2026-03-27 13:06,C0536,laundry detergent,household,1,14.20,14.20
T101667,2026-03-27 13:06,C0536,trash bags,household,1,9.10,9.10
T101667,2026-03-27 13:06,C0536,paper towels,household,1,8.30,8.30
T101672,2026-03-27 17:06,C0686,paper towels,household,1,8.30,8.30
T101672,2026-03-27 17:06,C0686,tomato sauce,grocery,1,3.60,3.60
T101672,2026-03-27 17:06,C0686,toilet paper,household,1,11.90,11.90
T101678,2026-03-27 17:09,C0405,bacon,meat,1,7.80,7.80
T101678,2026-03-27 17:09,C0405,avocado,produce,1,2.20,2.20
T101678,2026-03-27 17:09,C0405,yogurt,dairy,1,4.60,4.60
T101678,2026-03-27 17:09,C0405,butter,dairy,1,5.20,5.20
T101678,2026-03-27 17:09,C0405,laundry detergent,household,1,14.20,14.20
T101664,2026-03-27 17:44,,coffee beans,grocery,1,12.50,12.50
T101664,2026-03-27 17:44,,yogurt,dairy,1,4.60,4.60
T101664,2026-03-27 17:44,,granola,grocery,1,6.20,6.20
T101664,2026-03-27 17:44,,toothpaste,care,1,4.50,4.50
T101664,2026-03-27 17:44,,croissant,bakery,2,1.80,3.60
T101670,2026-03-27 17:47,C0795,white bread,bakery,1,2.90,2.90
T101670,2026-03-27 17:47,C0795,coffee beans,grocery,1,12.50,12.50
T101670,2026-03-27 17:47,C0795,strawberry jam,grocery,1,4.10,4.10
T101670,2026-03-27 17:47,C0795,ground beef,meat,3,9.40,28.20
T101680,2026-03-27 18:44,,olive oil,grocery,1,11.20,11.20
T101680,2026-03-27 18:44,,coffee beans,grocery,2,12.50,25.00
T101680,2026-03-27 18:44,,milk 2%,dairy,1,3.80,3.80
T101676,2026-03-27 18:51,,toothpaste,care,1,4.50,4.50
T101676,2026-03-27 18:51,,yogurt,dairy,1,4.60,4.60
T101676,2026-03-27 18:51,,sugar,grocery,2,3.20,6.40
T101676,2026-03-27 18:51,,tomato sauce,grocery,1,3.60,3.60
T101676,2026-03-27 18:51,,frozen pizza,frozen,1,7.20,7.20
T101676,2026-03-27 18:51,,peanuts,snack,1,4.80,4.80
T101668,2026-03-27 18:55,C0373,chocolate bar,snack,1,2.70,2.70
T101668,2026-03-27 18:55,C0373,peanuts,snack,2,4.80,9.60
T101668,2026-03-27 18:55,C0373,tortilla chips,snack,1,4.20,4.20
T101668,2026-03-27 18:55,C0373,red wine,beverage,1,16.00,16.00
T101668,2026-03-27 18:55,C0373,beer,beverage,1,13.50,13.50
T101666,2026-03-27 19:04,,baby formula,baby,1,28.50,28.50
T101666,2026-03-27 19:04,,trash bags,household,3,9.10,27.30
T101666,2026-03-27 19:04,,toilet paper,household,2,11.90,23.80
T101666,2026-03-27 19:04,,dish soap,household,1,4.70,4.70
T101666,2026-03-27 19:04,,laundry detergent,household,3,14.20,42.60
T101666,2026-03-27 19:04,,paper towels,household,1,8.30,8.30
T101669,2026-03-27 19:23,,tortilla chips,snack,1,4.20,4.20
T101669,2026-03-27 19:23,,pasta,grocery,1,2.30,2.30
T101669,2026-03-27 19:23,,parmesan,dairy,1,8.90,8.90
T101669,2026-03-27 19:23,,croissant,bakery,2,1.80,3.60
T101669,2026-03-27 19:23,,sugar,grocery,2,3.20,6.40
T101669,2026-03-27 19:23,,tomato sauce,grocery,1,3.60,3.60
T101677,2026-03-27 19:43,C0281,eggs,dairy,1,4.90,4.90
T101677,2026-03-27 19:43,C0281,white bread,bakery,1,2.90,2.90
T101677,2026-03-27 19:43,C0281,butter,dairy,3,5.20,15.60
T101665,2026-03-27 19:56,C0342,tomatoes,produce,1,3.90,3.90
T101665,2026-03-27 19:56,C0342,ground beef,meat,1,9.40,9.40
T101665,2026-03-27 19:56,C0342,dish soap,household,1,4.70,4.70
T101665,2026-03-27 19:56,C0342,pasta,grocery,1,2.30,2.30
T101665,2026-03-27 19:56,C0342,red wine,beverage,2,16.00,32.00
T101665,2026-03-27 19:56,C0342,croissant,bakery,1,1.80,1.80
T101665,2026-03-27 19:56,C0342,sparkling water,beverage,1,3.10,3.10
T101671,2026-03-27 20:03,C0410,bacon,meat,3,7.80,23.40
T101671,2026-03-27 20:03,C0410,ground beef,meat,1,9.40,9.40
T101671,2026-03-27 20:03,C0410,olive oil,grocery,1,11.20,11.20
T101671,2026-03-27 20:03,C0410,parmesan,dairy,3,8.90,26.70
T101707,2026-03-28 09:50,C0657,frozen pizza,frozen,1,7.20,7.20
T101707,2026-03-28 09:50,C0657,parmesan,dairy,1,8.90,8.90
T101707,2026-03-28 09:50,C0657,pasta,grocery,1,2.30,2.30
T101707,2026-03-28 09:50,C0657,baby wipes,baby,1,6.70,6.70
T101707,2026-03-28 09:50,C0657,bananas,produce,1,2.10,2.10
T101707,2026-03-28 09:50,C0657,red wine,beverage,1,16.00,16.00
T101707,2026-03-28 09:50,C0657,lettuce,produce,1,2.60,2.60
T101691,2026-03-28 09:55,C0504,toothpaste,care,1,4.50,4.50
T101691,2026-03-28 09:55,C0504,conditioner,care,1,7.40,7.40
T101691,2026-03-28 09:55,C0504,avocado,produce,1,2.20,2.20
T101691,2026-03-28 09:55,C0504,paper towels,household,1,8.30,8.30
T101684,2026-03-28 10:26,C0174,baby wipes,baby,1,6.70,6.70
T101684,2026-03-28 10:26,C0174,diapers,baby,1,24.90,24.90
T101684,2026-03-28 10:26,C0174,toothpaste,care,1,4.50,4.50
T101684,2026-03-28 10:26,C0174,baby formula,baby,1,28.50,28.50
T101684,2026-03-28 10:26,C0174,paper towels,household,1,8.30,8.30
T101684,2026-03-28 10:26,C0174,frozen pizza,frozen,2,7.20,14.40
T101684,2026-03-28 10:26,C0174,milk 2%,dairy,1,3.80,3.80
T101717,2026-03-28 10:43,C0774,strawberry jam,grocery,1,4.10,4.10
T101717,2026-03-28 10:43,C0774,milk 2%,dairy,1,3.80,3.80
T101717,2026-03-28 10:43,C0774,lemon,produce,1,0.90,0.90
T101717,2026-03-28 10:43,C0774,sugar,grocery,1,3.20,3.20
T101711,2026-03-28 10:55,C0453,red wine,beverage,1,16.00,16.00
T101711,2026-03-28 10:55,C0453,parmesan,dairy,2,8.90,17.80
T101711,2026-03-28 10:55,C0453,toothpaste,care,1,4.50,4.50
T101711,2026-03-28 10:55,C0453,olive oil,grocery,1,11.20,11.20
T101711,2026-03-28 10:55,C0453,pasta,grocery,1,2.30,2.30
T101711,2026-03-28 10:55,C0453,paper towels,household,1,8.30,8.30
T101711,2026-03-28 10:55,C0453,sugar,grocery,1,3.20,3.20
T101690,2026-03-28 11:03,C0894,toilet paper,household,1,11.90,11.90
T101690,2026-03-28 11:03,C0894,toothpaste,care,1,4.50,4.50
T101690,2026-03-28 11:03,C0894,peanut butter,grocery,3,5.60,16.80
T101715,2026-03-28 11:06,C0668,ice cream,frozen,1,6.50,6.50
T101715,2026-03-28 11:06,C0668,tomato sauce,grocery,1,3.60,3.60
T101715,2026-03-28 11:06,C0668,pasta,grocery,2,2.30,4.60
T101715,2026-03-28 11:06,C0668,salsa,grocery,1,3.90,3.90
T101688,2026-03-28 12:00,C0771,tortilla chips,snack,1,4.20,4.20
T101688,2026-03-28 12:00,C0771,beer,beverage,2,13.50,27.00
T101688,2026-03-28 12:00,C0771,toothpaste,care,1,4.50,4.50
T101688,2026-03-28 12:00,C0771,peanuts,snack,2,4.80,9.60
T101692,2026-03-28 12:05,C0082,lemon,produce,1,0.90,0.90
T101692,2026-03-28 12:05,C0082,coffee beans,grocery,1,12.50,12.50
T101692,2026-03-28 12:05,C0082,butter,dairy,1,5.20,5.20
T101692,2026-03-28 12:05,C0082,peanut butter,grocery,1,5.60,5.60
T101692,2026-03-28 12:05,C0082,white bread,bakery,3,2.90,8.70
T101692,2026-03-28 12:05,C0082,chocolate bar,snack,1,2.70,2.70
T101693,2026-03-28 12:40,C0075,toothpaste,care,3,4.50,13.50
T101693,2026-03-28 12:40,C0075,avocado,produce,1,2.20,2.20
T101693,2026-03-28 12:40,C0075,lettuce,produce,1,2.60,2.60
T101693,2026-03-28 12:40,C0075,coffee beans,grocery,1,12.50,12.50
T101699,2026-03-28 12:54,,toothpaste,care,1,4.50,4.50
T101699,2026-03-28 12:54,,strawberry jam,grocery,2,4.10,8.20
T101699,2026-03-28 12:54,,berries,produce,1,5.80,5.80
T101699,2026-03-28 12:54,,shampoo,care,1,7.40,7.40
T101699,2026-03-28 12:54,,bananas,produce,1,2.10,2.10
T101699,2026-03-28 12:54,,granola,grocery,3,6.20,18.60
T101699,2026-03-28 12:54,,yogurt,dairy,1,4.60,4.60
T101699,2026-03-28 12:54,,avocado,produce,1,2.20,2.20
T101699,2026-03-28 12:54,,peanut butter,grocery,1,5.60,5.60
T101699,2026-03-28 12:54,,orange juice,beverage,1,4.40,4.40
T101704,2026-03-28 12:56,C0058,trash bags,household,1,9.10,9.10
T101704,2026-03-28 12:56,C0058,baby wipes,baby,1,6.70,6.70
T101704,2026-03-28 12:56,C0058,sugar,grocery,3,3.20,9.60
T101689,2026-03-28 16:00,C0830,bananas,produce,1,2.10,2.10
T101689,2026-03-28 16:00,C0830,yogurt,dairy,1,4.60,4.60
T101689,2026-03-28 16:00,C0830,berries,produce,1,5.80,5.80
T101706,2026-03-28 16:04,C0871,lemon,produce,1,0.90,0.90
T101706,2026-03-28 16:04,C0871,peanuts,snack,1,4.80,4.80
T101706,2026-03-28 16:04,C0871,olive oil,grocery,3,11.20,33.60
T101706,2026-03-28 16:04,C0871,salmon,fish,1,15.90,15.90
T101686,2026-03-28 16:57,C0243,pasta,grocery,1,2.30,2.30
T101686,2026-03-28 16:57,C0243,red wine,beverage,2,16.00,32.00
T101686,2026-03-28 16:57,C0243,tomato sauce,grocery,1,3.60,3.60
T101682,2026-03-28 16:59,,toilet paper,household,2,11.90,23.80
T101682,2026-03-28 16:59,,croissant,bakery,1,1.80,1.80
T101695,2026-03-28 17:09,,yogurt,dairy,1,4.60,4.60
T101695,2026-03-28 17:09,,trash bags,household,1,9.10,9.10
T101695,2026-03-28 17:09,,cucumber,produce,1,1.70,1.70
T101695,2026-03-28 17:09,,berries,produce,3,5.80,17.40
T101695,2026-03-28 17:09,,salmon,fish,1,15.90,15.90
T101695,2026-03-28 17:09,,granola,grocery,1,6.20,6.20
T101695,2026-03-28 17:09,,lettuce,produce,1,2.60,2.60
T101694,2026-03-28 17:11,C0661,baby formula,baby,1,28.50,28.50
T101694,2026-03-28 17:11,C0661,diapers,baby,1,24.90,24.90
T101696,2026-03-28 17:16,,diapers,baby,1,24.90,24.90
T101696,2026-03-28 17:16,,baby wipes,baby,1,6.70,6.70
T101696,2026-03-28 17:16,,strawberry jam,grocery,1,4.10,4.10
T101696,2026-03-28 17:16,,red wine,beverage,2,16.00,32.00
T101696,2026-03-28 17:16,,tortilla chips,snack,1,4.20,4.20
T101696,2026-03-28 17:16,,lettuce,produce,2,2.60,5.20
T101683,2026-03-28 17:30,,butter,dairy,3,5.20,15.60
T101683,2026-03-28 17:30,,apples,produce,1,4.30,4.30
T101683,2026-03-28 17:30,,ground beef,meat,1,9.40,9.40
T101683,2026-03-28 17:30,,strawberry jam,grocery,1,4.10,4.10
T101683,2026-03-28 17:30,,eggs,dairy,1,4.90,4.90
T101683,2026-03-28 17:30,,milk 2%,dairy,1,3.80,3.80
T101683,2026-03-28 17:30,,trash bags,household,1,9.10,9.10
T101683,2026-03-28 17:30,,white bread,bakery,1,2.90,2.90
T101700,2026-03-28 17:30,C0472,olive oil,grocery,1,11.20,11.20
T101700,2026-03-28 17:30,C0472,bacon,meat,1,7.80,7.80
T101700,2026-03-28 17:30,C0472,pasta,grocery,1,2.30,2.30
T101700,2026-03-28 17:30,C0472,red wine,beverage,2,16.00,32.00
T101700,2026-03-28 17:30,C0472,tomato sauce,grocery,1,3.60,3.60
T101700,2026-03-28 17:30,C0472,dish soap,household,1,4.70,4.70
T101700,2026-03-28 17:30,C0472,eggs,dairy,1,4.90,4.90
T101687,2026-03-28 18:00,C0202,eggs,dairy,1,4.90,4.90
T101687,2026-03-28 18:00,C0202,coffee beans,grocery,1,12.50,12.50
T101687,2026-03-28 18:00,C0202,peanuts,snack,2,4.80,9.60
T101687,2026-03-28 18:00,C0202,white bread,bakery,1,2.90,2.90
T101687,2026-03-28 18:00,C0202,milk 2%,dairy,3,3.80,11.40
T101687,2026-03-28 18:00,C0202,apples,produce,1,4.30,4.30
T101701,2026-03-28 18:27,C0095,conditioner,care,2,7.40,14.80
T101701,2026-03-28 18:27,C0095,orange juice,beverage,1,4.40,4.40
T101701,2026-03-28 18:27,C0095,shampoo,care,1,7.40,7.40
T101701,2026-03-28 18:27,C0095,apples,produce,1,4.30,4.30
T101701,2026-03-28 18:27,C0095,peanuts,snack,1,4.80,4.80
T101712,2026-03-28 18:29,,coffee beans,grocery,1,12.50,12.50
T101712,2026-03-28 18:29,,sugar,grocery,1,3.20,3.20
T101712,2026-03-28 18:29,,ice cream,frozen,3,6.50,19.50
T101712,2026-03-28 18:29,,beer,beverage,1,13.50,13.50
T101712,2026-03-28 18:29,,chicken breast,meat,1,12.80,12.80
T101712,2026-03-28 18:29,,croissant,bakery,1,1.80,1.80
T101702,2026-03-28 18:36,,toilet paper,household,2,11.90,23.80
T101702,2026-03-28 18:36,,parmesan,dairy,1,8.90,8.90
T101702,2026-03-28 18:36,,tomato sauce,grocery,1,3.60,3.60
T101702,2026-03-28 18:36,,pasta,grocery,1,2.30,2.30
T101702,2026-03-28 18:36,,sugar,grocery,1,3.20,3.20
T101702,2026-03-28 18:36,,ground beef,meat,1,9.40,9.40
T101716,2026-03-28 18:46,C0321,croissant,bakery,1,1.80,1.80
T101716,2026-03-28 18:46,C0321,coffee beans,grocery,1,12.50,12.50
T101713,2026-03-28 18:52,C0116,paper towels,household,1,8.30,8.30
T101713,2026-03-28 18:52,C0116,beer,beverage,1,13.50,13.50
T101713,2026-03-28 18:52,C0116,tortilla chips,snack,1,4.20,4.20
T101713,2026-03-28 18:52,C0116,sugar,grocery,3,3.20,9.60
T101697,2026-03-28 18:55,C0080,butter,dairy,1,5.20,5.20
T101697,2026-03-28 18:55,C0080,white bread,bakery,1,2.90,2.90
T101697,2026-03-28 18:55,C0080,bacon,meat,2,7.80,15.60
T101697,2026-03-28 18:55,C0080,milk 2%,dairy,3,3.80,11.40
T101697,2026-03-28 18:55,C0080,coffee beans,grocery,1,12.50,12.50
T101681,2026-03-28 18:58,,diapers,baby,1,24.90,24.90
T101703,2026-03-28 19:01,,berries,produce,1,5.80,5.80
T101703,2026-03-28 19:01,,orange juice,beverage,1,4.40,4.40
T101703,2026-03-28 19:01,,yogurt,dairy,1,4.60,4.60
T101703,2026-03-28 19:01,,lettuce,produce,2,2.60,5.20
T101703,2026-03-28 19:01,,pasta,grocery,1,2.30,2.30
T101703,2026-03-28 19:01,,laundry detergent,household,1,14.20,14.20
T101703,2026-03-28 19:01,,avocado,produce,3,2.20,6.60
T101698,2026-03-28 19:12,C0524,pasta,grocery,1,2.30,2.30
T101698,2026-03-28 19:12,C0524,tomato sauce,grocery,1,3.60,3.60
T101698,2026-03-28 19:12,C0524,bacon,meat,1,7.80,7.80
T101698,2026-03-28 19:12,C0524,tortilla chips,snack,1,4.20,4.20
T101698,2026-03-28 19:12,C0524,red wine,beverage,1,16.00,16.00
T101705,2026-03-28 19:18,C0369,paper towels,household,1,8.30,8.30
T101705,2026-03-28 19:18,C0369,laundry detergent,household,1,14.20,14.20
T101709,2026-03-28 19:49,C0058,coffee beans,grocery,1,12.50,12.50
T101709,2026-03-28 19:49,C0058,milk 2%,dairy,1,3.80,3.80
T101709,2026-03-28 19:49,C0058,croissant,bakery,1,1.80,1.80
T101709,2026-03-28 19:49,C0058,trash bags,household,1,9.10,9.10
T101685,2026-03-28 19:56,C0009,lettuce,produce,1,2.60,2.60
T101685,2026-03-28 19:56,C0009,red wine,beverage,1,16.00,16.00
T101714,2026-03-28 19:56,,berries,produce,2,5.80,11.60
T101714,2026-03-28 19:56,,eggs,dairy,1,4.90,4.90
T101714,2026-03-28 19:56,,apples,produce,1,4.30,4.30
T101714,2026-03-28 19:56,,tomato sauce,grocery,1,3.60,3.60
T101714,2026-03-28 19:56,,baby wipes,baby,2,6.70,13.40
T101714,2026-03-28 19:56,,dish soap,household,1,4.70,4.70
T101714,2026-03-28 19:56,,bananas,produce,1,2.10,2.10
T101714,2026-03-28 19:56,,granola,grocery,1,6.20,6.20
T101714,2026-03-28 19:56,,sugar,grocery,2,3.20,6.40
T101708,2026-03-28 20:30,C0418,milk 2%,dairy,3,3.80,11.40
T101708,2026-03-28 20:30,C0418,baby wipes,baby,1,6.70,6.70
T101708,2026-03-28 20:30,C0418,coffee beans,grocery,1,12.50,12.50
T101708,2026-03-28 20:30,C0418,tomato sauce,grocery,3,3.60,10.80
T101708,2026-03-28 20:30,C0418,sugar,grocery,1,3.20,3.20
T101708,2026-03-28 20:30,C0418,whole wheat bread,bakery,1,3.40,3.40
T101710,2026-03-28 20:33,C0664,granola,grocery,1,6.20,6.20
T101710,2026-03-28 20:33,C0664,bananas,produce,2,2.10,4.20
T101710,2026-03-28 20:33,C0664,berries,produce,3,5.80,17.40
T101710,2026-03-28 20:33,C0664,yogurt,dairy,3,4.60,13.80
T101720,2026-03-29 08:44,,beer,beverage,2,13.50,27.00
T101720,2026-03-29 08:44,,yogurt,dairy,1,4.60,4.60
T101720,2026-03-29 08:44,,trash bags,household,1,9.10,9.10
T101722,2026-03-29 10:36,,olive oil,grocery,1,11.20,11.20
T101722,2026-03-29 10:36,,tomato sauce,grocery,1,3.60,3.60
T101722,2026-03-29 10:36,,pasta,grocery,1,2.30,2.30
T101728,2026-03-29 11:41,C0839,lemon,produce,2,0.90,1.80
T101728,2026-03-29 11:41,C0839,avocado,produce,1,2.20,2.20
T101728,2026-03-29 11:41,C0839,baby formula,baby,1,28.50,28.50
T101728,2026-03-29 11:41,C0839,diapers,baby,1,24.90,24.90
T101725,2026-03-29 12:42,,baby formula,baby,1,28.50,28.50
T101725,2026-03-29 12:42,,croissant,bakery,2,1.80,3.60
T101725,2026-03-29 12:42,,milk 2%,dairy,1,3.80,3.80
T101725,2026-03-29 12:42,,sugar,grocery,1,3.20,3.20
T101725,2026-03-29 12:42,,coffee beans,grocery,3,12.50,37.50
T101725,2026-03-29 12:42,,ground beef,meat,1,9.40,9.40
T101725,2026-03-29 12:42,,strawberry jam,grocery,1,4.10,4.10
T101731,2026-03-29 12:43,C0102,strawberry jam,grocery,3,4.10,12.30
T101731,2026-03-29 12:43,C0102,red wine,beverage,1,16.00,16.00
T101731,2026-03-29 12:43,C0102,tortilla chips,snack,1,4.20,4.20
T101731,2026-03-29 12:43,C0102,milk 2%,dairy,1,3.80,3.80
T101731,2026-03-29 12:43,C0102,white bread,bakery,1,2.90,2.90
T101723,2026-03-29 13:59,C0819,strawberry jam,grocery,1,4.10,4.10
T101723,2026-03-29 13:59,C0819,dish soap,household,1,4.70,4.70
T101723,2026-03-29 13:59,C0819,sparkling water,beverage,1,3.10,3.10
T101723,2026-03-29 13:59,C0819,laundry detergent,household,1,14.20,14.20
T101723,2026-03-29 13:59,C0819,sugar,grocery,1,3.20,3.20
T101723,2026-03-29 13:59,C0819,toilet paper,household,1,11.90,11.90
T101723,2026-03-29 13:59,C0819,paper towels,household,1,8.30,8.30
T101727,2026-03-29 16:05,C0519,diapers,baby,1,24.90,24.90
T101727,2026-03-29 16:05,C0519,baby formula,baby,1,28.50,28.50
T101727,2026-03-29 16:05,C0519,bacon,meat,1,7.80,7.80
T101727,2026-03-29 16:05,C0519,lemon,produce,1,0.90,0.90
T101721,2026-03-29 16:13,C0862,berries,produce,1,5.80,5.80
T101721,2026-03-29 16:13,C0862,yogurt,dairy,1,4.60,4.60
T101721,2026-03-29 16:13,C0862,shampoo,care,1,7.40,7.40
T101721,2026-03-29 16:13,C0862,avocado,produce,1,2.20,2.20
T101721,2026-03-29 16:13,C0862,diapers,baby,1,24.90,24.90
T101721,2026-03-29 16:13,C0862,ground beef,meat,2,9.40,18.80
T101721,2026-03-29 16:13,C0862,sugar,grocery,3,3.20,9.60
T101721,2026-03-29 16:13,C0862,granola,grocery,1,6.20,6.20
T101721,2026-03-29 16:13,C0862,bananas,produce,1,2.10,2.10
T101721,2026-03-29 16:13,C0862,milk 2%,dairy,1,3.80,3.80
T101729,2026-03-29 17:28,C0823,croissant,bakery,1,1.80,1.80
T101729,2026-03-29 17:28,C0823,baby formula,baby,1,28.50,28.50
T101729,2026-03-29 17:28,C0823,conditioner,care,1,7.40,7.40
T101729,2026-03-29 17:28,C0823,toilet paper,household,1,11.90,11.90
T101729,2026-03-29 17:28,C0823,coffee beans,grocery,1,12.50,12.50
T101729,2026-03-29 17:28,C0823,olive oil,grocery,2,11.20,22.40
T101729,2026-03-29 17:28,C0823,sugar,grocery,3,3.20,9.60
T101724,2026-03-29 17:35,C0894,coffee beans,grocery,1,12.50,12.50
T101724,2026-03-29 17:35,C0894,beer,beverage,1,13.50,13.50
T101718,2026-03-29 17:50,,avocado,produce,1,2.20,2.20
T101718,2026-03-29 17:50,,milk 2%,dairy,1,3.80,3.80
T101718,2026-03-29 17:50,,bananas,produce,1,2.10,2.10
T101718,2026-03-29 17:50,,yogurt,dairy,1,4.60,4.60
T101718,2026-03-29 17:50,,whole wheat bread,bakery,1,3.40,3.40
T101718,2026-03-29 17:50,,toothpaste,care,3,4.50,13.50
T101718,2026-03-29 17:50,,granola,grocery,1,6.20,6.20
T101718,2026-03-29 17:50,,sugar,grocery,1,3.20,3.20
T101718,2026-03-29 17:50,,lettuce,produce,1,2.60,2.60
T101718,2026-03-29 17:50,,berries,produce,1,5.80,5.80
T101726,2026-03-29 18:42,C0427,salmon,fish,2,15.90,31.80
T101726,2026-03-29 18:42,C0427,toilet paper,household,1,11.90,11.90
T101726,2026-03-29 18:42,C0427,eggs,dairy,1,4.90,4.90
T101726,2026-03-29 18:42,C0427,cucumber,produce,1,1.70,1.70
T101719,2026-03-29 19:37,C0061,red wine,beverage,1,16.00,16.00
T101719,2026-03-29 19:37,C0061,parmesan,dairy,1,8.90,8.90
T101719,2026-03-29 19:37,C0061,ground beef,meat,1,9.40,9.40
T101719,2026-03-29 19:37,C0061,laundry detergent,household,1,14.20,14.20
T101719,2026-03-29 19:37,C0061,trash bags,household,1,9.10,9.10
T101719,2026-03-29 19:37,C0061,toothpaste,care,1,4.50,4.50
T101719,2026-03-29 19:37,C0061,dish soap,household,1,4.70,4.70
T101719,2026-03-29 19:37,C0061,apples,produce,1,4.30,4.30
T101719,2026-03-29 19:37,C0061,pasta,grocery,1,2.30,2.30
T101719,2026-03-29 19:37,C0061,toilet paper,household,2,11.90,23.80
T101719,2026-03-29 19:37,C0061,tomato sauce,grocery,2,3.60,7.20
T101719,2026-03-29 19:37,C0061,olive oil,grocery,1,11.20,11.20
T101730,2026-03-29 20:36,,toothpaste,care,1,4.50,4.50
T101730,2026-03-29 20:36,,parmesan,dairy,1,8.90,8.90
T101730,2026-03-29 20:36,,pasta,grocery,1,2.30,2.30
T101730,2026-03-29 20:36,,paper towels,household,1,8.30,8.30
T101730,2026-03-29 20:36,,shampoo,care,1,7.40,7.40
T101730,2026-03-29 20:36,,milk 2%,dairy,2,3.80,7.60
T101738,2026-03-30 09:27,,olive oil,grocery,1,11.20,11.20
T101738,2026-03-30 09:27,,dish soap,household,1,4.70,4.70
T101738,2026-03-30 09:27,,trash bags,household,1,9.10,9.10
T101738,2026-03-30 09:27,,paper towels,household,1,8.30,8.30
T101738,2026-03-30 09:27,,sugar,grocery,1,3.20,3.20
T101738,2026-03-30 09:27,,frozen pizza,frozen,2,7.20,14.40
T101738,2026-03-30 09:27,,laundry detergent,household,1,14.20,14.20
T101738,2026-03-30 09:27,,chicken breast,meat,1,12.80,12.80
T101738,2026-03-30 09:27,,croissant,bakery,1,1.80,1.80
T101733,2026-03-30 09:44,,granola,grocery,1,6.20,6.20
T101737,2026-03-30 10:07,C0136,orange juice,beverage,3,4.40,13.20
T101737,2026-03-30 10:07,C0136,salsa,grocery,3,3.90,11.70
T101737,2026-03-30 10:07,C0136,butter,dairy,1,5.20,5.20
T101737,2026-03-30 10:07,C0136,strawberry jam,grocery,1,4.10,4.10
T101750,2026-03-30 10:10,,lettuce,produce,1,2.60,2.60
T101750,2026-03-30 10:10,,avocado,produce,1,2.20,2.20
T101750,2026-03-30 10:10,,berries,produce,1,5.80,5.80
T101750,2026-03-30 10:10,,yogurt,dairy,3,4.60,13.80
T101750,2026-03-30 10:10,,red wine,beverage,1,16.00,16.00
T101748,2026-03-30 10:15,C0874,white bread,bakery,1,2.90,2.90
T101748,2026-03-30 10:15,C0874,olive oil,grocery,1,11.20,11.20
T101748,2026-03-30 10:15,C0874,eggs,dairy,1,4.90,4.90
T101748,2026-03-30 10:15,C0874,strawberry jam,grocery,1,4.10,4.10
T101748,2026-03-30 10:15,C0874,avocado,produce,1,2.20,2.20
T101748,2026-03-30 10:15,C0874,milk 2%,dairy,1,3.80,3.80
T101744,2026-03-30 12:00,C0674,pasta,grocery,2,2.30,4.60
T101744,2026-03-30 12:00,C0674,tomato sauce,grocery,1,3.60,3.60
T101744,2026-03-30 12:00,C0674,toilet paper,household,1,11.90,11.90
T101744,2026-03-30 12:00,C0674,ground beef,meat,1,9.40,9.40
T101744,2026-03-30 12:00,C0674,olive oil,grocery,1,11.20,11.20
T101744,2026-03-30 12:00,C0674,white bread,bakery,1,2.90,2.90
T101744,2026-03-30 12:00,C0674,parmesan,dairy,3,8.90,26.70
T101739,2026-03-30 12:21,C0488,salsa,grocery,1,3.90,3.90
T101739,2026-03-30 12:21,C0488,beer,beverage,1,13.50,13.50
T101739,2026-03-30 12:21,C0488,tortilla chips,snack,1,4.20,4.20
T101739,2026-03-30 12:21,C0488,baby wipes,baby,1,6.70,6.70
T101743,2026-03-30 13:34,,avocado,produce,3,2.20,6.60
T101743,2026-03-30 13:34,,berries,produce,1,5.80,5.80
T101743,2026-03-30 13:34,,apples,produce,1,4.30,4.30
T101743,2026-03-30 13:34,,olive oil,grocery,3,11.20,33.60
T101743,2026-03-30 13:34,,yogurt,dairy,1,4.60,4.60
T101743,2026-03-30 13:34,,baby wipes,baby,1,6.70,6.70
T101740,2026-03-30 17:03,C0832,red wine,beverage,1,16.00,16.00
T101740,2026-03-30 17:03,C0832,salmon,fish,3,15.90,47.70
T101740,2026-03-30 17:03,C0832,dish soap,household,1,4.70,4.70
T101736,2026-03-30 17:37,C0569,laundry detergent,household,1,14.20,14.20
T101736,2026-03-30 17:37,C0569,beer,beverage,1,13.50,13.50
T101747,2026-03-30 17:50,,lemon,produce,1,0.90,0.90
T101747,2026-03-30 17:50,,olive oil,grocery,1,11.20,11.20
T101747,2026-03-30 17:50,,cucumber,produce,1,1.70,1.70
T101747,2026-03-30 17:50,,berries,produce,1,5.80,5.80
T101747,2026-03-30 17:50,,salmon,fish,1,15.90,15.90
T101734,2026-03-30 18:10,C0601,strawberry jam,grocery,1,4.10,4.10
T101734,2026-03-30 18:10,C0601,beer,beverage,1,13.50,13.50
T101734,2026-03-30 18:10,C0601,shampoo,care,1,7.40,7.40
T101734,2026-03-30 18:10,C0601,eggs,dairy,1,4.90,4.90
T101734,2026-03-30 18:10,C0601,red wine,beverage,1,16.00,16.00
T101734,2026-03-30 18:10,C0601,butter,dairy,3,5.20,15.60
T101734,2026-03-30 18:10,C0601,milk 2%,dairy,1,3.80,3.80
T101734,2026-03-30 18:10,C0601,baby formula,baby,1,28.50,28.50
T101735,2026-03-30 18:10,C0238,orange juice,beverage,1,4.40,4.40
T101735,2026-03-30 18:10,C0238,conditioner,care,1,7.40,7.40
T101735,2026-03-30 18:10,C0238,tea,grocery,1,6.40,6.40
T101732,2026-03-30 18:21,C0709,ice cream,frozen,3,6.50,19.50
T101732,2026-03-30 18:21,C0709,beer,beverage,1,13.50,13.50
T101732,2026-03-30 18:21,C0709,tortilla chips,snack,1,4.20,4.20
T101732,2026-03-30 18:21,C0709,diapers,baby,1,24.90,24.90
T101732,2026-03-30 18:21,C0709,frozen pizza,frozen,1,7.20,7.20
T101732,2026-03-30 18:21,C0709,salsa,grocery,1,3.90,3.90
T101741,2026-03-30 18:48,C0810,lettuce,produce,1,2.60,2.60
T101741,2026-03-30 18:48,C0810,yogurt,dairy,1,4.60,4.60
T101741,2026-03-30 18:48,C0810,butter,dairy,1,5.20,5.20
T101741,2026-03-30 18:48,C0810,sparkling water,beverage,2,3.10,6.20
T101741,2026-03-30 18:48,C0810,granola,grocery,2,6.20,12.40
T101741,2026-03-30 18:48,C0810,berries,produce,1,5.80,5.80
T101741,2026-03-30 18:48,C0810,bananas,produce,1,2.10,2.10
T101742,2026-03-30 19:41,,eggs,dairy,1,4.90,4.90
T101742,2026-03-30 19:41,,white bread,bakery,1,2.90,2.90
T101742,2026-03-30 19:41,,strawberry jam,grocery,1,4.10,4.10
T101742,2026-03-30 19:41,,milk 2%,dairy,1,3.80,3.80
T101742,2026-03-30 19:41,,butter,dairy,1,5.20,5.20
T101742,2026-03-30 19:41,,salsa,grocery,1,3.90,3.90
T101745,2026-03-30 20:13,C0448,white bread,bakery,2,2.90,5.80
T101745,2026-03-30 20:13,C0448,eggs,dairy,1,4.90,4.90
T101745,2026-03-30 20:13,C0448,butter,dairy,1,5.20,5.20
T101745,2026-03-30 20:13,C0448,milk 2%,dairy,1,3.80,3.80
T101746,2026-03-30 20:26,,frozen pizza,frozen,3,7.20,21.60
T101746,2026-03-30 20:26,,red wine,beverage,1,16.00,16.00
T101746,2026-03-30 20:26,,pasta,grocery,1,2.30,2.30
T101746,2026-03-30 20:26,,salmon,fish,1,15.90,15.90
T101746,2026-03-30 20:26,,paper towels,household,3,8.30,24.90
T101756,2026-03-31 08:14,,paper towels,household,2,8.30,16.60
T101756,2026-03-31 08:14,,olive oil,grocery,1,11.20,11.20
T101756,2026-03-31 08:14,,diapers,baby,1,24.90,24.90
T101756,2026-03-31 08:14,,baby wipes,baby,1,6.70,6.70
T101756,2026-03-31 08:14,,beer,beverage,1,13.50,13.50
T101762,2026-03-31 09:06,C0783,red wine,beverage,1,16.00,16.00
T101762,2026-03-31 09:06,C0783,parmesan,dairy,1,8.90,8.90
T101762,2026-03-31 09:06,C0783,tomato sauce,grocery,2,3.60,7.20
T101762,2026-03-31 09:06,C0783,pasta,grocery,1,2.30,2.30
T101762,2026-03-31 09:06,C0783,tomatoes,produce,1,3.90,3.90
T101757,2026-03-31 10:03,C0780,yogurt,dairy,3,4.60,13.80
T101757,2026-03-31 10:03,C0780,salmon,fish,1,15.90,15.90
T101757,2026-03-31 10:03,C0780,conditioner,care,1,7.40,7.40
T101757,2026-03-31 10:03,C0780,shampoo,care,1,7.40,7.40
T101757,2026-03-31 10:03,C0780,white bread,bakery,1,2.90,2.90
T101772,2026-03-31 10:28,C0459,lettuce,produce,1,2.60,2.60
T101772,2026-03-31 10:28,C0459,yogurt,dairy,2,4.60,9.20
T101772,2026-03-31 10:28,C0459,milk 2%,dairy,1,3.80,3.80
T101772,2026-03-31 10:28,C0459,salsa,grocery,1,3.90,3.90
T101755,2026-03-31 10:44,C0349,sugar,grocery,3,3.20,9.60
T101755,2026-03-31 10:44,C0349,tortilla chips,snack,1,4.20,4.20
T101755,2026-03-31 10:44,C0349,milk 2%,dairy,2,3.80,7.60
T101755,2026-03-31 10:44,C0349,coffee beans,grocery,2,12.50,25.00
T101755,2026-03-31 10:44,C0349,croissant,bakery,1,1.80,1.80
T101767,2026-03-31 11:03,,dish soap,household,1,4.70,4.70
T101767,2026-03-31 11:03,,trash bags,household,3,9.10,27.30
T101767,2026-03-31 11:03,,beer,beverage,1,13.50,13.50
T101764,2026-03-31 11:11,C0035,  milk 2% ,dairy,1,3.80,3.80
T101764,2026-03-31 11:11,C0035,strawberry jam,grocery,3,4.10,12.30
T101764,2026-03-31 11:11,C0035,butter,dairy,1,5.20,5.20
T101764,2026-03-31 11:11,C0035,cucumber,produce,1,1.70,1.70
T101764,2026-03-31 11:11,C0035,white bread,bakery,1,2.90,2.90
T101764,2026-03-31 11:11,C0035,lemon,produce,1,0.90,0.90
T101764,2026-03-31 11:11,C0035,red wine,beverage,1,16.00,16.00
T101753,2026-03-31 12:13,C0474,baby formula,baby,1,28.50,28.50
T101753,2026-03-31 12:13,C0474,avocado,produce,1,2.20,2.20
T101753,2026-03-31 12:13,C0474,lettuce,produce,1,2.60,2.60
T101753,2026-03-31 12:13,C0474,yogurt,dairy,1,4.60,4.60
T101753,2026-03-31 12:13,C0474,granola,grocery,1,6.20,6.20
T101758,2026-03-31 12:54,C0249,tea,grocery,2,6.40,12.80
T101758,2026-03-31 12:54,C0249,red wine,beverage,1,16.00,16.00
T101758,2026-03-31 12:54,C0249,sugar,grocery,1,3.20,3.20
T101758,2026-03-31 12:54,C0249,frozen pizza,frozen,1,7.20,7.20
T101758,2026-03-31 12:54,C0249,beer,beverage,1,13.50,13.50
T101758,2026-03-31 12:54,C0249,milk 2%,dairy,2,3.80,7.60
T101758,2026-03-31 12:54,C0249,coffee beans,grocery,3,12.50,37.50
T101758,2026-03-31 12:54,C0249,croissant,bakery,1,1.80,1.80
T101754,2026-03-31 13:13,C0123,white bread,bakery,1,2.90,2.90
T101754,2026-03-31 13:13,C0123,strawberry jam,grocery,1,4.10,4.10
T101754,2026-03-31 13:13,C0123,eggs,dairy,1,4.90,4.90
T101754,2026-03-31 13:13,C0123,milk 2%,dairy,1,3.80,3.80
T101754,2026-03-31 13:13,C0123,bacon,meat,3,7.80,23.40
T101751,2026-03-31 16:08,C0799,laundry detergent,household,1,14.20,14.20
T101751,2026-03-31 16:08,C0799,lemon,produce,1,0.90,0.90
T101751,2026-03-31 16:08,C0799,eggs,dairy,1,4.90,4.90
T101751,2026-03-31 16:08,C0799,salmon,fish,1,15.90,15.90
T101751,2026-03-31 16:08,C0799,whole wheat bread,bakery,1,3.40,3.40
T101751,2026-03-31 16:08,C0799,olive oil,grocery,1,11.20,11.20
T101751,2026-03-31 16:08,C0799,croissant,bakery,1,1.80,1.80
T101751,2026-03-31 16:08,C0799,tomato sauce,grocery,1,3.60,3.60
T101761,2026-03-31 16:26,,trash bags,household,2,9.10,18.20
T101761,2026-03-31 16:26,,lemon,produce,2,0.90,1.80
T101761,2026-03-31 16:26,,peanuts,snack,1,4.80,4.80
T101761,2026-03-31 16:26,,paper towels,household,3,8.30,24.90
T101766,2026-03-31 16:34,,pasta,grocery,1,2.30,2.30
T101766,2026-03-31 16:34,,frozen pizza,frozen,1,7.20,7.20
T101766,2026-03-31 16:34,,tomato sauce,grocery,1,3.60,3.60
T101766,2026-03-31 16:34,,lettuce,produce,3,2.60,7.80
T101752,2026-03-31 16:45,,chicken breast,meat,1,12.80,12.80
T101752,2026-03-31 16:45,,baby formula,baby,2,28.50,57.00
T101752,2026-03-31 16:45,,diapers,baby,1,24.90,24.90
T101752,2026-03-31 16:45,,salsa,grocery,1,3.90,3.90
T101752,2026-03-31 16:45,,toilet paper,household,1,11.90,11.90
T101759,2026-03-31 17:14,C0254,paper towels,household,2,8.30,16.60
T101759,2026-03-31 17:14,C0254,tomato sauce,grocery,3,3.60,10.80
T101759,2026-03-31 17:14,C0254,dish soap,household,1,4.70,4.70
T101759,2026-03-31 17:14,C0254,salsa,grocery,1,3.90,3.90
T101759,2026-03-31 17:14,C0254,peanut butter,grocery,1,5.60,5.60
T101759,2026-03-31 17:14,C0254,strawberry jam,grocery,1,4.10,4.10
T101759,2026-03-31 17:14,C0254,butter,dairy,1,5.20,5.20
T101759,2026-03-31 17:14,C0254,coffee beans,grocery,2,12.50,25.00
T101759,2026-03-31 17:14,C0254,white bread,bakery,1,2.90,2.90
T101770,2026-03-31 17:34,C0560,strawberry jam,grocery,1,4.10,4.10
T101770,2026-03-31 17:34,C0560,whole wheat bread,bakery,1,3.40,3.40
T101770,2026-03-31 17:34,C0560,white bread,bakery,1,2.90,2.90
T101770,2026-03-31 17:34,C0560,sparkling water,beverage,1,3.10,3.10
T101770,2026-03-31 17:34,C0560,milk 2%,dairy,1,3.80,3.80
T101770,2026-03-31 17:34,C0560,eggs,dairy,2,4.90,9.80
T101770,2026-03-31 17:34,C0560,coffee beans,grocery,1,12.50,12.50
T101763,2026-03-31 18:12,C0371,strawberry jam,grocery,1,4.10,4.10
T101763,2026-03-31 18:12,C0371,yogurt,dairy,1,4.60,4.60
T101763,2026-03-31 18:12,C0371,granola,grocery,1,6.20,6.20
T101763,2026-03-31 18:12,C0371,whole wheat bread,bakery,2,3.40,6.80
T101763,2026-03-31 18:12,C0371,bananas,produce,3,2.10,6.30
T101763,2026-03-31 18:12,C0371,berries,produce,1,5.80,5.80
T101760,2026-03-31 18:16,C0351,salmon,fish,1,15.90,15.90
T101760,2026-03-31 18:16,C0351,peanuts,snack,1,4.80,4.80
T101760,2026-03-31 18:16,C0351,beer,beverage,1,13.50,13.50
T101760,2026-03-31 18:16,C0351,berries,produce,1,5.80,5.80
T101760,2026-03-31 18:16,C0351,toilet paper,household,1,11.90,11.90
T101760,2026-03-31 18:16,C0351,salsa,grocery,3,3.90,11.70
T101760,2026-03-31 18:16,C0351,bananas,produce,1,2.10,2.10
T101760,2026-03-31 18:16,C0351,paper towels,household,3,8.30,24.90
T101760,2026-03-31 18:16,C0351,tortilla chips,snack,1,4.20,4.20
T101760,2026-03-31 18:16,C0351,granola,grocery,1,6.20,6.20
T101760,2026-03-31 18:16,C0351,yogurt,dairy,1,4.60,4.60
T101760,2026-03-31 18:16,C0351,chocolate bar,snack,1,2.70,2.70
T101769,2026-03-31 18:33,C0277,granola,grocery,1,6.20,6.20
T101769,2026-03-31 18:33,C0277,white bread,bakery,1,2.90,2.90
T101769,2026-03-31 18:33,C0277,salsa,grocery,3,3.90,11.70
T101769,2026-03-31 18:33,C0277,salmon,fish,3,15.90,47.70
T101769,2026-03-31 18:33,C0277,pasta,grocery,1,2.30,2.30
T101769,2026-03-31 18:33,C0277,croissant,bakery,2,1.80,3.60
T101769,2026-03-31 18:33,C0277,olive oil,grocery,1,11.20,11.20
T101769,2026-03-31 18:33,C0277,cucumber,produce,1,1.70,1.70
T101769,2026-03-31 18:33,C0277,red wine,beverage,1,16.00,16.00
T101769,2026-03-31 18:33,C0277,tomato sauce,grocery,1,3.60,3.60
T101769,2026-03-31 18:33,C0277,bacon,meat,1,7.80,7.80
T101765,2026-03-31 18:41,C0135,sparkling water,beverage,1,3.10,3.10
T101765,2026-03-31 18:41,C0135,chocolate bar,snack,1,2.70,2.70
T101765,2026-03-31 18:41,C0135,tortilla chips,snack,1,4.20,4.20
T101765,2026-03-31 18:41,C0135,ground beef,meat,3,9.40,28.20
T101765,2026-03-31 18:41,C0135,salsa,grocery,3,3.90,11.70
T101765,2026-03-31 18:41,C0135,ice cream,frozen,1,6.50,6.50
T101765,2026-03-31 18:41,C0135,beer,beverage,1,13.50,13.50
T101765,2026-03-31 18:41,C0135,red wine,beverage,1,16.00,16.00
T101765,2026-03-31 18:41,C0135,bananas,produce,1,2.10,2.10
T101771,2026-03-31 18:42,C0097,ground beef,meat,1,9.40,9.40
T101771,2026-03-31 18:42,C0097,tomato sauce,grocery,1,3.60,3.60
T101771,2026-03-31 18:42,C0097,pasta,grocery,1,2.30,2.30
T101768,2026-03-31 19:52,C0038,ground beef,meat,1,9.40,9.40
T101768,2026-03-31 19:52,C0038,chicken breast,meat,1,12.80,12.80
T101768,2026-03-31 19:52,C0038,cucumber,produce,1,1.70,1.70
T101768,2026-03-31 19:52,C0038,frozen pizza,frozen,1,7.20,7.20
T101768,2026-03-31 19:52,C0038,ice cream,frozen,1,6.50,6.50
T101776,2026-04-01 08:19,C0313,tomato sauce,grocery,3,3.60,10.80
T101776,2026-04-01 08:19,C0313,parmesan,dairy,1,8.90,8.90
T101776,2026-04-01 08:19,C0313,lettuce,produce,1,2.60,2.60
T101776,2026-04-01 08:19,C0313,tea,grocery,1,6.40,6.40
T101776,2026-04-01 08:19,C0313,olive oil,grocery,1,11.20,11.20
T101788,2026-04-01 09:04,C0409,olive oil,grocery,1,11.20,11.20
T101788,2026-04-01 09:04,C0409,red wine,beverage,1,16.00,16.00
T101788,2026-04-01 09:04,C0409,salmon,fish,1,15.90,15.90
T101788,2026-04-01 09:04,C0409,cucumber,produce,1,1.70,1.70
T101786,2026-04-01 09:16,C0442,coffee beans,grocery,3,12.50,37.50
T101786,2026-04-01 09:16,C0442,sugar,grocery,1,3.20,3.20
T101786,2026-04-01 09:16,C0442,sparkling water,beverage,1,3.10,3.10
T101786,2026-04-01 09:16,C0442,yogurt,dairy,1,4.60,4.60
T101786,2026-04-01 09:16,C0442,milk 2%,dairy,1,3.80,3.80
T101786,2026-04-01 09:16,C0442,croissant,bakery,1,1.80,1.80
T101778,2026-04-01 11:44,,pasta,grocery,1,2.30,2.30
T101778,2026-04-01 11:44,,bacon,meat,1,7.80,7.80
T101778,2026-04-01 11:44,,olive oil,grocery,1,11.20,11.20
T101778,2026-04-01 11:44,,ground beef,meat,1,9.40,9.40
T101778,2026-04-01 11:44,,peanut butter,grocery,1,5.60,5.60
T101778,2026-04-01 11:44,,beer,beverage,1,13.50,13.50
T101778,2026-04-01 11:44,,granola,grocery,1,6.20,6.20
T101778,2026-04-01 11:44,,tomato sauce,grocery,1,3.60,3.60
T101778,2026-04-01 11:44,,milk 2%,dairy,1,3.80,3.80
T101778,2026-04-01 11:44,,parmesan,dairy,1,8.90,8.90
T101787,2026-04-01 13:09,C0887,coffee beans,grocery,3,12.50,37.50
T101787,2026-04-01 13:09,C0887,sugar,grocery,3,3.20,9.60
T101787,2026-04-01 13:09,C0887,dish soap,household,2,4.70,9.40
T101787,2026-04-01 13:09,C0887,milk 2%,dairy,1,3.80,3.80
T101779,2026-04-01 17:03,C0828,granola,grocery,1,6.20,6.20
T101779,2026-04-01 17:03,C0828,salsa,grocery,1,3.90,3.90
T101779,2026-04-01 17:03,C0828,diapers,baby,1,24.90,24.90
T101779,2026-04-01 17:03,C0828,peanuts,snack,1,4.80,4.80
T101779,2026-04-01 17:03,C0828,yogurt,dairy,1,4.60,4.60
T101779,2026-04-01 17:03,C0828,bananas,produce,2,2.10,4.20
T101779,2026-04-01 17:03,C0828,avocado,produce,1,2.20,2.20
T101779,2026-04-01 17:03,C0828,baby wipes,baby,1,6.70,6.70
T101779,2026-04-01 17:03,C0828,berries,produce,1,5.80,5.80
T101782,2026-04-01 17:26,,ground beef,meat,1,9.40,9.40
T101782,2026-04-01 17:26,,chicken breast,meat,1,12.80,12.80
T101782,2026-04-01 17:26,,red wine,beverage,1,16.00,16.00
T101782,2026-04-01 17:26,,tomato sauce,grocery,3,3.60,10.80
T101782,2026-04-01 17:26,,parmesan,dairy,3,8.90,26.70
T101782,2026-04-01 17:26,,apples,produce,1,4.30,4.30
T101774,2026-04-01 17:27,C0562,butter,dairy,1,5.20,5.20
T101774,2026-04-01 17:27,C0562,milk 2%,dairy,1,3.80,3.80
T101774,2026-04-01 17:27,C0562,ice cream,frozen,1,6.50,6.50
T101774,2026-04-01 17:27,C0562,strawberry jam,grocery,1,4.10,4.10
T101774,2026-04-01 17:27,C0562,white bread,bakery,1,2.90,2.90
T101774,2026-04-01 17:27,C0562,coffee beans,grocery,1,12.50,12.50
T101774,2026-04-01 17:27,C0562,shampoo,care,1,7.40,7.40
T101773,2026-04-01 17:28,,coffee beans,grocery,1,12.50,12.50
T101773,2026-04-01 17:28,,butter,dairy,1,5.20,5.20
T101773,2026-04-01 17:28,,beer,beverage,1,13.50,13.50
T101773,2026-04-01 17:28,,croissant,bakery,1,1.80,1.80
T101773,2026-04-01 17:28,,white bread,bakery,2,2.90,5.80
T101777,2026-04-01 17:40,,toilet paper,household,1,11.90,11.90
T101777,2026-04-01 17:40,,cucumber,produce,1,1.70,1.70
T101777,2026-04-01 17:40,,sparkling water,beverage,3,3.10,9.30
T101777,2026-04-01 17:40,,dish soap,household,2,4.70,9.40
T101777,2026-04-01 17:40,,trash bags,household,1,9.10,9.10
T101783,2026-04-01 17:51,,sugar,grocery,1,3.20,3.20
T101783,2026-04-01 17:51,,coffee beans,grocery,1,12.50,12.50
T101783,2026-04-01 17:51,,lettuce,produce,1,2.60,2.60
T101783,2026-04-01 17:51,,white bread,bakery,1,2.90,2.90
T101783,2026-04-01 17:51,,tomatoes,produce,1,3.90,3.90
T101783,2026-04-01 17:51,,diapers,baby,1,24.90,24.90
T101783,2026-04-01 17:51,,milk 2%,dairy,1,3.80,3.80
T101783,2026-04-01 17:51,,shampoo,care,1,7.40,7.40
T101783,2026-04-01 17:51,,beer,beverage,2,13.50,27.00
T101781,2026-04-01 18:00,C0058,peanuts,snack,1,4.80,4.80
T101781,2026-04-01 18:00,C0058,salsa,grocery,3,3.90,11.70
T101781,2026-04-01 18:00,C0058,beer,beverage,1,13.50,13.50
T101781,2026-04-01 18:00,C0058,tortilla chips,snack,1,4.20,4.20
T101781,2026-04-01 18:00,C0058,eggs,dairy,2,4.90,9.80
T101781,2026-04-01 18:00,C0058,baby formula,baby,3,28.50,85.50
T101780,2026-04-01 18:07,,paper towels,household,1,8.30,8.30
T101780,2026-04-01 18:07,,baby formula,baby,1,28.50,28.50
T101780,2026-04-01 18:07,,avocado,produce,1,2.20,2.20
T101780,2026-04-01 18:07,,baby wipes,baby,1,6.70,6.70
T101780,2026-04-01 18:07,,diapers,baby,2,24.90,49.80
T101775,2026-04-01 18:23,,berries,produce,1,5.80,5.80
T101775,2026-04-01 18:23,,milk 2%,dairy,1,3.80,3.80
T101775,2026-04-01 18:23,,pasta,grocery,1,2.30,2.30
T101785,2026-04-01 19:33,C0447,peanuts,snack,1,4.80,4.80
T101785,2026-04-01 19:33,C0447,chocolate bar,snack,1,2.70,2.70
T101785,2026-04-01 19:33,C0447,ice cream,frozen,1,6.50,6.50
T101785,2026-04-01 19:33,C0447,tortilla chips,snack,2,4.20,8.40
T101785,2026-04-01 19:33,C0447,salsa,grocery,1,3.90,3.90
T101784,2026-04-01 20:58,C0018,bananas,produce,1,2.10,2.10
T101784,2026-04-01 20:58,C0018,berries,produce,1,5.80,5.80
T101784,2026-04-01 20:58,C0018,yogurt,dairy,1,4.60,4.60
T101802,2026-04-02 09:39,C0740,laundry detergent,household,1,14.20,14.20
T101802,2026-04-02 09:39,C0740,baby wipes,baby,1,6.70,6.70
T101802,2026-04-02 09:39,C0740,tomatoes,produce,1,3.90,3.90
T101802,2026-04-02 09:39,C0740,dish soap,household,2,4.70,9.40
T101802,2026-04-02 09:39,C0740,sugar,grocery,1,3.20,3.20
T101802,2026-04-02 09:39,C0740,toilet paper,household,1,11.90,11.90
T101802,2026-04-02 09:39,C0740,laundry detergent,household,1,14.20,14.20
T101790,2026-04-02 11:50,C0570,baby wipes,baby,1,6.70,6.70
T101790,2026-04-02 11:50,C0570,trash bags,household,1,9.10,9.10
T101795,2026-04-02 12:29,,conditioner,care,1,7.40,7.40
T101795,2026-04-02 12:29,,tomato sauce,grocery,1,3.60,3.60
T101795,2026-04-02 12:29,,parmesan,dairy,1,8.90,8.90
T101795,2026-04-02 12:29,,red wine,beverage,1,16.00,16.00
T101795,2026-04-02 12:29,,pasta,grocery,2,2.30,4.60
T101798,2026-04-02 13:16,,lemon,produce,1,0.90,0.90
T101798,2026-04-02 13:16,,sugar,grocery,1,3.20,3.20
T101798,2026-04-02 13:16,,milk 2%,dairy,1,3.80,3.80
T101798,2026-04-02 13:16,,cucumber,produce,1,1.70,1.70
T101798,2026-04-02 13:16,,coffee beans,grocery,1,12.50,12.50
T101798,2026-04-02 13:16,,dish soap,household,1,4.70,4.70
T101798,2026-04-02 13:16,,croissant,bakery,1,1.80,1.80
T101798,2026-04-02 13:16,,white bread,bakery,1,2.90,2.90
T101798,2026-04-02 13:16,,trash bags,household,1,9.10,9.10
T101792,2026-04-02 13:38,C0600,toilet paper,household,2,11.90,23.80
T101792,2026-04-02 13:38,C0600,laundry detergent,household,1,14.20,14.20
T101799,2026-04-02 13:44,C0594,olive oil,grocery,1,11.20,11.20
T101799,2026-04-02 13:44,C0594,dish soap,household,1,4.70,4.70
T101799,2026-04-02 13:44,C0594,white bread,bakery,2,2.90,5.80
T101799,2026-04-02 13:44,C0594,yogurt,dairy,1,4.60,4.60
T101797,2026-04-02 13:49,,toilet paper,household,1,11.90,11.90
T101797,2026-04-02 13:49,,coffee beans,grocery,3,12.50,37.50
T101797,2026-04-02 13:49,,red wine,beverage,1,16.00,16.00
T101797,2026-04-02 13:49,,pasta,grocery,1,2.30,2.30
T101796,2026-04-02 16:28,C0249,apples,produce,2,4.30,8.60
T101796,2026-04-02 16:28,C0249,trash bags,household,1,9.10,9.10
T101796,2026-04-02 16:28,C0249,butter,dairy,3,5.20,15.60
T101796,2026-04-02 16:28,C0249,coffee beans,grocery,1,12.50,12.50
T101796,2026-04-02 16:28,C0249,milk 2%,dairy,1,3.80,3.80
T101789,2026-04-02 16:39,C0819,white bread,bakery,1,2.90,2.90
T101789,2026-04-02 16:39,C0819,coffee beans,grocery,1,12.50,12.50
T101789,2026-04-02 16:39,C0819,milk 2%,dairy,1,3.80,3.80
T101789,2026-04-02 16:39,C0819,tea,grocery,1,6.40,6.40
T101789,2026-04-02 16:39,C0819,salsa,grocery,1,3.90,3.90
T101789,2026-04-02 16:39,C0819,butter,dairy,2,5.20,10.40
T101789,2026-04-02 16:39,C0819,toilet paper,household,1,11.90,11.90
T101800,2026-04-02 16:45,,coffee beans,grocery,1,12.50,12.50
T101800,2026-04-02 16:45,,lemon,produce,1,0.90,0.90
T101800,2026-04-02 16:45,,paper towels,household,1,8.30,8.30
T101800,2026-04-02 16:45,,sugar,grocery,1,3.20,3.20
T101793,2026-04-02 18:05,C0392,tea,grocery,1,6.40,6.40
T101793,2026-04-02 18:05,C0392,tortilla chips,snack,1,4.20,4.20
T101791,2026-04-02 18:51,C0724,berries,produce,1,5.80,5.80
T101791,2026-04-02 18:51,C0724,granola,grocery,1,6.20,6.20
T101791,2026-04-02 18:51,C0724,yogurt,dairy,3,4.60,13.80
T101794,2026-04-02 19:12,C0282,salsa,grocery,1,3.90,3.90
T101794,2026-04-02 19:12,C0282,tea,grocery,2,6.40,12.80
T101801,2026-04-02 19:22,C0204,coffee beans,grocery,1,12.50,12.50
T101801,2026-04-02 19:22,C0204,tea,grocery,1,6.40,6.40
T101801,2026-04-02 19:22,C0204,butter,dairy,1,5.20,5.20
T101801,2026-04-02 19:22,C0204,strawberry jam,grocery,2,4.10,8.20
T101801,2026-04-02 19:22,C0204,white bread,bakery,1,2.90,2.90
T101811,2026-04-03 08:34,C0481,peanut butter,grocery,1,5.60,5.60
T101811,2026-04-03 08:34,C0481,tortilla chips,snack,1,4.20,4.20
T101811,2026-04-03 08:34,C0481,beer,beverage,1,13.50,13.50
T101828,2026-04-03 09:27,C0650,baby formula,baby,1,28.50,28.50
T101828,2026-04-03 09:27,C0650,toilet paper,household,1,11.90,11.90
T101828,2026-04-03 09:27,C0650,laundry detergent,household,1,14.20,14.20
T101828,2026-04-03 09:27,C0650,conditioner,care,1,7.40,7.40
T101809,2026-04-03 10:04,C0558,toothpaste,care,3,4.50,13.50
T101809,2026-04-03 10:04,C0558,beer,beverage,1,13.50,13.50
T101809,2026-04-03 10:04,C0558,conditioner,care,1,7.40,7.40
T101809,2026-04-03 10:04,C0558,tomatoes,produce,1,3.90,3.90
T101809,2026-04-03 10:04,C0558,shampoo,care,1,7.40,7.40
T101806,2026-04-03 10:31,C0260,chocolate bar,snack,1,2.70,2.70
T101806,2026-04-03 10:31,C0260,peanuts,snack,1,4.80,4.80
T101806,2026-04-03 10:31,C0260,tortilla chips,snack,1,4.20,4.20
T101806,2026-04-03 10:31,C0260,toilet paper,household,1,11.90,11.90
T101806,2026-04-03 10:31,C0260,ice cream,frozen,1,6.50,6.50
T101806,2026-04-03 10:31,C0260,trash bags,household,3,9.10,27.30
T101806,2026-04-03 10:31,C0260,conditioner,care,2,7.40,14.80
T101806,2026-04-03 10:31,C0260,salsa,grocery,1,3.90,3.90
T101806,2026-04-03 10:31,C0260,beer,beverage,1,13.50,13.50
T101825,2026-04-03 11:51,C0238,whole wheat bread,bakery,1,3.40,3.40
T101825,2026-04-03 11:51,C0238,strawberry jam,grocery,1,4.10,4.10
T101825,2026-04-03 11:51,C0238,milk 2%,dairy,3,3.80,11.40
T101825,2026-04-03 11:51,C0238,white bread,bakery,1,2.90,2.90
T101817,2026-04-03 12:00,C0701,beer,beverage,1,13.50,13.50
T101817,2026-04-03 12:00,C0701,cucumber,produce,1,1.70,1.70
T101817,2026-04-03 12:00,C0701,tortilla chips,snack,3,4.20,12.60
T101815,2026-04-03 12:30,C0223,chocolate bar,snack,1,2.70,2.70
T101815,2026-04-03 12:30,C0223,toilet paper,household,1,11.90,11.90
T101815,2026-04-03 12:30,C0223,chicken breast,meat,1,12.80,12.80
T101815,2026-04-03 12:30,C0223,lettuce,produce,1,2.60,2.60
T101815,2026-04-03 12:30,C0223,berries,produce,1,5.80,5.80
T101815,2026-04-03 12:30,C0223,tomatoes,produce,2,3.90,7.80
T101815,2026-04-03 12:30,C0223,yogurt,dairy,1,4.60,4.60
T101815,2026-04-03 12:30,C0223,dish soap,household,1,4.70,4.70
T101804,2026-04-03 16:45,C0159,yogurt,dairy,2,4.60,9.20
T101804,2026-04-03 16:45,C0159,berries,produce,1,5.80,5.80
T101805,2026-04-03 16:45,,granola,grocery,1,6.20,6.20
T101805,2026-04-03 16:45,,chicken breast,meat,1,12.80,12.80
T101805,2026-04-03 16:45,,diapers,baby,1,24.90,24.90
T101812,2026-04-03 17:03,C0679,lemon,produce,1,0.90,0.90
T101812,2026-04-03 17:03,C0679,ice cream,frozen,1,6.50,6.50
T101812,2026-04-03 17:03,C0679,pasta,grocery,2,2.30,4.60
T101812,2026-04-03 17:03,C0679,shampoo,care,1,7.40,7.40
T101812,2026-04-03 17:03,C0679,red wine,beverage,1,16.00,16.00
T101812,2026-04-03 17:03,C0679,strawberry jam,grocery,2,4.10,8.20
T101821,2026-04-03 17:07,C0037,olive oil,grocery,1,11.20,11.20
T101821,2026-04-03 17:07,C0037,parmesan,dairy,1,8.90,8.90
T101821,2026-04-03 17:07,C0037,tomato sauce,grocery,1,3.60,3.60
T101821,2026-04-03 17:07,C0037,pasta,grocery,1,2.30,2.30
T101808,2026-04-03 18:23,,pasta,grocery,1,2.30,2.30
T101808,2026-04-03 18:23,,tomato sauce,grocery,2,3.60,7.20
T101808,2026-04-03 18:23,,red wine,beverage,1,16.00,16.00
T101808,2026-04-03 18:23,,parmesan,dairy,1,8.90,8.90
T101813,2026-04-03 18:29,,cucumber,produce,2,1.70,3.40
T101813,2026-04-03 18:29,,red wine,beverage,1,16.00,16.00
T101813,2026-04-03 18:29,,orange juice,beverage,1,4.40,4.40
T101816,2026-04-03 18:35,C0590,parmesan,dairy,2,8.90,17.80
T101816,2026-04-03 18:35,C0590,pasta,grocery,1,2.30,2.30
T101816,2026-04-03 18:35,C0590,tomato sauce,grocery,1,3.60,3.60
T101822,2026-04-03 18:35,C0276,  sugar ,grocery,1,3.20,3.20
T101822,2026-04-03 18:35,C0276,bacon,meat,1,7.80,7.80
T101822,2026-04-03 18:35,C0276,lemon,produce,1,0.90,0.90
T101822,2026-04-03 18:35,C0276,shampoo,care,1,7.40,7.40
T101827,2026-04-03 18:46,,coffee beans,grocery,1,12.50,12.50
T101827,2026-04-03 18:46,,beer,beverage,1,13.50,13.50
T101827,2026-04-03 18:46,,white bread,bakery,1,2.90,2.90
T101827,2026-04-03 18:46,,diapers,baby,1,24.90,24.90
T101827,2026-04-03 18:46,,baby formula,baby,3,28.50,85.50
T101827,2026-04-03 18:46,,lettuce,produce,1,2.60,2.60
T101807,2026-04-03 18:49,C0176,pasta,grocery,1,2.30,2.30
T101807,2026-04-03 18:49,C0176,parmesan,dairy,1,8.90,8.90
T101807,2026-04-03 18:49,C0176,chicken breast,meat,1,12.80,12.80
T101807,2026-04-03 18:49,C0176,frozen pizza,frozen,2,7.20,14.40
T101807,2026-04-03 18:49,C0176,yogurt,dairy,1,4.60,4.60
T101807,2026-04-03 18:49,C0176,tomato sauce,grocery,1,3.60,3.60
T101826,2026-04-03 18:51,C0779,chocolate bar,snack,1,2.70,2.70
T101826,2026-04-03 18:51,C0779,white bread,bakery,2,2.90,5.80
T101826,2026-04-03 18:51,C0779,peanuts,snack,1,4.80,4.80
T101826,2026-04-03 18:51,C0779,berries,produce,2,5.80,11.60
T101826,2026-04-03 18:51,C0779,beer,beverage,1,13.50,13.50
T101826,2026-04-03 18:51,C0779,tortilla chips,snack,1,4.20,4.20
T101810,2026-04-03 19:05,C0203,lemon,produce,1,0.90,0.90
T101810,2026-04-03 19:05,C0203,parmesan,dairy,1,8.90,8.90
T101810,2026-04-03 19:05,C0203,salmon,fish,3,15.90,47.70
T101810,2026-04-03 19:05,C0203,tea,grocery,1,6.40,6.40
T101810,2026-04-03 19:05,C0203,cucumber,produce,1,1.70,1.70
T101820,2026-04-03 19:08,,chocolate bar,snack,1,2.70,2.70
T101820,2026-04-03 19:08,,salsa,grocery,1,3.90,3.90
T101820,2026-04-03 19:08,,peanuts,snack,1,4.80,4.80
T101820,2026-04-03 19:08,,tomato sauce,grocery,1,3.60,3.60
T101820,2026-04-03 19:08,,beer,beverage,1,13.50,13.50
T101824,2026-04-03 19:49,,toothpaste,care,1,4.50,4.50
T101824,2026-04-03 19:49,,baby wipes,baby,2,6.70,13.40
T101824,2026-04-03 19:49,,conditioner,care,1,7.40,7.40
T101824,2026-04-03 19:49,,laundry detergent,household,1,14.20,14.20
T101823,2026-04-03 20:11,,milk 2%,dairy,1,3.80,3.80
T101823,2026-04-03 20:11,,salmon,fish,1,15.90,15.90
T101823,2026-04-03 20:11,,olive oil,grocery,1,11.20,11.20
T101818,2026-04-03 20:17,,white bread,bakery,1,2.90,2.90
T101818,2026-04-03 20:17,,milk 2%,dairy,1,3.80,3.80
T101818,2026-04-03 20:17,,coffee beans,grocery,1,12.50,12.50
T101818,2026-04-03 20:17,,baby formula,baby,2,28.50,57.00
T101818,2026-04-03 20:17,,coffee beans,grocery,1,12.50,12.50
T101803,2026-04-03 20:22,C0812,strawberry jam,grocery,1,4.10,4.10
T101803,2026-04-03 20:22,C0812,eggs,dairy,3,4.90,14.70
T101803,2026-04-03 20:22,C0812,white bread,bakery,1,2.90,2.90
T101803,2026-04-03 20:22,C0812,tomatoes,produce,1,3.90,3.90
T101803,2026-04-03 20:22,C0812,milk 2%,dairy,3,3.80,11.40
T101803,2026-04-03 20:22,C0812,butter,dairy,1,5.20,5.20
T101814,2026-04-03 20:37,C0395,laundry detergent,household,1,14.20,14.20
T101814,2026-04-03 20:37,C0395,tomatoes,produce,1,3.90,3.90
T101814,2026-04-03 20:37,C0395,frozen pizza,frozen,1,7.20,7.20
T101814,2026-04-03 20:37,C0395,bananas,produce,1,2.10,2.10
T101814,2026-04-03 20:37,C0395,trash bags,household,1,9.10,9.10
T101814,2026-04-03 20:37,C0395,chocolate bar,snack,2,2.70,5.40
T101819,2026-04-03 20:57,C0018,laundry detergent,household,1,14.20,14.20
T101819,2026-04-03 20:57,C0018,paper towels,household,1,8.30,8.30
T101819,2026-04-03 20:57,C0018,bananas,produce,1,2.10,2.10
T101819,2026-04-03 20:57,C0018,toilet paper,household,2,11.90,23.80
T101819,2026-04-03 20:57,C0018,diapers,baby,1,24.90,24.90
T101819,2026-04-03 20:57,C0018,baby formula,baby,1,28.50,28.50
T101819,2026-04-03 20:57,C0018,chicken breast,meat,1,12.80,12.80
T101838,2026-04-04 08:29,C0391,coffee beans,grocery,3,12.50,37.50
T101838,2026-04-04 08:29,C0391,toilet paper,household,1,11.90,11.90
T101838,2026-04-04 08:29,C0391,beer,beverage,1,13.50,13.50
T101838,2026-04-04 08:29,C0391,milk 2%,dairy,1,3.80,3.80
T101838,2026-04-04 08:29,C0391,croissant,bakery,1,1.80,1.80
T101842,2026-04-04 09:31,C0337,avocado,produce,1,2.20,2.20
T101842,2026-04-04 09:31,C0337,orange juice,beverage,3,4.40,13.20
T101842,2026-04-04 09:31,C0337,peanut butter,grocery,1,5.60,5.60
T101842,2026-04-04 09:31,C0337,coffee beans,grocery,1,12.50,12.50
T101832,2026-04-04 10:00,C0499,bananas,produce,1,2.10,2.10
T101832,2026-04-04 10:00,C0499,salsa,grocery,1,3.90,3.90
T101832,2026-04-04 10:00,C0499,granola,grocery,1,6.20,6.20
T101832,2026-04-04 10:00,C0499,avocado,produce,1,2.20,2.20
T101832,2026-04-04 10:00,C0499,berries,produce,1,5.80,5.80
T101832,2026-04-04 10:00,C0499,sugar,grocery,1,3.20,3.20
T101832,2026-04-04 10:00,C0499,yogurt,dairy,1,4.60,4.60
T101835,2026-04-04 10:45,C0021,bananas,produce,2,2.10,4.20
T101835,2026-04-04 10:45,C0021,frozen pizza,frozen,1,7.20,7.20
T101835,2026-04-04 10:45,C0021,toilet paper,household,1,11.90,11.90
T101835,2026-04-04 10:45,C0021,tomatoes,produce,1,3.90,3.90
T101836,2026-04-04 10:59,,avocado,produce,1,2.20,2.20
T101836,2026-04-04 10:59,,lettuce,produce,1,2.60,2.60
T101836,2026-04-04 10:59,,granola,grocery,1,6.20,6.20
T101836,2026-04-04 10:59,,yogurt,dairy,1,4.60,4.60
T101836,2026-04-04 10:59,,berries,produce,1,5.80,5.80
T101836,2026-04-04 10:59,,diapers,baby,1,24.90,24.90
T101844,2026-04-04 11:01,C0095,salsa,grocery,1,3.90,3.90
T101844,2026-04-04 11:01,C0095,peanuts,snack,1,4.80,4.80
T101844,2026-04-04 11:01,C0095,ground beef,meat,1,9.40,9.40
T101844,2026-04-04 11:01,C0095,white bread,bakery,1,2.90,2.90
T101844,2026-04-04 11:01,C0095,tortilla chips,snack,1,4.20,4.20
T101844,2026-04-04 11:01,C0095,beer,beverage,1,13.50,13.50
T101844,2026-04-04 11:01,C0095,shampoo,care,2,7.40,14.80
T101846,2026-04-04 11:16,C0378,milk 2%,dairy,2,3.80,7.60
T101846,2026-04-04 11:16,C0378,yogurt,dairy,2,4.60,9.20
T101846,2026-04-04 11:16,C0378,coffee beans,grocery,1,12.50,12.50
T101846,2026-04-04 11:16,C0378,trash bags,household,1,9.10,9.10
T101848,2026-04-04 12:04,C0304,baby formula,baby,1,28.50,28.50
T101848,2026-04-04 12:04,C0304,dish soap,household,2,4.70,9.40
T101848,2026-04-04 12:04,C0304,paper towels,household,1,8.30,8.30
T101848,2026-04-04 12:04,C0304,sugar,grocery,1,3.20,3.20
T101840,2026-04-04 12:38,C0555,tortilla chips,snack,1,4.20,4.20
T101840,2026-04-04 12:38,C0555,ice cream,frozen,1,6.50,6.50
T101841,2026-04-04 12:53,,coffee beans,grocery,1,12.50,12.50
T101841,2026-04-04 12:53,,baby wipes,baby,1,6.70,6.70
T101841,2026-04-04 12:53,,olive oil,grocery,1,11.20,11.20
T101841,2026-04-04 12:53,,yogurt,dairy,2,4.60,9.20
T101841,2026-04-04 12:53,,sugar,grocery,2,3.20,6.40
T101841,2026-04-04 12:53,,milk 2%,dairy,2,3.80,7.60
T101833,2026-04-04 16:26,C0235,dish soap,household,1,4.70,4.70
T101833,2026-04-04 16:26,C0235,diapers,baby,1,24.90,24.90
T101833,2026-04-04 16:26,C0235,toilet paper,household,1,11.90,11.90
T101833,2026-04-04 16:26,C0235,chicken breast,meat,1,12.80,12.80
T101829,2026-04-04 17:08,C0887,sugar,grocery,1,3.20,3.20
T101829,2026-04-04 17:08,C0887,milk 2%,dairy,1,3.80,3.80
T101829,2026-04-04 17:08,C0887,coffee beans,grocery,1,12.50,12.50
T101829,2026-04-04 17:08,C0887,lettuce,produce,1,2.60,2.60
T101829,2026-04-04 17:08,C0887,chocolate bar,snack,1,2.70,2.70
T101829,2026-04-04 17:08,C0887,croissant,bakery,1,1.80,1.80
T101829,2026-04-04 17:08,C0887,lettuce,produce,1,2.60,2.60
T101839,2026-04-04 17:19,,ground beef,meat,1,9.40,9.40
T101839,2026-04-04 17:19,,toilet paper,household,1,11.90,11.90
T101839,2026-04-04 17:19,,frozen pizza,frozen,3,7.20,21.60
T101839,2026-04-04 17:19,,conditioner,care,1,7.40,7.40
T101839,2026-04-04 17:19,,dish soap,household,2,4.70,9.40
T101839,2026-04-04 17:19,,tea,grocery,2,6.40,12.80
T101834,2026-04-04 18:05,C0458,olive oil,grocery,1,11.20,11.20
T101834,2026-04-04 18:05,C0458,tomato sauce,grocery,3,3.60,10.80
T101834,2026-04-04 18:05,C0458,pasta,grocery,1,2.30,2.30
T101837,2026-04-04 18:06,C0506,tortilla chips,snack,1,4.20,4.20
T101837,2026-04-04 18:06,C0506,trash bags,household,3,9.10,27.30
T101837,2026-04-04 18:06,C0506,cucumber,produce,1,1.70,1.70
T101837,2026-04-04 18:06,C0506,beer,beverage,2,13.50,27.00
T101837,2026-04-04 18:06,C0506,lettuce,produce,1,2.60,2.60
T101837,2026-04-04 18:06,C0506,peanuts,snack,2,4.80,9.60
T101837,2026-04-04 18:06,C0506,salsa,grocery,1,3.90,3.90
T101845,2026-04-04 18:15,,eggs,dairy,1,4.90,4.90
T101845,2026-04-04 18:15,,granola,grocery,1,6.20,6.20
T101845,2026-04-04 18:15,,berries,produce,3,5.80,17.40
T101845,2026-04-04 18:15,,white bread,bakery,1,2.90,2.90
T101845,2026-04-04 18:15,,yogurt,dairy,1,4.60,4.60
T101847,2026-04-04 18:22,C0068,laundry detergent,household,2,14.20,28.40
T101847,2026-04-04 18:22,C0068,white bread,bakery,1,2.90,2.90
T101847,2026-04-04 18:22,C0068,avocado,produce,3,2.20,6.60
T101847,2026-04-04 18:22,C0068,peanut butter,grocery,1,5.60,5.60
T101847,2026-04-04 18:22,C0068,strawberry jam,grocery,1,4.10,4.10
T101831,2026-04-04 18:31,C0156,bacon,meat,1,7.80,7.80
T101831,2026-04-04 18:31,C0156,paper towels,household,1,8.30,8.30
T101831,2026-04-04 18:31,C0156,chicken breast,meat,1,12.80,12.80
T101831,2026-04-04 18:31,C0156,bananas,produce,1,2.10,2.10
T101831,2026-04-04 18:31,C0156,croissant,bakery,1,1.80,1.80
T101831,2026-04-04 18:31,C0156,dish soap,household,2,4.70,9.40
T101831,2026-04-04 18:31,C0156,frozen pizza,frozen,1,7.20,7.20
T101843,2026-04-04 19:50,,butter,dairy,1,5.20,5.20
T101843,2026-04-04 19:50,,white bread,bakery,1,2.90,2.90
T101843,2026-04-04 19:50,,baby wipes,baby,1,6.70,6.70
T101843,2026-04-04 19:50,,laundry detergent,household,3,14.20,42.60
T101843,2026-04-04 19:50,,coffee beans,grocery,3,12.50,37.50
T101843,2026-04-04 19:50,,bananas,produce,1,2.10,2.10
T101843,2026-04-04 19:50,,milk 2%,dairy,1,3.80,3.80
T101850,2026-04-05 10:19,,conditioner,care,2,7.40,14.80
T101850,2026-04-05 10:19,,toothpaste,care,1,4.50,4.50
T101853,2026-04-05 10:55,C0646,ground beef,meat,1,9.40,9.40
T101853,2026-04-05 10:55,C0646,white bread,bakery,1,2.90,2.90
T101853,2026-04-05 10:55,C0646,strawberry jam,grocery,1,4.10,4.10
T101853,2026-04-05 10:55,C0646,baby wipes,baby,3,6.70,20.10
T101853,2026-04-05 10:55,C0646,sparkling water,beverage,2,3.10,6.20
T101853,2026-04-05 10:55,C0646,diapers,baby,3,24.90,74.70
T101863,2026-04-05 11:08,C0205,tomato sauce,grocery,1,3.60,3.60
T101863,2026-04-05 11:08,C0205,parmesan,dairy,1,8.90,8.90
T101863,2026-04-05 11:08,C0205,granola,grocery,3,6.20,18.60
T101863,2026-04-05 11:08,C0205,conditioner,care,1,7.40,7.40
T101863,2026-04-05 11:08,C0205,salsa,grocery,2,3.90,7.80
T101859,2026-04-05 11:38,C0673,lemon,produce,1,0.90,0.90
T101859,2026-04-05 11:38,C0673,granola,grocery,1,6.20,6.20
T101859,2026-04-05 11:38,C0673,berries,produce,1,5.80,5.80
T101859,2026-04-05 11:38,C0673,parmesan,dairy,1,8.90,8.90
T101849,2026-04-05 12:08,C0767,sparkling water,beverage,1,3.10,3.10
T101849,2026-04-05 12:08,C0767,peanuts,snack,1,4.80,4.80
T101849,2026-04-05 12:08,C0767,chocolate bar,snack,1,2.70,2.70
T101849,2026-04-05 12:08,C0767,laundry detergent,household,1,14.20,14.20
T101849,2026-04-05 12:08,C0767,bacon,meat,1,7.80,7.80
T101849,2026-04-05 12:08,C0767,tortilla chips,snack,1,4.20,4.20
T101849,2026-04-05 12:08,C0767,beer,beverage,1,13.50,13.50
T101849,2026-04-05 12:08,C0767,strawberry jam,grocery,1,4.10,4.10
T101858,2026-04-05 13:01,,apples,produce,1,4.30,4.30
T101858,2026-04-05 13:01,,diapers,baby,1,24.90,24.90
T101858,2026-04-05 13:01,,chocolate bar,snack,1,2.70,2.70
T101858,2026-04-05 13:01,,cucumber,produce,1,1.70,1.70
T101858,2026-04-05 13:01,,tea,grocery,1,6.40,6.40
T101858,2026-04-05 13:01,,salmon,fish,1,15.90,15.90
T101858,2026-04-05 13:01,,olive oil,grocery,1,11.20,11.20
T101858,2026-04-05 13:01,,ice cream,frozen,1,6.50,6.50
T101858,2026-04-05 13:01,,eggs,dairy,1,4.90,4.90
T101855,2026-04-05 13:36,,coffee beans,grocery,1,12.50,12.50
T101855,2026-04-05 13:36,,sugar,grocery,3,3.20,9.60
T101855,2026-04-05 13:36,,milk 2%,dairy,1,3.80,3.80
T101855,2026-04-05 13:36,,peanuts,snack,1,4.80,4.80
T101866,2026-04-05 13:38,C0477,lemon,produce,1,0.90,0.90
T101866,2026-04-05 13:38,C0477,cucumber,produce,1,1.70,1.70
T101866,2026-04-05 13:38,C0477,peanuts,snack,1,4.80,4.80
T101866,2026-04-05 13:38,C0477,dish soap,household,3,4.70,14.10
T101866,2026-04-05 13:38,C0477,salmon,fish,2,15.90,31.80
T101866,2026-04-05 13:38,C0477,avocado,produce,1,2.20,2.20
T101866,2026-04-05 13:38,C0477,sugar,grocery,1,3.20,3.20
T101866,2026-04-05 13:38,C0477,strawberry jam,grocery,1,4.10,4.10
T101866,2026-04-05 13:38,C0477,butter,dairy,2,5.20,10.40
T101866,2026-04-05 13:38,C0477,olive oil,grocery,1,11.20,11.20
T101861,2026-04-05 13:51,,milk 2%,dairy,2,3.80,7.60
T101861,2026-04-05 13:51,,sugar,grocery,1,3.20,3.20
T101861,2026-04-05 13:51,,parmesan,dairy,1,8.90,8.90
T101861,2026-04-05 13:51,,peanuts,snack,1,4.80,4.80
T101861,2026-04-05 13:51,,tea,grocery,1,6.40,6.40
T101861,2026-04-05 13:51,,ground beef,meat,1,9.40,9.40
T101861,2026-04-05 13:51,,salsa,grocery,1,3.90,3.90
T101865,2026-04-05 16:19,C0804,bacon,meat,1,7.80,7.80
T101865,2026-04-05 16:19,C0804,salsa,grocery,1,3.90,3.90
T101867,2026-04-05 16:32,C0699,granola,grocery,1,6.20,6.20
T101867,2026-04-05 16:32,C0699,pasta,grocery,1,2.30,2.30
T101867,2026-04-05 16:32,C0699,yogurt,dairy,2,4.60,9.20
T101864,2026-04-05 18:29,C0542,white bread,bakery,1,2.90,2.90
T101864,2026-04-05 18:29,C0542,strawberry jam,grocery,1,4.10,4.10
T101864,2026-04-05 18:29,C0542,red wine,beverage,1,16.00,16.00
T101864,2026-04-05 18:29,C0542,coffee beans,grocery,1,12.50,12.50
T101864,2026-04-05 18:29,C0542,milk 2%,dairy,1,3.80,3.80
T101864,2026-04-05 18:29,C0542,shampoo,care,1,7.40,7.40
T101864,2026-04-05 18:29,C0542,baby wipes,baby,1,6.70,6.70
T101860,2026-04-05 18:45,C0849,butter,dairy,1,5.20,5.20
T101860,2026-04-05 18:45,C0849,white bread,bakery,2,2.90,5.80
T101860,2026-04-05 18:45,C0849,baby wipes,baby,2,6.70,13.40
T101860,2026-04-05 18:45,C0849,EGGS,dairy,1,4.90,4.90
T101860,2026-04-05 18:45,C0849,strawberry jam,grocery,1,4.10,4.10
T101860,2026-04-05 18:45,C0849,olive oil,grocery,2,11.20,22.40
T101860,2026-04-05 18:45,C0849,milk 2%,dairy,2,3.80,7.60
T101860,2026-04-05 18:45,C0849,salsa,grocery,1,3.90,3.90
T101860,2026-04-05 18:45,C0849,lemon,produce,1,0.90,0.90
T101860,2026-04-05 18:45,C0849,coffee beans,grocery,1,12.50,12.50
T101852,2026-04-05 19:20,C0453,ground beef,meat,1,9.40,9.40
T101852,2026-04-05 19:20,C0453,baby formula,baby,1,28.50,28.50
T101852,2026-04-05 19:20,C0453,tomato sauce,grocery,1,3.60,3.60
T101852,2026-04-05 19:20,C0453,parmesan,dairy,1,8.90,8.90
T101857,2026-04-05 19:20,C0550,beer,beverage,2,13.50,27.00
T101857,2026-04-05 19:20,C0550,granola,grocery,1,6.20,6.20
T101857,2026-04-05 19:20,C0550,bananas,produce,1,2.10,2.10
T101857,2026-04-05 19:20,C0550,berries,produce,1,5.80,5.80
T101857,2026-04-05 19:20,C0550,tomatoes,produce,1,3.90,3.90
T101854,2026-04-05 19:25,C0021,shampoo,care,1,7.40,7.40
T101854,2026-04-05 19:25,C0021,apples,produce,1,4.30,4.30
T101854,2026-04-05 19:25,C0021,salmon,fish,1,15.90,15.90
T101854,2026-04-05 19:25,C0021,toothpaste,care,1,4.50,4.50
T101854,2026-04-05 19:25,C0021,milk 2%,dairy,3,3.80,11.40
T101854,2026-04-05 19:25,C0021,cucumber,produce,1,1.70,1.70
T101856,2026-04-05 19:45,C0297,conditioner,care,1,7.40,7.40
T101856,2026-04-05 19:45,C0297,toothpaste,care,1,4.50,4.50
T101856,2026-04-05 19:45,C0297,baby formula,baby,1,28.50,28.50
T101856,2026-04-05 19:45,C0297,baby wipes,baby,1,6.70,6.70
T101862,2026-04-05 19:45,C0261,paper towels,household,1,8.30,8.30
T101862,2026-04-05 19:45,C0261,toilet paper,household,1,11.90,11.90
T101851,2026-04-05 20:52,,laundry detergent,household,2,14.20,28.40
T101851,2026-04-05 20:52,,tea,grocery,1,6.40,6.40
T101851,2026-04-05 20:52,,white bread,bakery,1,2.90,2.90
T101851,2026-04-05 20:52,,eggs,dairy,2,4.90,9.80
T101851,2026-04-05 20:52,,trash bags,household,3,9.10,27.30
T101851,2026-04-05 20:52,,butter,dairy,1,5.20,5.20
T101851,2026-04-05 20:52,,strawberry jam,grocery,1,4.10,4.10
T101878,2026-04-06 08:31,,laundry detergent,household,1,14.20,14.20
T101878,2026-04-06 08:31,,peanut butter,grocery,2,5.60,11.20
T101878,2026-04-06 08:31,,bananas,produce,3,2.10,6.30
T101878,2026-04-06 08:31,,orange juice,beverage,1,4.40,4.40
T101878,2026-04-06 08:31,,dish soap,household,2,4.70,9.40
T101878,2026-04-06 08:31,,tomatoes,produce,1,3.90,3.90
T101878,2026-04-06 08:31,,toilet paper,household,3,11.90,35.70
T101881,2026-04-06 09:40,C0510,red wine,beverage,1,16.00,16.00
T101881,2026-04-06 09:40,C0510,whole wheat bread,bakery,1,3.40,3.40
T101881,2026-04-06 09:40,C0510,eggs,dairy,3,4.90,14.70
T101881,2026-04-06 09:40,C0510,toothpaste,care,1,4.50,4.50
T101881,2026-04-06 09:40,C0510,coffee beans,grocery,3,12.50,37.50
T101881,2026-04-06 09:40,C0510,milk 2%,dairy,1,3.80,3.80
T101881,2026-04-06 09:40,C0510,orange juice,beverage,1,4.40,4.40
T101881,2026-04-06 09:40,C0510,white bread,bakery,1,2.90,2.90
T101881,2026-04-06 09:40,C0510,butter,dairy,1,5.20,5.20
T101868,2026-04-06 09:56,C0323,red wine,beverage,1,16.00,16.00
T101868,2026-04-06 09:56,C0323,parmesan,dairy,1,8.90,8.90
T101868,2026-04-06 09:56,C0323,berries,produce,1,5.80,5.80
T101868,2026-04-06 09:56,C0323,pasta,grocery,1,2.30,2.30
T101868,2026-04-06 09:56,C0323,eggs,dairy,1,4.90,4.90
T101868,2026-04-06 09:56,C0323,tomato sauce,grocery,1,3.60,3.60
T101870,2026-04-06 12:38,C0024,pasta,grocery,1,2.30,2.30
T101870,2026-04-06 12:38,C0024,tomato sauce,grocery,1,3.60,3.60
T101870,2026-04-06 12:38,C0024,tortilla chips,snack,3,4.20,12.60
T101870,2026-04-06 12:38,C0024,parmesan,dairy,1,8.90,8.90
T101870,2026-04-06 12:38,C0024,paper towels,household,1,8.30,8.30
T101874,2026-04-06 12:55,C0348,tomatoes,produce,1,3.90,3.90
T101874,2026-04-06 12:55,C0348,butter,dairy,2,5.20,10.40
T101874,2026-04-06 12:55,C0348,lettuce,produce,1,2.60,2.60
T101874,2026-04-06 12:55,C0348,white bread,bakery,1,2.90,2.90
T101874,2026-04-06 12:55,C0348,milk 2%,dairy,1,3.80,3.80
T101874,2026-04-06 12:55,C0348,strawberry jam,grocery,3,4.10,12.30
T101873,2026-04-06 17:13,,white bread,bakery,2,2.90,5.80
T101873,2026-04-06 17:13,,butter,dairy,1,5.20,5.20
T101873,2026-04-06 17:13,,coffee beans,grocery,3,12.50,37.50
T101875,2026-04-06 17:36,,avocado,produce,1,2.20,2.20
T101882,2026-04-06 17:44,C0675,orange juice,beverage,2,4.40,8.80
T101882,2026-04-06 17:44,C0675,butter,dairy,1,5.20,5.20
T101882,2026-04-06 17:44,C0675,white bread,bakery,2,2.90,5.80
T101882,2026-04-06 17:44,C0675,baby formula,baby,1,28.50,28.50
T101882,2026-04-06 17:44,C0675,strawberry jam,grocery,1,4.10,4.10
T101882,2026-04-06 17:44,C0675,milk 2%,dairy,1,3.80,3.80
T101882,2026-04-06 17:44,C0675,olive oil,grocery,2,11.20,22.40
T101882,2026-04-06 17:44,C0675,eggs,dairy,1,4.90,4.90
T101882,2026-04-06 17:44,C0675,toothpaste,care,1,4.50,4.50
T101880,2026-04-06 17:56,,paper towels,household,1,8.30,8.30
T101880,2026-04-06 17:56,,baby wipes,baby,1,6.70,6.70
T101880,2026-04-06 17:56,,ground beef,meat,1,9.40,9.40
T101879,2026-04-06 18:15,C0627,toilet paper,household,3,11.90,35.70
T101879,2026-04-06 18:15,C0627,dish soap,household,2,4.70,9.40
T101879,2026-04-06 18:15,C0627,sugar,grocery,1,3.20,3.20
T101879,2026-04-06 18:15,C0627,granola,grocery,1,6.20,6.20
T101879,2026-04-06 18:15,C0627,pasta,grocery,1,2.30,2.30
T101879,2026-04-06 18:15,C0627,butter,dairy,3,5.20,15.60
T101872,2026-04-06 18:22,C0084,tortilla chips,snack,1,4.20,4.20
T101872,2026-04-06 18:22,C0084,butter,dairy,2,5.20,10.40
T101872,2026-04-06 18:22,C0084,beer,beverage,2,13.50,27.00
T101872,2026-04-06 18:22,C0084,salmon,fish,1,15.90,15.90
T101876,2026-04-06 18:41,C0896,eggs,dairy,1,4.90,4.90
T101876,2026-04-06 18:41,C0896,conditioner,care,1,7.40,7.40
T101876,2026-04-06 18:41,C0896,shampoo,care,3,7.40,22.20
T101876,2026-04-06 18:41,C0896,sugar,grocery,1,3.20,3.20
T101876,2026-04-06 18:41,C0896,toothpaste,care,1,4.50,4.50
T101876,2026-04-06 18:41,C0896,white bread,bakery,1,2.90,2.90
T101876,2026-04-06 18:41,C0896,white bread,bakery,1,2.90,2.90
T101877,2026-04-06 18:44,C0211,conditioner,care,1,7.40,7.40
T101877,2026-04-06 18:44,C0211,granola,grocery,1,6.20,6.20
T101877,2026-04-06 18:44,C0211,yogurt,dairy,1,4.60,4.60
T101877,2026-04-06 18:44,C0211,bananas,produce,1,2.10,2.10
T101883,2026-04-06 18:49,C0702,toilet paper,household,3,11.90,35.70
T101883,2026-04-06 18:49,C0702,trash bags,household,3,9.10,27.30
T101883,2026-04-06 18:49,C0702,paper towels,household,1,8.30,8.30
T101883,2026-04-06 18:49,C0702,lemon,produce,3,0.90,2.70
T101869,2026-04-06 18:55,,salsa,grocery,1,3.90,3.90
T101869,2026-04-06 18:55,,beer,beverage,1,13.50,13.50
T101869,2026-04-06 18:55,,chocolate bar,snack,1,2.70,2.70
T101869,2026-04-06 18:55,,peanuts,snack,1,4.80,4.80
T101869,2026-04-06 18:55,,tortilla chips,snack,1,4.20,4.20
T101869,2026-04-06 18:55,,pasta,grocery,1,2.30,2.30
T101884,2026-04-06 19:34,,sugar,grocery,1,3.20,3.20
T101884,2026-04-06 19:34,,lemon,produce,1,0.90,0.90
T101884,2026-04-06 19:34,,dish soap,household,1,4.70,4.70
T101884,2026-04-06 19:34,,frozen pizza,frozen,1,7.20,7.20
T101884,2026-04-06 19:34,,croissant,bakery,1,1.80,1.80
T101884,2026-04-06 19:34,,milk 2%,dairy,2,3.80,7.60
T101884,2026-04-06 19:34,,bananas,produce,1,2.10,2.10
T101871,2026-04-06 20:48,C0861,peanuts,snack,1,4.80,4.80
T101871,2026-04-06 20:48,C0861,cucumber,produce,1,1.70,1.70
T101871,2026-04-06 20:48,C0861,conditioner,care,3,7.40,22.20
T101871,2026-04-06 20:48,C0861,dish soap,household,3,4.70,14.10
T101871,2026-04-06 20:48,C0861,toilet paper,household,2,11.90,23.80
T101871,2026-04-06 20:48,C0861,paper towels,household,1,8.30,8.30
T101871,2026-04-06 20:48,C0861,trash bags,household,1,9.10,9.10
T101906,2026-04-07 09:58,C0106,conditioner,care,1,7.40,7.40
T101906,2026-04-07 09:58,C0106,salmon,fish,1,15.90,15.90
T101906,2026-04-07 09:58,C0106,milk 2%,dairy,2,3.80,7.60
T101906,2026-04-07 09:58,C0106,peanuts,snack,1,4.80,4.80
T101906,2026-04-07 09:58,C0106,tomatoes,produce,1,3.90,3.90
T101906,2026-04-07 09:58,C0106,butter,dairy,1,5.20,5.20
T101906,2026-04-07 09:58,C0106,white bread,bakery,1,2.90,2.90
T101906,2026-04-07 09:58,C0106,apples,produce,3,4.30,12.90
T101889,2026-04-07 10:45,,salmon,fish,1,15.90,15.90
T101889,2026-04-07 10:45,,peanut butter,grocery,1,5.60,5.60
T101889,2026-04-07 10:45,,avocado,produce,1,2.20,2.20
T101889,2026-04-07 10:45,,olive oil,grocery,1,11.20,11.20
T101889,2026-04-07 10:45,,apples,produce,1,4.30,4.30
T101889,2026-04-07 10:45,,cucumber,produce,1,1.70,1.70
T101899,2026-04-07 10:45,,croissant,bakery,1,1.80,1.80
T101899,2026-04-07 10:45,,coffee beans,grocery,1,12.50,12.50
T101899,2026-04-07 10:45,,salsa,grocery,1,3.90,3.90
T101899,2026-04-07 10:45,,ground beef,meat,1,9.40,9.40
T101899,2026-04-07 10:45,,bananas,produce,1,2.10,2.10
T101899,2026-04-07 10:45,,orange juice,beverage,1,4.40,4.40
T101899,2026-04-07 10:45,,milk 2%,dairy,1,3.80,3.80
T101899,2026-04-07 10:45,,trash bags,household,2,9.10,18.20
T101899,2026-04-07 10:45,,eggs,dairy,1,4.90,4.90
T101899,2026-04-07 10:45,,avocado,produce,1,2.20,2.20
T101897,2026-04-07 10:47,C0612,sugar,grocery,1,3.20,3.20
T101897,2026-04-07 10:47,C0612,peanut butter,grocery,1,5.60,5.60
T101897,2026-04-07 10:47,C0612,bacon,meat,1,7.80,7.80
T101897,2026-04-07 10:47,C0612,milk 2%,dairy,1,3.80,3.80
T101897,2026-04-07 10:47,C0612,parmesan,dairy,1,8.90,8.90
T101897,2026-04-07 10:47,C0612,toilet paper,household,1,11.90,11.90
T101897,2026-04-07 10:47,C0612,coffee beans,grocery,2,12.50,25.00
T101897,2026-04-07 10:47,C0612,avocado,produce,1,2.20,2.20
T101897,2026-04-07 10:47,C0612,white bread,bakery,1,2.90,2.90
T101898,2026-04-07 11:02,C0763,beer,beverage,1,13.50,13.50
T101898,2026-04-07 11:02,C0763,diapers,baby,1,24.90,24.90
T101898,2026-04-07 11:02,C0763,baby formula,baby,1,28.50,28.50
T101898,2026-04-07 11:02,C0763,baby wipes,baby,1,6.70,6.70
T101901,2026-04-07 11:45,C0346,parmesan,dairy,1,8.90,8.90
T101901,2026-04-07 11:45,C0346,frozen pizza,frozen,1,7.20,7.20
T101901,2026-04-07 11:45,C0346,beer,beverage,1,13.50,13.50
T101901,2026-04-07 11:45,C0346,milk 2%,dairy,2,3.80,7.60
T101901,2026-04-07 11:45,C0346,olive oil,grocery,1,11.20,11.20
T101901,2026-04-07 11:45,C0346,orange juice,beverage,1,4.40,4.40
T101901,2026-04-07 11:45,C0346,pasta,grocery,1,2.30,2.30
T101901,2026-04-07 11:45,C0346,toothpaste,care,1,4.50,4.50
T101901,2026-04-07 11:45,C0346,berries,produce,1,5.80,5.80
T101901,2026-04-07 11:45,C0346,tomato sauce,grocery,1,3.60,3.60
T101901,2026-04-07 11:45,C0346,lettuce,produce,1,2.60,2.60
T101901,2026-04-07 11:45,C0346,berries,produce,1,5.80,5.80
T101905,2026-04-07 12:24,C0853,paper towels,household,1,8.30,8.30
T101905,2026-04-07 12:24,C0853,coffee beans,grocery,1,12.50,12.50
T101905,2026-04-07 12:24,C0853,sugar,grocery,1,3.20,3.20
T101905,2026-04-07 12:24,C0853,croissant,bakery,1,1.80,1.80
T101905,2026-04-07 12:24,C0853,white bread,bakery,3,2.90,8.70
T101888,2026-04-07 12:40,C0697,tortilla chips,snack,1,4.20,4.20
T101888,2026-04-07 12:40,C0697,beer,beverage,3,13.50,40.50
T101888,2026-04-07 12:40,C0697,pasta,grocery,1,2.30,2.30
T101888,2026-04-07 12:40,C0697,peanuts,snack,1,4.80,4.80
T101888,2026-04-07 12:40,C0697,sparkling water,beverage,1,3.10,3.10
T101888,2026-04-07 12:40,C0697,sugar,grocery,1,3.20,3.20
T101900,2026-04-07 13:00,C0317,eggs,dairy,1,4.90,4.90
T101900,2026-04-07 13:00,C0317,granola,grocery,1,6.20,6.20
T101900,2026-04-07 13:00,C0317,peanut butter,grocery,1,5.60,5.60
T101900,2026-04-07 13:00,C0317,cucumber,produce,1,1.70,1.70
T101900,2026-04-07 13:00,C0317,yogurt,dairy,1,4.60,4.60
T101890,2026-04-07 13:52,,tortilla chips,snack,1,4.20,4.20
T101890,2026-04-07 13:52,,peanuts,snack,1,4.80,4.80
T101890,2026-04-07 13:52,,dish soap,household,1,4.70,4.70
T101890,2026-04-07 13:52,,paper towels,household,1,8.30,8.30
T101890,2026-04-07 13:52,,salsa,grocery,1,3.90,3.90
T101890,2026-04-07 13:52,,chocolate bar,snack,1,2.70,2.70
T101892,2026-04-07 16:14,,TOOTHPASTE,care,3,4.50,13.50
T101892,2026-04-07 16:14,,peanuts,snack,1,4.80,4.80
T101892,2026-04-07 16:14,,sugar,grocery,1,3.20,3.20
T101892,2026-04-07 16:14,,granola,grocery,2,6.20,12.40
T101892,2026-04-07 16:14,,croissant,bakery,3,1.80,5.40
T101892,2026-04-07 16:14,,coffee beans,grocery,1,12.50,12.50
T101895,2026-04-07 16:36,,diapers,baby,1,24.90,24.90
T101895,2026-04-07 16:36,,milk 2%,dairy,2,3.80,7.60
T101895,2026-04-07 16:36,,baby wipes,baby,1,6.70,6.70
T101895,2026-04-07 16:36,,baby formula,baby,1,28.50,28.50
T101903,2026-04-07 17:29,,butter,dairy,1,5.20,5.20
T101903,2026-04-07 17:29,,coffee beans,grocery,1,12.50,12.50
T101903,2026-04-07 17:29,,pasta,grocery,1,2.30,2.30
T101903,2026-04-07 17:29,,strawberry jam,grocery,2,4.10,8.20
T101903,2026-04-07 17:29,,white bread,bakery,1,2.90,2.90
T101903,2026-04-07 17:29,,croissant,bakery,1,1.80,1.80
T101903,2026-04-07 17:29,,lemon,produce,1,0.90,0.90
T101885,2026-04-07 17:43,C0484,granola,grocery,1,6.20,6.20
T101885,2026-04-07 17:43,C0484,paper towels,household,1,8.30,8.30
T101885,2026-04-07 17:43,C0484,trash bags,household,1,9.10,9.10
T101904,2026-04-07 17:56,,tortilla chips,snack,1,4.20,4.20
T101904,2026-04-07 17:56,,paper towels,household,2,8.30,16.60
T101904,2026-04-07 17:56,,baby formula,baby,2,28.50,57.00
T101904,2026-04-07 17:56,,ground beef,meat,1,9.40,9.40
T101904,2026-04-07 17:56,,baby wipes,baby,3,6.70,20.10
T101904,2026-04-07 17:56,,beer,beverage,1,13.50,13.50
T101904,2026-04-07 17:56,,diapers,baby,1,24.90,24.90
T101893,2026-04-07 18:20,,milk 2%,dairy,1,3.80,3.80
T101893,2026-04-07 18:20,,cucumber,produce,1,1.70,1.70
T101893,2026-04-07 18:20,,lemon,produce,1,0.90,0.90
T101893,2026-04-07 18:20,,apples,produce,1,4.30,4.30
T101893,2026-04-07 18:20,,yogurt,dairy,1,4.60,4.60
T101893,2026-04-07 18:20,,toilet paper,household,1,11.90,11.90
T101896,2026-04-07 18:25,,conditioner,care,1,7.40,7.40
T101896,2026-04-07 18:25,,toothpaste,care,1,4.50,4.50
T101896,2026-04-07 18:25,,shampoo,care,1,7.40,7.40
T101896,2026-04-07 18:25,,coffee beans,grocery,3,12.50,37.50
T101894,2026-04-07 18:38,C0672,granola,grocery,3,6.20,18.60
T101894,2026-04-07 18:38,C0672,bananas,produce,1,2.10,2.10
T101894,2026-04-07 18:38,C0672,yogurt,dairy,3,4.60,13.80
T101894,2026-04-07 18:38,C0672,baby formula,baby,2,28.50,57.00
T101894,2026-04-07 18:38,C0672,berries,produce,1,5.80,5.80
T101894,2026-04-07 18:38,C0672,dish soap,household,1,4.70,4.70
T101894,2026-04-07 18:38,C0672,avocado,produce,3,2.20,6.60
T101894,2026-04-07 18:38,C0672,lettuce,produce,1,2.60,2.60
T101894,2026-04-07 18:38,C0672,conditioner,care,1,7.40,7.40
T101891,2026-04-07 18:45,,sparkling water,beverage,2,3.10,6.20
T101891,2026-04-07 18:45,,beer,beverage,1,13.50,13.50
T101891,2026-04-07 18:45,,cucumber,produce,1,1.70,1.70
T101891,2026-04-07 18:45,,salmon,fish,1,15.90,15.90
T101891,2026-04-07 18:45,,lemon,produce,1,0.90,0.90
T101891,2026-04-07 18:45,,eggs,dairy,1,4.90,4.90
T101887,2026-04-07 18:49,C0584,yogurt,dairy,1,4.60,4.60
T101887,2026-04-07 18:49,C0584,berries,produce,2,5.80,11.60
T101887,2026-04-07 18:49,C0584,pasta,grocery,1,2.30,2.30
T101887,2026-04-07 18:49,C0584,granola,grocery,1,6.20,6.20
T101902,2026-04-07 19:34,C0179,lemon,produce,1,0.90,0.90
T101886,2026-04-07 20:57,C0687,paper towels,household,1,8.30,8.30
T101886,2026-04-07 20:57,C0687,white bread,bakery,1,2.90,2.90
T101886,2026-04-07 20:57,C0687,milk 2%,dairy,1,3.80,3.80
T101886,2026-04-07 20:57,C0687,butter,dairy,1,5.20,5.20
T101886,2026-04-07 20:57,C0687,bacon,meat,1,7.80,7.80
T101929,2026-04-08 08:03,C0590,salsa,grocery,3,3.90,11.70
T101929,2026-04-08 08:03,C0590,peanut butter,grocery,3,5.60,16.80
T101929,2026-04-08 08:03,C0590,eggs,dairy,1,4.90,4.90
T101929,2026-04-08 08:03,C0590,chocolate bar,snack,1,2.70,2.70
T101929,2026-04-08 08:03,C0590,tortilla chips,snack,2,4.20,8.40
T101929,2026-04-08 08:03,C0590,sugar,grocery,1,3.20,3.20
T101929,2026-04-08 08:03,C0590,beer,beverage,1,13.50,13.50
T101917,2026-04-08 09:50,,paper towels,household,1,8.30,8.30
T101917,2026-04-08 09:50,,shampoo,care,2,7.40,14.80
T101917,2026-04-08 09:50,,lemon,produce,1,0.90,0.90
T101917,2026-04-08 09:50,,salmon,fish,1,15.90,15.90
T101917,2026-04-08 09:50,,cucumber,produce,1,1.70,1.70
T101922,2026-04-08 10:06,C0309,baby wipes,baby,2,6.70,13.40
T101922,2026-04-08 10:06,C0309,dish soap,household,1,4.70,4.70
T101922,2026-04-08 10:06,C0309,ground beef,meat,1,9.40,9.40
T101922,2026-04-08 10:06,C0309,berries,produce,1,5.80,5.80
T101922,2026-04-08 10:06,C0309,toilet paper,household,3,11.90,35.70
T101921,2026-04-08 11:45,C0345,pasta,grocery,1,2.30,2.30
T101921,2026-04-08 11:45,C0345,ground beef,meat,2,9.40,18.80
T101921,2026-04-08 11:45,C0345,beer,beverage,1,13.50,13.50
T101928,2026-04-08 11:45,C0421,dish soap,household,1,4.70,4.70
T101928,2026-04-08 11:45,C0421,toilet paper,household,1,11.90,11.90
T101928,2026-04-08 11:45,C0421,avocado,produce,1,2.20,2.20
T101928,2026-04-08 11:45,C0421,paper towels,household,1,8.30,8.30
T101928,2026-04-08 11:45,C0421,coffee beans,grocery,1,12.50,12.50
T101928,2026-04-08 11:45,C0421,salsa,grocery,1,3.90,3.90
T101923,2026-04-08 11:59,,toothpaste,care,1,4.50,4.50
T101923,2026-04-08 11:59,,yogurt,dairy,1,4.60,4.60
T101923,2026-04-08 11:59,,conditioner,care,1,7.40,7.40
T101923,2026-04-08 11:59,,shampoo,care,1,7.40,7.40
T101912,2026-04-08 12:44,,chocolate bar,snack,1,2.70,2.70
T101912,2026-04-08 12:44,,toilet paper,household,1,11.90,11.90
T101912,2026-04-08 12:44,,trash bags,household,1,9.10,9.10
T101912,2026-04-08 12:44,,dish soap,household,1,4.70,4.70
T101913,2026-04-08 13:21,,lettuce,produce,3,2.60,7.80
T101913,2026-04-08 13:21,,berries,produce,1,5.80,5.80
T101913,2026-04-08 13:21,,yogurt,dairy,3,4.60,13.80
T101913,2026-04-08 13:21,,granola,grocery,1,6.20,6.20
T101908,2026-04-08 13:23,C0023,croissant,bakery,1,1.80,1.80
T101908,2026-04-08 13:23,C0023,orange juice,beverage,1,4.40,4.40
T101908,2026-04-08 13:23,C0023,sparkling water,beverage,1,3.10,3.10
T101908,2026-04-08 13:23,C0023,salsa,grocery,3,3.90,11.70
T101908,2026-04-08 13:23,C0023,laundry detergent,household,1,14.20,14.20
T101908,2026-04-08 13:23,C0023,paper towels,household,1,8.30,8.30
T101908,2026-04-08 13:23,C0023,trash bags,household,1,9.10,9.10
T101908,2026-04-08 13:23,C0023,toilet paper,household,1,11.90,11.90
T101908,2026-04-08 13:23,C0023,baby wipes,baby,2,6.70,13.40
T101908,2026-04-08 13:23,C0023,beer,beverage,1,13.50,13.50
T101930,2026-04-08 13:35,C0571,bacon,meat,1,7.80,7.80
T101930,2026-04-08 13:35,C0571,cucumber,produce,1,1.70,1.70
T101930,2026-04-08 13:35,C0571,salmon,fish,1,15.90,15.90
T101930,2026-04-08 13:35,C0571,lemon,produce,2,0.90,1.80
T101930,2026-04-08 13:35,C0571,olive oil,grocery,1,11.20,11.20
T101919,2026-04-08 13:58,C0410,lettuce,produce,1,2.60,2.60
T101919,2026-04-08 13:58,C0410,salsa,grocery,1,3.90,3.90
T101909,2026-04-08 16:32,,granola,grocery,1,6.20,6.20
T101909,2026-04-08 16:32,,bananas,produce,1,2.10,2.10
T101909,2026-04-08 16:32,,ice cream,frozen,1,6.50,6.50
T101910,2026-04-08 17:18,C0128,ice cream,frozen,1,6.50,6.50
T101910,2026-04-08 17:18,C0128,parmesan,dairy,1,8.90,8.90
T101910,2026-04-08 17:18,C0128,red wine,beverage,2,16.00,32.00
T101910,2026-04-08 17:18,C0128,tomato sauce,grocery,2,3.60,7.20
T101910,2026-04-08 17:18,C0128,pasta,grocery,1,2.30,2.30
T101910,2026-04-08 17:18,C0128,granola,grocery,1,6.20,6.20
T101926,2026-04-08 17:18,,chicken breast,meat,1,12.80,12.80
T101926,2026-04-08 17:18,,olive oil,grocery,1,11.20,11.20
T101926,2026-04-08 17:18,,bananas,produce,1,2.10,2.10
T101926,2026-04-08 17:18,,peanuts,snack,1,4.80,4.80
T101926,2026-04-08 17:18,,tortilla chips,snack,1,4.20,4.20
T101926,2026-04-08 17:18,,conditioner,care,1,7.40,7.40
T101926,2026-04-08 17:18,,beer,beverage,1,13.50,13.50
T101925,2026-04-08 18:17,,ice cream,frozen,1,6.50,6.50
T101925,2026-04-08 18:17,,avocado,produce,1,2.20,2.20
T101925,2026-04-08 18:17,,milk 2%,dairy,1,3.80,3.80
T101925,2026-04-08 18:17,,bananas,produce,3,2.10,6.30
T101925,2026-04-08 18:17,,yogurt,dairy,1,4.60,4.60
T101925,2026-04-08 18:17,,tea,grocery,1,6.40,6.40
T101925,2026-04-08 18:17,,berries,produce,1,5.80,5.80
T101925,2026-04-08 18:17,,orange juice,beverage,1,4.40,4.40
T101924,2026-04-08 18:30,C0799,bacon,meat,1,7.80,7.80
T101924,2026-04-08 18:30,C0799,strawberry jam,grocery,1,4.10,4.10
T101924,2026-04-08 18:30,C0799,salmon,fish,1,15.90,15.90
T101924,2026-04-08 18:30,C0799,white bread,bakery,1,2.90,2.90
T101924,2026-04-08 18:30,C0799,eggs,dairy,1,4.90,4.90
T101924,2026-04-08 18:30,C0799,butter,dairy,1,5.20,5.20
T101924,2026-04-08 18:30,C0799,avocado,produce,1,2.20,2.20
T101924,2026-04-08 18:30,C0799,coffee beans,grocery,1,12.50,12.50
T101924,2026-04-08 18:30,C0799,croissant,bakery,3,1.80,5.40
T101911,2026-04-08 18:34,C0876,salsa,grocery,1,3.90,3.90
T101911,2026-04-08 18:34,C0876,white bread,bakery,1,2.90,2.90
T101911,2026-04-08 18:34,C0876,chocolate bar,snack,1,2.70,2.70
T101911,2026-04-08 18:34,C0876,strawberry jam,grocery,1,4.10,4.10
T101918,2026-04-08 18:39,,tomato sauce,grocery,1,3.60,3.60
T101918,2026-04-08 18:39,,ground beef,meat,1,9.40,9.40
T101918,2026-04-08 18:39,,salsa,grocery,1,3.90,3.90
T101918,2026-04-08 18:39,,eggs,dairy,3,4.90,14.70
T101918,2026-04-08 18:39,,red wine,beverage,1,16.00,16.00
T101918,2026-04-08 18:39,,tortilla chips,snack,1,4.20,4.20
T101918,2026-04-08 18:39,,beer,beverage,1,13.50,13.50
T101914,2026-04-08 18:45,,laundry detergent,household,1,14.20,14.20
T101914,2026-04-08 18:45,,berries,produce,1,5.80,5.80
T101914,2026-04-08 18:45,,toilet paper,household,2,11.90,23.80
T101914,2026-04-08 18:45,,tortilla chips,snack,1,4.20,4.20
T101914,2026-04-08 18:45,,paper towels,household,1,8.30,8.30
T101914,2026-04-08 18:45,,conditioner,care,1,7.40,7.40
T101916,2026-04-08 18:49,C0011,white bread,bakery,1,2.90,2.90
T101916,2026-04-08 18:49,C0011,  tea ,grocery,1,6.40,6.40
T101916,2026-04-08 18:49,C0011,paper towels,household,1,8.30,8.30
T101916,2026-04-08 18:49,C0011,diapers,baby,3,24.90,74.70
T101916,2026-04-08 18:49,C0011,butter,dairy,1,5.20,5.20
T101920,2026-04-08 19:31,C0260,yogurt,dairy,1,4.60,4.60
T101920,2026-04-08 19:31,C0260,orange juice,beverage,1,4.40,4.40
T101920,2026-04-08 19:31,C0260,avocado,produce,1,2.20,2.20
T101920,2026-04-08 19:31,C0260,toilet paper,household,1,11.90,11.90
T101907,2026-04-08 19:43,C0470,peanut butter,grocery,3,5.60,16.80
T101907,2026-04-08 19:43,C0470,coffee beans,grocery,1,12.50,12.50
T101907,2026-04-08 19:43,C0470,sugar,grocery,2,3.20,6.40
T101907,2026-04-08 19:43,C0470,milk 2%,dairy,2,3.80,7.60
T101927,2026-04-08 19:45,C0752,tea,grocery,1,6.40,6.40
T101927,2026-04-08 19:45,C0752,salmon,fish,3,15.90,47.70
T101927,2026-04-08 19:45,C0752,paper towels,household,1,8.30,8.30
T101927,2026-04-08 19:45,C0752,milk 2%,dairy,3,3.80,11.40
T101927,2026-04-08 19:45,C0752,salsa,grocery,1,3.90,3.90
T101927,2026-04-08 19:45,C0752,beer,beverage,1,13.50,13.50
T101927,2026-04-08 19:45,C0752,tortilla chips,snack,1,4.20,4.20
T101915,2026-04-08 19:55,C0371,toilet paper,household,1,11.90,11.90
T101915,2026-04-08 19:55,C0371,paper towels,household,1,8.30,8.30
T101915,2026-04-08 19:55,C0371,lemon,produce,1,0.90,0.90
T101915,2026-04-08 19:55,C0371,trash bags,household,1,9.10,9.10
T101915,2026-04-08 19:55,C0371,croissant,bakery,1,1.80,1.80
T101915,2026-04-08 19:55,C0371,cucumber,produce,1,1.70,1.70
T101915,2026-04-08 19:55,C0371,yogurt,dairy,1,4.60,4.60
T101915,2026-04-08 19:55,C0371,baby formula,baby,1,28.50,28.50
T101915,2026-04-08 19:55,C0371,toothpaste,care,1,4.50,4.50
T101915,2026-04-08 19:55,C0371,chicken breast,meat,1,12.80,12.80
T101934,2026-04-09 08:52,,salmon,fish,1,15.90,15.90
T101934,2026-04-09 08:52,,berries,produce,1,5.80,5.80
T101934,2026-04-09 08:52,,granola,grocery,1,6.20,6.20
T101933,2026-04-09 09:57,,tomato sauce,grocery,2,3.60,7.20
T101933,2026-04-09 09:57,,ground beef,meat,1,9.40,9.40
T101933,2026-04-09 09:57,,red wine,beverage,1,16.00,16.00
T101933,2026-04-09 09:57,,pasta,grocery,1,2.30,2.30
T101942,2026-04-09 11:05,,diapers,baby,1,24.90,24.90
T101942,2026-04-09 11:05,,baby formula,baby,1,28.50,28.50
T101942,2026-04-09 11:05,,tomatoes,produce,1,3.90,3.90
T101942,2026-04-09 11:05,,eggs,dairy,2,4.90,9.80
T101935,2026-04-09 12:18,C0433,TEA,grocery,1,6.40,6.40
T101935,2026-04-09 12:18,C0433,bananas,produce,1,2.10,2.10
T101944,2026-04-09 13:57,,tortilla chips,snack,1,4.20,4.20
T101944,2026-04-09 13:57,,white bread,bakery,3,2.90,8.70
T101944,2026-04-09 13:57,,tomato sauce,grocery,2,3.60,7.20
T101944,2026-04-09 13:57,,pasta,grocery,1,2.30,2.30
T101944,2026-04-09 13:57,,parmesan,dairy,1,8.90,8.90
T101936,2026-04-09 17:00,,red wine,beverage,1,16.00,16.00
T101936,2026-04-09 17:00,,beer,beverage,1,13.50,13.50
T101936,2026-04-09 17:00,,avocado,produce,1,2.20,2.20
T101936,2026-04-09 17:00,,granola,grocery,3,6.20,18.60
T101936,2026-04-09 17:00,,tortilla chips,snack,1,4.20,4.20
T101936,2026-04-09 17:00,,chocolate bar,snack,1,2.70,2.70
T101945,2026-04-09 17:17,,granola,grocery,2,6.20,12.40
T101945,2026-04-09 17:17,,lettuce,produce,3,2.60,7.80
T101945,2026-04-09 17:17,,milk 2%,dairy,1,3.80,3.80
T101945,2026-04-09 17:17,,frozen pizza,frozen,1,7.20,7.20
T101945,2026-04-09 17:17,,shampoo,care,1,7.40,7.40
T101945,2026-04-09 17:17,,yogurt,dairy,1,4.60,4.60
T101943,2026-04-09 18:09,C0338,olive oil,grocery,2,11.20,22.40
T101943,2026-04-09 18:09,C0338,avocado,produce,1,2.20,2.20
T101943,2026-04-09 18:09,C0338,lemon,produce,1,0.90,0.90
T101943,2026-04-09 18:09,C0338,milk 2%,dairy,1,3.80,3.80
T101937,2026-04-09 18:11,C0492,chicken breast,meat,1,12.80,12.80
T101937,2026-04-09 18:11,C0492,apples,produce,2,4.30,8.60
T101937,2026-04-09 18:11,C0492,salmon,fish,1,15.90,15.90
T101937,2026-04-09 18:11,C0492,yogurt,dairy,1,4.60,4.60
T101938,2026-04-09 18:11,,white bread,bakery,1,2.90,2.90
T101938,2026-04-09 18:11,,tea,grocery,3,6.40,19.20
T101938,2026-04-09 18:11,,butter,dairy,1,5.20,5.20
T101938,2026-04-09 18:11,,ice cream,frozen,1,6.50,6.50
T101938,2026-04-09 18:11,,coffee beans,grocery,2,12.50,25.00
T101938,2026-04-09 18:11,,eggs,dairy,1,4.90,4.90
T101938,2026-04-09 18:11,,whole wheat bread,bakery,1,3.40,3.40
T101931,2026-04-09 18:13,C0581,tomato sauce,grocery,3,3.60,10.80
T101931,2026-04-09 18:13,C0581,beer,beverage,1,13.50,13.50
T101931,2026-04-09 18:13,C0581,pasta,grocery,1,2.30,2.30
T101931,2026-04-09 18:13,C0581,diapers,baby,1,24.90,24.90
T101939,2026-04-09 18:21,C0579,orange juice,beverage,1,4.40,4.40
T101939,2026-04-09 18:21,C0579,strawberry jam,grocery,3,4.10,12.30
T101939,2026-04-09 18:21,C0579,white bread,bakery,1,2.90,2.90
T101939,2026-04-09 18:21,C0579,eggs,dairy,1,4.90,4.90
T101941,2026-04-09 18:49,C0064,tea,grocery,1,6.40,6.40
T101941,2026-04-09 18:49,C0064,toothpaste,care,1,4.50,4.50
T101941,2026-04-09 18:49,C0064,coffee beans,grocery,1,12.50,12.50
T101941,2026-04-09 18:49,C0064,milk 2%,dairy,3,3.80,11.40
T101932,2026-04-09 19:37,C0670,butter,dairy,1,5.20,5.20
T101932,2026-04-09 19:37,C0670,beer,beverage,1,13.50,13.50
T101932,2026-04-09 19:37,C0670,olive oil,grocery,1,11.20,11.20
T101932,2026-04-09 19:37,C0670,parmesan,dairy,1,8.90,8.90
T101932,2026-04-09 19:37,C0670,chocolate bar,snack,1,2.70,2.70
T101932,2026-04-09 19:37,C0670,tortilla chips,snack,1,4.20,4.20
T101932,2026-04-09 19:37,C0670,salsa,grocery,1,3.90,3.90
T101932,2026-04-09 19:37,C0670,tomatoes,produce,1,3.90,3.90
T101940,2026-04-09 20:42,C0453,dish soap,household,3,4.70,14.10
T101940,2026-04-09 20:42,C0453,shampoo,care,1,7.40,7.40
T101940,2026-04-09 20:42,C0453,conditioner,care,3,7.40,22.20
T101947,2026-04-10 08:26,,toothpaste,care,3,4.50,13.50
T101947,2026-04-10 08:26,,milk 2%,dairy,3,3.80,11.40
T101947,2026-04-10 08:26,,white bread,bakery,1,2.90,2.90
T101947,2026-04-10 08:26,,sugar,grocery,1,3.20,3.20
T101947,2026-04-10 08:26,,cucumber,produce,1,1.70,1.70
T101947,2026-04-10 08:26,,croissant,bakery,1,1.80,1.80
T101947,2026-04-10 08:26,,coffee beans,grocery,2,12.50,25.00
T101966,2026-04-10 10:12,C0050,frozen pizza,frozen,1,7.20,7.20
T101966,2026-04-10 10:12,C0050,coffee beans,grocery,1,12.50,12.50
T101950,2026-04-10 11:00,,eggs,dairy,3,4.90,14.70
T101950,2026-04-10 11:00,,strawberry jam,grocery,1,4.10,4.10
T101950,2026-04-10 11:00,,white bread,bakery,2,2.90,5.80
T101950,2026-04-10 11:00,,milk 2%,dairy,1,3.80,3.80
T101950,2026-04-10 11:00,,butter,dairy,1,5.20,5.20
T101965,2026-04-10 11:32,C0792,parmesan,dairy,1,8.90,8.90
T101965,2026-04-10 11:32,C0792,chocolate bar,snack,1,2.70,2.70
T101965,2026-04-10 11:32,C0792,pasta,grocery,1,2.30,2.30
T101951,2026-04-10 11:33,C0510,frozen pizza,frozen,1,7.20,7.20
T101951,2026-04-10 11:33,C0510,pasta,grocery,1,2.30,2.30
T101951,2026-04-10 11:33,C0510,peanut butter,grocery,1,5.60,5.60
T101951,2026-04-10 11:33,C0510,parmesan,dairy,1,8.90,8.90
T101951,2026-04-10 11:33,C0510,cucumber,produce,3,1.70,5.10
T101951,2026-04-10 11:33,C0510,red wine,beverage,1,16.00,16.00
T101951,2026-04-10 11:33,C0510,chocolate bar,snack,1,2.70,2.70
T101951,2026-04-10 11:33,C0510,bacon,meat,1,7.80,7.80
T101949,2026-04-10 11:46,,strawberry jam,grocery,1,4.10,4.10
T101949,2026-04-10 11:46,,lemon,produce,1,0.90,0.90
T101949,2026-04-10 11:46,,eggs,dairy,1,4.90,4.90
T101949,2026-04-10 11:46,,butter,dairy,1,5.20,5.20
T101963,2026-04-10 12:03,,toilet paper,household,1,11.90,11.90
T101963,2026-04-10 12:03,,paper towels,household,1,8.30,8.30
T101963,2026-04-10 12:03,,laundry detergent,household,3,14.20,42.60
T101963,2026-04-10 12:03,,avocado,produce,1,2.20,2.20
T101948,2026-04-10 12:07,,chocolate bar,snack,1,2.70,2.70
T101948,2026-04-10 12:07,,diapers,baby,1,24.90,24.90
T101948,2026-04-10 12:07,,conditioner,care,1,7.40,7.40
T101948,2026-04-10 12:07,,bacon,meat,1,7.80,7.80
T101948,2026-04-10 12:07,,shampoo,care,1,7.40,7.40
T101948,2026-04-10 12:07,,trash bags,household,1,9.10,9.10
T101948,2026-04-10 12:07,,coffee beans,grocery,1,12.50,12.50
T101948,2026-04-10 12:07,,baby wipes,baby,3,6.70,20.10
T101962,2026-04-10 12:48,C0718,strawberry jam,grocery,1,4.10,4.10
T101962,2026-04-10 12:48,C0718,red wine,beverage,1,16.00,16.00
T101962,2026-04-10 12:48,C0718,white bread,bakery,1,2.90,2.90
T101962,2026-04-10 12:48,C0718,coffee beans,grocery,1,12.50,12.50
T101962,2026-04-10 12:48,C0718,ice cream,frozen,1,6.50,6.50
T101962,2026-04-10 12:48,C0718,tomatoes,produce,2,3.90,7.80
T101962,2026-04-10 12:48,C0718,chocolate bar,snack,1,2.70,2.70
T101962,2026-04-10 12:48,C0718,butter,dairy,1,5.20,5.20
T101968,2026-04-10 12:51,C0301,shampoo,care,1,7.40,7.40
T101968,2026-04-10 12:51,C0301,trash bags,household,1,9.10,9.10
T101968,2026-04-10 12:51,C0301,eggs,dairy,1,4.90,4.90
T101968,2026-04-10 12:51,C0301,salmon,fish,1,15.90,15.90
T101968,2026-04-10 12:51,C0301,olive oil,grocery,1,11.20,11.20
T101968,2026-04-10 12:51,C0301,tomato sauce,grocery,2,3.60,7.20
T101968,2026-04-10 12:51,C0301,tomatoes,produce,1,3.90,3.90
T101968,2026-04-10 12:51,C0301,lemon,produce,1,0.90,0.90
T101958,2026-04-10 12:52,,red wine,beverage,2,16.00,32.00
T101958,2026-04-10 12:52,,salmon,fish,1,15.90,15.90
T101958,2026-04-10 12:52,,lemon,produce,1,0.90,0.90
T101958,2026-04-10 12:52,,salsa,grocery,1,3.90,3.90
T101972,2026-04-10 13:22,,beer,beverage,1,13.50,13.50
T101972,2026-04-10 13:22,,conditioner,care,3,7.40,22.20
T101972,2026-04-10 13:22,,salmon,fish,1,15.90,15.90
T101972,2026-04-10 13:22,,toothpaste,care,1,4.50,4.50
T101960,2026-04-10 13:56,,strawberry jam,grocery,1,4.10,4.10
T101960,2026-04-10 13:56,,coffee beans,grocery,1,12.50,12.50
T101960,2026-04-10 13:56,,paper towels,household,1,8.30,8.30
T101960,2026-04-10 13:56,,olive oil,grocery,2,11.20,22.40
T101955,2026-04-10 16:08,,granola,grocery,1,6.20,6.20
T101955,2026-04-10 16:08,,lettuce,produce,1,2.60,2.60
T101955,2026-04-10 16:08,,beer,beverage,1,13.50,13.50
T101955,2026-04-10 16:08,,chocolate bar,snack,1,2.70,2.70
T101955,2026-04-10 16:08,,peanut butter,grocery,1,5.60,5.60
T101955,2026-04-10 16:08,,white bread,bakery,1,2.90,2.90
T101952,2026-04-10 16:10,,granola,grocery,1,6.20,6.20
T101952,2026-04-10 16:10,,milk 2%,dairy,1,3.80,3.80
T101952,2026-04-10 16:10,,berries,produce,1,5.80,5.80
T101952,2026-04-10 16:10,,lettuce,produce,1,2.60,2.60
T101967,2026-04-10 16:19,,laundry detergent,household,2,14.20,28.40
T101967,2026-04-10 16:19,,berries,produce,1,5.80,5.80
T101967,2026-04-10 16:19,,avocado,produce,3,2.20,6.60
T101957,2026-04-10 16:31,C0334,tomatoes,produce,1,3.90,3.90
T101957,2026-04-10 16:31,C0334,granola,grocery,3,6.20,18.60
T101957,2026-04-10 16:31,C0334,bananas,produce,3,2.10,6.30
T101956,2026-04-10 17:38,,pasta,grocery,1,2.30,2.30
T101956,2026-04-10 17:38,,red wine,beverage,1,16.00,16.00
T101956,2026-04-10 17:38,,granola,grocery,2,6.20,12.40
T101956,2026-04-10 17:38,,salmon,fish,1,15.90,15.90
T101956,2026-04-10 17:38,,toilet paper,household,1,11.90,11.90
T101956,2026-04-10 17:38,,lemon,produce,1,0.90,0.90
T101956,2026-04-10 17:38,,ice cream,frozen,1,6.50,6.50
T101970,2026-04-10 17:43,,cucumber,produce,1,1.70,1.70
T101970,2026-04-10 17:43,,tortilla chips,snack,1,4.20,4.20
T101970,2026-04-10 17:43,,shampoo,care,1,7.40,7.40
T101970,2026-04-10 17:43,,beer,beverage,1,13.50,13.50
T101970,2026-04-10 17:43,,conditioner,care,1,7.40,7.40
T101970,2026-04-10 17:43,,orange juice,beverage,1,4.40,4.40
T101964,2026-04-10 17:47,,diapers,baby,1,24.90,24.90
T101964,2026-04-10 17:47,,baby wipes,baby,2,6.70,13.40
T101964,2026-04-10 17:47,,toothpaste,care,1,4.50,4.50
T101961,2026-04-10 18:06,,laundry detergent,household,1,14.20,14.20
T101961,2026-04-10 18:06,,croissant,bakery,1,1.80,1.80
T101961,2026-04-10 18:06,,coffee beans,grocery,1,12.50,12.50
T101961,2026-04-10 18:06,,toilet paper,household,2,11.90,23.80
T101961,2026-04-10 18:06,,peanut butter,grocery,3,5.60,16.80
T101961,2026-04-10 18:06,,conditioner,care,1,7.40,7.40
T101974,2026-04-10 18:06,C0813,pasta,grocery,1,2.30,2.30
T101974,2026-04-10 18:06,C0813,croissant,bakery,1,1.80,1.80
T101974,2026-04-10 18:06,C0813,avocado,produce,1,2.20,2.20
T101974,2026-04-10 18:06,C0813,butter,dairy,1,5.20,5.20
T101946,2026-04-10 18:27,,apples,produce,1,4.30,4.30
T101946,2026-04-10 18:27,,pasta,grocery,1,2.30,2.30
T101946,2026-04-10 18:27,,parmesan,dairy,1,8.90,8.90
T101946,2026-04-10 18:27,,ground beef,meat,1,9.40,9.40
T101946,2026-04-10 18:27,,tomato sauce,grocery,2,3.60,7.20
T101946,2026-04-10 18:27,,lemon,produce,1,0.90,0.90
T101946,2026-04-10 18:27,,red wine,beverage,1,16.00,16.00
T101946,2026-04-10 18:27,,yogurt,dairy,1,4.60,4.60
T101953,2026-04-10 18:30,C0142,pasta,grocery,1,2.30,2.30
T101953,2026-04-10 18:30,C0142,tomato sauce,grocery,1,3.60,3.60
T101953,2026-04-10 18:30,C0142,tea,grocery,1,6.40,6.40
T101953,2026-04-10 18:30,C0142,ground beef,meat,1,9.40,9.40
T101971,2026-04-10 18:37,C0434,sparkling water,beverage,1,3.10,3.10
T101971,2026-04-10 18:37,C0434,white bread,bakery,1,2.90,2.90
T101971,2026-04-10 18:37,C0434,butter,dairy,1,5.20,5.20
T101971,2026-04-10 18:37,C0434,milk 2%,dairy,1,3.80,3.80
T101971,2026-04-10 18:37,C0434,strawberry jam,grocery,1,4.10,4.10
T101971,2026-04-10 18:37,C0434,milk 2%,dairy,1,3.80,3.80
T101954,2026-04-10 18:53,C0070,coffee beans,grocery,1,12.50,12.50
T101954,2026-04-10 18:53,C0070,croissant,bakery,1,1.80,1.80
T101954,2026-04-10 18:53,C0070,baby formula,baby,1,28.50,28.50
T101954,2026-04-10 18:53,C0070,sparkling water,beverage,1,3.10,3.10
T101954,2026-04-10 18:53,C0070,strawberry jam,grocery,1,4.10,4.10
T101954,2026-04-10 18:53,C0070,white bread,bakery,1,2.90,2.90
T101973,2026-04-10 20:00,,granola,grocery,1,6.20,6.20
T101973,2026-04-10 20:00,,berries,produce,1,5.80,5.80
T101973,2026-04-10 20:00,,ice cream,frozen,1,6.50,6.50
T101973,2026-04-10 20:00,,dish soap,household,1,4.70,4.70
T101959,2026-04-10 20:51,C0404,parmesan,dairy,1,8.90,8.90
T101959,2026-04-10 20:51,C0404,white bread,bakery,1,2.90,2.90
T101959,2026-04-10 20:51,C0404,baby wipes,baby,1,6.70,6.70
T101959,2026-04-10 20:51,C0404,milk 2%,dairy,1,3.80,3.80
T101959,2026-04-10 20:51,C0404,ground beef,meat,1,9.40,9.40
T101959,2026-04-10 20:51,C0404,butter,dairy,1,5.20,5.20
T101959,2026-04-10 20:51,C0404,dish soap,household,1,4.70,4.70
T101969,2026-04-10 20:51,C0244,apples,produce,1,4.30,4.30
T101969,2026-04-10 20:51,C0244,diapers,baby,1,24.90,24.90
T101969,2026-04-10 20:51,C0244,baby formula,baby,1,28.50,28.50
T101969,2026-04-10 20:51,C0244,baby wipes,baby,1,6.70,6.70
T101969,2026-04-10 20:51,C0244,eggs,dairy,1,4.90,4.90
T101969,2026-04-10 20:51,C0244,avocado,produce,1,2.20,2.20
T101969,2026-04-10 20:51,C0244,milk 2%,dairy,1,3.80,3.80
T101990,2026-04-11 09:16,,toilet paper,household,1,11.90,11.90
T101990,2026-04-11 09:16,,cucumber,produce,1,1.70,1.70
T101990,2026-04-11 09:16,,sugar,grocery,1,3.20,3.20
T101990,2026-04-11 09:16,,trash bags,household,1,9.10,9.10
T101990,2026-04-11 09:16,,dish soap,household,1,4.70,4.70
T101975,2026-04-11 10:24,,baby wipes,baby,1,6.70,6.70
T101975,2026-04-11 10:24,,baby formula,baby,3,28.50,85.50
T101975,2026-04-11 10:24,,diapers,baby,1,24.90,24.90
T101975,2026-04-11 10:24,,salmon,fish,1,15.90,15.90
T101989,2026-04-11 11:59,,strawberry jam,grocery,1,4.10,4.10
T101989,2026-04-11 11:59,,  milk 2% ,dairy,1,3.80,3.80
T101989,2026-04-11 11:59,,trash bags,household,1,9.10,9.10
T101977,2026-04-11 13:18,C0296,pasta,grocery,1,2.30,2.30
T101977,2026-04-11 13:18,C0296,olive oil,grocery,1,11.20,11.20
T101977,2026-04-11 13:18,C0296,peanuts,snack,1,4.80,4.80
T101977,2026-04-11 13:18,C0296,tomato sauce,grocery,2,3.60,7.20
T101977,2026-04-11 13:18,C0296,laundry detergent,household,1,14.20,14.20
T101977,2026-04-11 13:18,C0296,coffee beans,grocery,1,12.50,12.50
T101977,2026-04-11 13:18,C0296,tomatoes,produce,1,3.90,3.90
T101985,2026-04-11 13:44,,laundry detergent,household,1,14.20,14.20
T101985,2026-04-11 13:44,,diapers,baby,1,24.90,24.90
T101985,2026-04-11 13:44,,yogurt,dairy,2,4.60,9.20
T101985,2026-04-11 13:44,,baby wipes,baby,1,6.70,6.70
T101979,2026-04-11 17:12,C0264,yogurt,dairy,1,4.60,4.60
T101979,2026-04-11 17:12,C0264,granola,grocery,1,6.20,6.20
T101979,2026-04-11 17:12,C0264,lettuce,produce,3,2.60,7.80
T101979,2026-04-11 17:12,C0264,bananas,produce,1,2.10,2.10
T101979,2026-04-11 17:12,C0264,avocado,produce,1,2.20,2.20
T101979,2026-04-11 17:12,C0264,whole wheat bread,bakery,2,3.40,6.80
T101979,2026-04-11 17:12,C0264,berries,produce,1,5.80,5.80
T101978,2026-04-11 17:24,,baby wipes,baby,1,6.70,6.70
T101978,2026-04-11 17:24,,beer,beverage,1,13.50,13.50
T101978,2026-04-11 17:24,,bacon,meat,1,7.80,7.80
T101978,2026-04-11 17:24,,dish soap,household,1,4.70,4.70
T101978,2026-04-11 17:24,,cucumber,produce,1,1.70,1.70
T101978,2026-04-11 17:24,,diapers,baby,3,24.90,74.70
T101983,2026-04-11 17:29,C0049,toilet paper,household,1,11.90,11.90
T101983,2026-04-11 17:29,C0049,dish soap,household,1,4.70,4.70
T101983,2026-04-11 17:29,C0049,apples,produce,1,4.30,4.30
T101983,2026-04-11 17:29,C0049,toothpaste,care,1,4.50,4.50
T101983,2026-04-11 17:29,C0049,peanut butter,grocery,2,5.60,11.20
T101983,2026-04-11 17:29,C0049,bananas,produce,1,2.10,2.10
T101980,2026-04-11 17:54,,bacon,meat,1,7.80,7.80
T101980,2026-04-11 17:54,,milk 2%,dairy,1,3.80,3.80
T101980,2026-04-11 17:54,,strawberry jam,grocery,2,4.10,8.20
T101980,2026-04-11 17:54,,lemon,produce,1,0.90,0.90
T101980,2026-04-11 17:54,,sugar,grocery,1,3.20,3.20
T101980,2026-04-11 17:54,,coffee beans,grocery,1,12.50,12.50
T101980,2026-04-11 17:54,,frozen pizza,frozen,1,7.20,7.20
T101980,2026-04-11 17:54,,toilet paper,household,3,11.90,35.70
T101982,2026-04-11 18:03,C0238,paper towels,household,3,8.30,24.90
T101982,2026-04-11 18:03,C0238,ice cream,frozen,1,6.50,6.50
T101982,2026-04-11 18:03,C0238,salmon,fish,2,15.90,31.80
T101982,2026-04-11 18:03,C0238,baby wipes,baby,1,6.70,6.70
T101982,2026-04-11 18:03,C0238,dish soap,household,1,4.70,4.70
T101982,2026-04-11 18:03,C0238,toothpaste,care,1,4.50,4.50
T101982,2026-04-11 18:03,C0238,laundry detergent,household,1,14.20,14.20
T101982,2026-04-11 18:03,C0238,toilet paper,household,1,11.90,11.90
T101987,2026-04-11 18:14,C0746,butter,dairy,1,5.20,5.20
T101987,2026-04-11 18:14,C0746,strawberry jam,grocery,1,4.10,4.10
T101987,2026-04-11 18:14,C0746,trash bags,household,1,9.10,9.10
T101987,2026-04-11 18:14,C0746,eggs,dairy,2,4.90,9.80
T101987,2026-04-11 18:14,C0746,yogurt,dairy,3,4.60,13.80
T101987,2026-04-11 18:14,C0746,white bread,bakery,1,2.90,2.90
T101992,2026-04-11 18:28,C0346,red wine,beverage,1,16.00,16.00
T101992,2026-04-11 18:28,C0346,pasta,grocery,1,2.30,2.30
T101992,2026-04-11 18:28,C0346,beer,beverage,1,13.50,13.50
T101992,2026-04-11 18:28,C0346,ground beef,meat,1,9.40,9.40
T101992,2026-04-11 18:28,C0346,tomato sauce,grocery,3,3.60,10.80
T101992,2026-04-11 18:28,C0346,lettuce,produce,1,2.60,2.60
T101986,2026-04-11 18:57,C0740,sparkling water,beverage,1,3.10,3.10
T101986,2026-04-11 18:57,C0740,apples,produce,1,4.30,4.30
T101986,2026-04-11 18:57,C0740,whole wheat bread,bakery,1,3.40,3.40
T101986,2026-04-11 18:57,C0740,granola,grocery,2,6.20,12.40
T101986,2026-04-11 18:57,C0740,trash bags,household,1,9.10,9.10
T101986,2026-04-11 18:57,C0740,salmon,fish,1,15.90,15.90
T101986,2026-04-11 18:57,C0740,baby wipes,baby,1,6.70,6.70
T101986,2026-04-11 18:57,C0740,parmesan,dairy,1,8.90,8.90
T101986,2026-04-11 18:57,C0740,cucumber,produce,3,1.70,5.10
T101986,2026-04-11 18:57,C0740,avocado,produce,3,2.20,6.60
T101991,2026-04-11 19:16,C0192,berries,produce,1,5.80,5.80
T101991,2026-04-11 19:16,C0192,conditioner,care,1,7.40,7.40
T101991,2026-04-11 19:16,C0192,sugar,grocery,1,3.20,3.20
T101991,2026-04-11 19:16,C0192,lettuce,produce,1,2.60,2.60
T101984,2026-04-11 19:32,,coffee beans,grocery,1,12.50,12.50
T101984,2026-04-11 19:32,,tea,grocery,1,6.40,6.40
T101984,2026-04-11 19:32,,salmon,fish,1,15.90,15.90
T101984,2026-04-11 19:32,,yogurt,dairy,1,4.60,4.60
T101984,2026-04-11 19:32,,ground beef,meat,2,9.40,18.80
T101984,2026-04-11 19:32,,milk 2%,dairy,1,3.80,3.80
T101976,2026-04-11 20:08,C0069,diapers,baby,3,24.90,74.70
T101976,2026-04-11 20:08,C0069,shampoo,care,1,7.40,7.40
T101976,2026-04-11 20:08,C0069,paper towels,household,1,8.30,8.30
T101976,2026-04-11 20:08,C0069,croissant,bakery,3,1.80,5.40
T101988,2026-04-11 20:47,C0471,toilet paper,household,1,11.90,11.90
T101988,2026-04-11 20:47,C0471,trash bags,household,2,9.10,18.20
T101988,2026-04-11 20:47,C0471,cucumber,produce,1,1.70,1.70
T101988,2026-04-11 20:47,C0471,chicken breast,meat,1,12.80,12.80
T101988,2026-04-11 20:47,C0471,chocolate bar,snack,1,2.70,2.70
T101988,2026-04-11 20:47,C0471,dish soap,household,1,4.70,4.70
T101988,2026-04-11 20:47,C0471,paper towels,household,1,8.30,8.30
T101988,2026-04-11 20:47,C0471,bacon,meat,1,7.80,7.80
T101988,2026-04-11 20:47,C0471,strawberry jam,grocery,1,4.10,4.10
T101981,2026-04-11 20:54,,milk 2%,dairy,1,3.80,3.80
T101981,2026-04-11 20:54,,diapers,baby,1,24.90,24.90
T101981,2026-04-11 20:54,,croissant,bakery,3,1.80,5.40
T101981,2026-04-11 20:54,,coffee beans,grocery,3,12.50,37.50
T101981,2026-04-11 20:54,,salmon,fish,1,15.90,15.90
T101981,2026-04-11 20:54,,apples,produce,1,4.30,4.30
T101981,2026-04-11 20:54,,shampoo,care,1,7.40,7.40
T101999,2026-04-12 08:05,C0445,bananas,produce,1,2.10,2.10
T101999,2026-04-12 08:05,C0445,berries,produce,1,5.80,5.80
T101999,2026-04-12 08:05,C0445,ground beef,meat,1,9.40,9.40
T101999,2026-04-12 08:05,C0445,pasta,grocery,1,2.30,2.30
T101999,2026-04-12 08:05,C0445,parmesan,dairy,1,8.90,8.90
T101999,2026-04-12 08:05,C0445,tomato sauce,grocery,1,3.60,3.60
T101997,2026-04-12 08:41,,toilet paper,household,1,11.90,11.90
T101997,2026-04-12 08:41,,dish soap,household,1,4.70,4.70
T101997,2026-04-12 08:41,,sparkling water,beverage,1,3.10,3.10
T101997,2026-04-12 08:41,,laundry detergent,household,1,14.20,14.20
T101994,2026-04-12 09:07,C0157,salsa,grocery,1,3.90,3.90
T101994,2026-04-12 09:07,C0157,peanuts,snack,1,4.80,4.80
T101994,2026-04-12 09:07,C0157,diapers,baby,1,24.90,24.90
T101994,2026-04-12 09:07,C0157,baby formula,baby,1,28.50,28.50
T101994,2026-04-12 09:07,C0157,beer,beverage,1,13.50,13.50
T101994,2026-04-12 09:07,C0157,whole wheat bread,bakery,1,3.40,3.40
T101994,2026-04-12 09:07,C0157,tortilla chips,snack,1,4.20,4.20
T101995,2026-04-12 09:48,,chocolate bar,snack,1,2.70,2.70
T101995,2026-04-12 09:48,,beer,beverage,1,13.50,13.50
T101995,2026-04-12 09:48,,olive oil,grocery,1,11.20,11.20
T101995,2026-04-12 09:48,,salsa,grocery,2,3.90,7.80
T101995,2026-04-12 09:48,,whole wheat bread,bakery,1,3.40,3.40
T101995,2026-04-12 09:48,,tortilla chips,snack,1,4.20,4.20
T101995,2026-04-12 09:48,,peanuts,snack,1,4.80,4.80
T101996,2026-04-12 11:10,C0165,white bread,bakery,1,2.90,2.90
T101996,2026-04-12 11:10,C0165,coffee beans,grocery,1,12.50,12.50
T101996,2026-04-12 11:10,C0165,milk 2%,dairy,1,3.80,3.80
T102003,2026-04-12 13:03,,berries,produce,2,5.80,11.60
T102003,2026-04-12 13:03,,granola,grocery,1,6.20,6.20
T102003,2026-04-12 13:03,,yogurt,dairy,1,4.60,4.60
T102003,2026-04-12 13:03,,trash bags,household,1,9.10,9.10
T102003,2026-04-12 13:03,,sparkling water,beverage,1,3.10,3.10
T102003,2026-04-12 13:03,,bananas,produce,2,2.10,4.20
T102004,2026-04-12 16:06,C0074,yogurt,dairy,1,4.60,4.60
T102004,2026-04-12 16:06,C0074,red wine,beverage,1,16.00,16.00
T102004,2026-04-12 16:06,C0074,trash bags,household,2,9.10,18.20
T102004,2026-04-12 16:06,C0074,diapers,baby,2,24.90,49.80
T102004,2026-04-12 16:06,C0074,olive oil,grocery,3,11.20,33.60
T102001,2026-04-12 16:22,,olive oil,grocery,1,11.20,11.20
T102001,2026-04-12 16:22,,avocado,produce,1,2.20,2.20
T102001,2026-04-12 16:22,,pasta,grocery,1,2.30,2.30
T102001,2026-04-12 16:22,,milk 2%,dairy,2,3.80,7.60
T102001,2026-04-12 16:22,,paper towels,household,1,8.30,8.30
T102001,2026-04-12 16:22,,ground beef,meat,1,9.40,9.40
T102001,2026-04-12 16:22,,parmesan,dairy,1,8.90,8.90
T102001,2026-04-12 16:22,,red wine,beverage,2,16.00,32.00
T102000,2026-04-12 16:36,,milk 2%,dairy,1,3.80,3.80
T102000,2026-04-12 16:36,,sugar,grocery,1,3.20,3.20
T102000,2026-04-12 16:36,,coffee beans,grocery,3,12.50,37.50
T102000,2026-04-12 16:36,,lettuce,produce,2,2.60,5.20
T102005,2026-04-12 16:42,C0589,coffee beans,grocery,1,12.50,12.50
T102005,2026-04-12 16:42,C0589,butter,dairy,1,5.20,5.20
T102005,2026-04-12 16:42,C0589,lettuce,produce,1,2.60,2.60
T102005,2026-04-12 16:42,C0589,avocado,produce,1,2.20,2.20
T102005,2026-04-12 16:42,C0589,dish soap,household,2,4.70,9.40
T102005,2026-04-12 16:42,C0589,avocado,produce,1,2.20,2.20
T102002,2026-04-12 18:35,C0264,milk 2%,dairy,3,3.80,11.40
T102002,2026-04-12 18:35,C0264,eggs,dairy,1,4.90,4.90
T102002,2026-04-12 18:35,C0264,white bread,bakery,1,2.90,2.90
T102002,2026-04-12 18:35,C0264,butter,dairy,2,5.20,10.40
T102002,2026-04-12 18:35,C0264,coffee beans,grocery,1,12.50,12.50
T102002,2026-04-12 18:35,C0264,paper towels,household,1,8.30,8.30
T102002,2026-04-12 18:35,C0264,tomato sauce,grocery,1,3.60,3.60
T101993,2026-04-12 19:20,C0669,diapers,baby,1,24.90,24.90
T101993,2026-04-12 19:20,C0669,cucumber,produce,1,1.70,1.70
T101993,2026-04-12 19:20,C0669,salsa,grocery,1,3.90,3.90
T101993,2026-04-12 19:20,C0669,tortilla chips,snack,1,4.20,4.20
T101993,2026-04-12 19:20,C0669,salmon,fish,1,15.90,15.90
T101998,2026-04-12 19:49,,peanuts,snack,1,4.80,4.80
T101998,2026-04-12 19:49,,chicken breast,meat,1,12.80,12.80
T101998,2026-04-12 19:49,,salsa,grocery,1,3.90,3.90
T101998,2026-04-12 19:49,,beer,beverage,2,13.50,27.00
T102006,2026-04-12 19:59,C0847,salsa,grocery,1,3.90,3.90
T102019,2026-04-13 09:46,C0690,chocolate bar,snack,1,2.70,2.70
T102019,2026-04-13 09:46,C0690,red wine,beverage,1,16.00,16.00
T102019,2026-04-13 09:46,C0690,beer,beverage,3,13.50,40.50
T102019,2026-04-13 09:46,C0690,peanuts,snack,3,4.80,14.40
T102019,2026-04-13 09:46,C0690,lemon,produce,3,0.90,2.70
T102019,2026-04-13 09:46,C0690,lettuce,produce,1,2.60,2.60
T102019,2026-04-13 09:46,C0690,tortilla chips,snack,1,4.20,4.20
T102019,2026-04-13 09:46,C0690,salsa,grocery,1,3.90,3.90
T102019,2026-04-13 09:46,C0690,tea,grocery,1,6.40,6.40
T102018,2026-04-13 12:32,C0485,olive oil,grocery,2,11.20,22.40
T102018,2026-04-13 12:32,C0485,tea,grocery,1,6.40,6.40
T102018,2026-04-13 12:32,C0485,apples,produce,1,4.30,4.30
T102018,2026-04-13 12:32,C0485,strawberry jam,grocery,1,4.10,4.10
T102018,2026-04-13 12:32,C0485,lemon,produce,3,0.90,2.70
T102018,2026-04-13 12:32,C0485,pasta,grocery,1,2.30,2.30
T102018,2026-04-13 12:32,C0485,tomato sauce,grocery,1,3.60,3.60
T102012,2026-04-13 12:33,C0219,yogurt,dairy,1,4.60,4.60
T102012,2026-04-13 12:33,C0219,toilet paper,household,3,11.90,35.70
T102012,2026-04-13 12:33,C0219,granola,grocery,2,6.20,12.40
T102012,2026-04-13 12:33,C0219,lemon,produce,1,0.90,0.90
T102012,2026-04-13 12:33,C0219,berries,produce,1,5.80,5.80
T102012,2026-04-13 12:33,C0219,toothpaste,care,1,4.50,4.50
T102012,2026-04-13 12:33,C0219,tortilla chips,snack,1,4.20,4.20
T102012,2026-04-13 12:33,C0219,lettuce,produce,1,2.60,2.60
T102021,2026-04-13 13:24,C0592,pasta,grocery,1,2.30,2.30
T102021,2026-04-13 13:24,C0592,berries,produce,1,5.80,5.80
T102021,2026-04-13 13:24,C0592,ground beef,meat,1,9.40,9.40
T102021,2026-04-13 13:24,C0592,tomato sauce,grocery,1,3.60,3.60
T102020,2026-04-13 13:29,,butter,dairy,1,5.20,5.20
T102020,2026-04-13 13:29,,white bread,bakery,1,2.90,2.90
T102020,2026-04-13 13:29,,dish soap,household,1,4.70,4.70
T102020,2026-04-13 13:29,,peanut butter,grocery,1,5.60,5.60
T102020,2026-04-13 13:29,,milk 2%,dairy,1,3.80,3.80
T102020,2026-04-13 13:29,,yogurt,dairy,2,4.60,9.20
T102020,2026-04-13 13:29,,red wine,beverage,1,16.00,16.00
T102016,2026-04-13 17:19,,beer,beverage,1,13.50,13.50
T102016,2026-04-13 17:19,,salsa,grocery,2,3.90,7.80
T102016,2026-04-13 17:19,,sugar,grocery,1,3.20,3.20
T102016,2026-04-13 17:19,,tortilla chips,snack,1,4.20,4.20
T102016,2026-04-13 17:19,,croissant,bakery,3,1.80,5.40
T102017,2026-04-13 17:25,C0293,yogurt,dairy,1,4.60,4.60
T102017,2026-04-13 17:25,C0293,apples,produce,1,4.30,4.30
T102017,2026-04-13 17:25,C0293,peanut butter,grocery,1,5.60,5.60
T102017,2026-04-13 17:25,C0293,granola,grocery,3,6.20,18.60
T102017,2026-04-13 17:25,C0293,berries,produce,1,5.80,5.80
T102008,2026-04-13 17:42,C0764,milk 2%,dairy,1,3.80,3.80
T102008,2026-04-13 17:42,C0764,olive oil,grocery,1,11.20,11.20
T102008,2026-04-13 17:42,C0764,conditioner,care,1,7.40,7.40
T102008,2026-04-13 17:42,C0764,shampoo,care,1,7.40,7.40
T102008,2026-04-13 17:42,C0764,toothpaste,care,2,4.50,9.00
T102008,2026-04-13 17:42,C0764,tomato sauce,grocery,1,3.60,3.60
T102015,2026-04-13 18:28,C0430,avocado,produce,1,2.20,2.20
T102015,2026-04-13 18:28,C0430,butter,dairy,1,5.20,5.20
T102015,2026-04-13 18:28,C0430,sparkling water,beverage,1,3.10,3.10
T102022,2026-04-13 18:55,,chocolate bar,snack,1,2.70,2.70
T102022,2026-04-13 18:55,,eggs,dairy,1,4.90,4.90
T102022,2026-04-13 18:55,,white bread,bakery,1,2.90,2.90
T102022,2026-04-13 18:55,,lemon,produce,1,0.90,0.90
T102007,2026-04-13 19:43,C0313,white bread,bakery,1,2.90,2.90
T102007,2026-04-13 19:43,C0313,frozen pizza,frozen,1,7.20,7.20
T102007,2026-04-13 19:43,C0313,butter,dairy,1,5.20,5.20
T102007,2026-04-13 19:43,C0313,coffee beans,grocery,1,12.50,12.50
T102007,2026-04-13 19:43,C0313,milk 2%,dairy,1,3.80,3.80
T102007,2026-04-13 19:43,C0313,strawberry jam,grocery,1,4.10,4.10
T102007,2026-04-13 19:43,C0313,tea,grocery,2,6.40,12.80
T102007,2026-04-13 19:43,C0313,sparkling water,beverage,1,3.10,3.10
T102011,2026-04-13 19:50,,bananas,produce,1,2.10,2.10
T102011,2026-04-13 19:50,,granola,grocery,1,6.20,6.20
T102011,2026-04-13 19:50,,berries,produce,1,5.80,5.80
T102011,2026-04-13 19:50,,yogurt,dairy,1,4.60,4.60
T102011,2026-04-13 19:50,,avocado,produce,1,2.20,2.20
T102011,2026-04-13 19:50,,ground beef,meat,1,9.40,9.40
T102010,2026-04-13 20:10,,sparkling water,beverage,1,3.10,3.10
T102010,2026-04-13 20:10,,beer,beverage,1,13.50,13.50
T102010,2026-04-13 20:10,,tomatoes,produce,1,3.90,3.90
T102010,2026-04-13 20:10,,tortilla chips,snack,1,4.20,4.20
T102010,2026-04-13 20:10,,granola,grocery,2,6.20,12.40
T102014,2026-04-13 20:15,C0403,apples,produce,1,4.30,4.30
T102014,2026-04-13 20:15,C0403,chocolate bar,snack,1,2.70,2.70
T102014,2026-04-13 20:15,C0403,salsa,grocery,1,3.90,3.90
T102014,2026-04-13 20:15,C0403,beer,beverage,1,13.50,13.50
T102014,2026-04-13 20:15,C0403,ground beef,meat,3,9.40,28.20
T102009,2026-04-13 20:19,,orange juice,beverage,1,4.40,4.40
T102009,2026-04-13 20:19,,toothpaste,care,2,4.50,9.00
T102009,2026-04-13 20:19,,butter,dairy,1,5.20,5.20
T102009,2026-04-13 20:19,,milk 2%,dairy,3,3.80,11.40
T102009,2026-04-13 20:19,,coffee beans,grocery,1,12.50,12.50
T102009,2026-04-13 20:19,,white bread,bakery,1,2.90,2.90
T102013,2026-04-13 20:42,,butter,dairy,1,5.20,5.20
T102013,2026-04-13 20:42,,strawberry jam,grocery,1,4.10,4.10
T102013,2026-04-13 20:42,,milk 2%,dairy,2,3.80,7.60
T102013,2026-04-13 20:42,,tea,grocery,2,6.40,12.80
T102013,2026-04-13 20:42,,white bread,bakery,1,2.90,2.90
T102013,2026-04-13 20:42,,coffee beans,grocery,1,12.50,12.50
T102023,2026-04-14 10:31,C0424,toothpaste,care,2,4.50,9.00
T102023,2026-04-14 10:31,C0424,shampoo,care,2,7.40,14.80
T102023,2026-04-14 10:31,C0424,conditioner,care,1,7.40,7.40
T102023,2026-04-14 10:31,C0424,butter,dairy,1,5.20,5.20
T102023,2026-04-14 10:31,C0424,parmesan,dairy,2,8.90,17.80
T102023,2026-04-14 10:31,C0424,frozen pizza,frozen,3,7.20,21.60
T102024,2026-04-14 11:59,,dish soap,household,1,4.70,4.70
T102024,2026-04-14 11:59,,yogurt,dairy,1,4.60,4.60
T102024,2026-04-14 11:59,,toilet paper,household,1,11.90,11.90
T102024,2026-04-14 11:59,,paper towels,household,1,8.30,8.30
T102024,2026-04-14 11:59,,strawberry jam,grocery,2,4.10,8.20
T102031,2026-04-14 16:15,,coffee beans,grocery,1,12.50,12.50
T102031,2026-04-14 16:15,,trash bags,household,1,9.10,9.10
T102031,2026-04-14 16:15,,yogurt,dairy,1,4.60,4.60
T102030,2026-04-14 17:04,C0397,parmesan,dairy,1,8.90,8.90
T102030,2026-04-14 17:04,C0397,red wine,beverage,1,16.00,16.00
T102030,2026-04-14 17:04,C0397,berries,produce,1,5.80,5.80
T102028,2026-04-14 17:41,,sugar,grocery,1,3.20,3.20
T102028,2026-04-14 17:41,,shampoo,care,1,7.40,7.40
T102028,2026-04-14 17:41,,trash bags,household,3,9.10,27.30
T102028,2026-04-14 17:41,,coffee beans,grocery,1,12.50,12.50
T102027,2026-04-14 18:02,C0845,salmon,fish,2,15.90,31.80
T102027,2026-04-14 18:02,C0845,toilet paper,household,3,11.90,35.70
T102027,2026-04-14 18:02,C0845,olive oil,grocery,1,11.20,11.20
T102025,2026-04-14 18:06,C0140,pasta,grocery,1,2.30,2.30
T102025,2026-04-14 18:06,C0140,paper towels,household,1,8.30,8.30
T102025,2026-04-14 18:06,C0140,red wine,beverage,1,16.00,16.00
T102025,2026-04-14 18:06,C0140,salmon,fish,1,15.90,15.90
T102025,2026-04-14 18:06,C0140,sugar,grocery,1,3.20,3.20
T102025,2026-04-14 18:06,C0140,ground beef,meat,1,9.40,9.40
T102025,2026-04-14 18:06,C0140,peanut butter,grocery,1,5.60,5.60
T102025,2026-04-14 18:06,C0140,olive oil,grocery,3,11.20,33.60
T102026,2026-04-14 18:28,,conditioner,care,1,7.40,7.40
T102026,2026-04-14 18:28,,shampoo,care,1,7.40,7.40
T102026,2026-04-14 18:28,,toothpaste,care,1,4.50,4.50
T102029,2026-04-14 18:49,,avocado,produce,2,2.20,4.40
T102029,2026-04-14 18:49,,laundry detergent,household,1,14.20,14.20
T102029,2026-04-14 18:49,,berries,produce,1,5.80,5.80
T102029,2026-04-14 18:49,,granola,grocery,1,6.20,6.20
T102029,2026-04-14 18:49,,whole wheat bread,bakery,1,3.40,3.40
T102029,2026-04-14 18:49,,peanut butter,grocery,1,5.60,5.60
T102029,2026-04-14 18:49,,bananas,produce,1,2.10,2.10
T102035,2026-04-15 08:44,C0703,tomato sauce,grocery,1,3.60,3.60
T102035,2026-04-15 08:44,C0703,pasta,grocery,1,2.30,2.30
T102035,2026-04-15 08:44,C0703,sugar,grocery,3,3.20,9.60
T102035,2026-04-15 08:44,C0703,frozen pizza,frozen,1,7.20,7.20
T102043,2026-04-15 09:54,C0554,tea,grocery,2,6.40,12.80
T102043,2026-04-15 09:54,C0554,shampoo,care,1,7.40,7.40
T102043,2026-04-15 09:54,C0554,granola,grocery,1,6.20,6.20
T102039,2026-04-15 11:07,,butter,dairy,1,5.20,5.20
T102039,2026-04-15 11:07,,strawberry jam,grocery,1,4.10,4.10
T102039,2026-04-15 11:07,,white bread,bakery,1,2.90,2.90
T102039,2026-04-15 11:07,,whole wheat bread,bakery,1,3.40,3.40
T102039,2026-04-15 11:07,,coffee beans,grocery,1,12.50,12.50
T102039,2026-04-15 11:07,,eggs,dairy,1,4.90,4.90
T102039,2026-04-15 11:07,,milk 2%,dairy,1,3.80,3.80
T102037,2026-04-15 11:22,,tea,grocery,1,6.40,6.40
T102037,2026-04-15 11:22,,laundry detergent,household,1,14.20,14.20
T102037,2026-04-15 11:22,,yogurt,dairy,1,4.60,4.60
T102037,2026-04-15 11:22,,conditioner,care,1,7.40,7.40
T102037,2026-04-15 11:22,,bacon,meat,1,7.80,7.80
T102037,2026-04-15 11:22,,berries,produce,1,5.80,5.80
T102037,2026-04-15 11:22,,bananas,produce,1,2.10,2.10
T102037,2026-04-15 11:22,,avocado,produce,1,2.20,2.20
T102033,2026-04-15 11:33,C0819,berries,produce,1,5.80,5.80
T102033,2026-04-15 11:33,C0819,parmesan,dairy,2,8.90,17.80
T102033,2026-04-15 11:33,C0819,olive oil,grocery,1,11.20,11.20
T102033,2026-04-15 11:33,C0819,red wine,beverage,3,16.00,48.00
T102033,2026-04-15 11:33,C0819,butter,dairy,1,5.20,5.20
T102033,2026-04-15 11:33,C0819,shampoo,care,1,7.40,7.40
T102033,2026-04-15 11:33,C0819,lemon,produce,1,0.90,0.90
T102033,2026-04-15 11:33,C0819,toilet paper,household,1,11.90,11.90
T102038,2026-04-15 12:23,,milk 2%,dairy,3,3.80,11.40
T102038,2026-04-15 12:23,,coffee beans,grocery,1,12.50,12.50
T102038,2026-04-15 12:23,,white bread,bakery,2,2.90,5.80
T102038,2026-04-15 12:23,,strawberry jam,grocery,1,4.10,4.10
T102040,2026-04-15 12:49,C0234,granola,grocery,1,6.20,6.20
T102040,2026-04-15 12:49,C0234,tortilla chips,snack,1,4.20,4.20
T102040,2026-04-15 12:49,C0234,bacon,meat,1,7.80,7.80
T102040,2026-04-15 12:49,C0234,peanuts,snack,1,4.80,4.80
T102036,2026-04-15 16:23,C0863,orange juice,beverage,2,4.40,8.80
T102036,2026-04-15 16:23,C0863,pasta,grocery,1,2.30,2.30
T102036,2026-04-15 16:23,C0863,ground beef,meat,1,9.40,9.40
T102036,2026-04-15 16:23,C0863,beer,beverage,1,13.50,13.50
T102036,2026-04-15 16:23,C0863,parmesan,dairy,1,8.90,8.90
T102036,2026-04-15 16:23,C0863,diapers,baby,1,24.90,24.90
T102036,2026-04-15 16:23,C0863,shampoo,care,1,7.40,7.40
T102051,2026-04-15 16:59,C0542,toilet paper,household,1,11.90,11.90
T102051,2026-04-15 16:59,C0542,parmesan,dairy,1,8.90,8.90
T102051,2026-04-15 16:59,C0542,paper towels,household,1,8.30,8.30
T102051,2026-04-15 16:59,C0542,dish soap,household,1,4.70,4.70
T102051,2026-04-15 16:59,C0542,apples,produce,1,4.30,4.30
T102051,2026-04-15 16:59,C0542,red wine,beverage,1,16.00,16.00
T102051,2026-04-15 16:59,C0542,laundry detergent,household,1,14.20,14.20
T102051,2026-04-15 16:59,C0542,olive oil,grocery,1,11.20,11.20
T102051,2026-04-15 16:59,C0542,trash bags,household,1,9.10,9.10
T102042,2026-04-15 17:12,,milk 2%,dairy,1,3.80,3.80
T102042,2026-04-15 17:12,,trash bags,household,3,9.10,27.30
T102042,2026-04-15 17:12,,tortilla chips,snack,1,4.20,4.20
T102042,2026-04-15 17:12,,sugar,grocery,1,3.20,3.20
T102042,2026-04-15 17:12,,croissant,bakery,2,1.80,3.60
T102032,2026-04-15 17:39,C0406,lemon,produce,1,0.90,0.90
T102032,2026-04-15 17:39,C0406,ground beef,meat,1,9.40,9.40
T102032,2026-04-15 17:39,C0406,bacon,meat,1,7.80,7.80
T102032,2026-04-15 17:39,C0406,red wine,beverage,1,16.00,16.00
T102032,2026-04-15 17:39,C0406,cucumber,produce,1,1.70,1.70
T102032,2026-04-15 17:39,C0406,milk 2%,dairy,1,3.80,3.80
T102032,2026-04-15 17:39,C0406,salmon,fish,1,15.90,15.90
T102032,2026-04-15 17:39,C0406,white bread,bakery,1,2.90,2.90
T102044,2026-04-15 18:18,C0250,olive oil,grocery,3,11.20,33.60
T102044,2026-04-15 18:18,C0250,berries,produce,1,5.80,5.80
T102044,2026-04-15 18:18,C0250,shampoo,care,1,7.40,7.40
T102044,2026-04-15 18:18,C0250,parmesan,dairy,1,8.90,8.90
T102044,2026-04-15 18:18,C0250,pasta,grocery,1,2.30,2.30
T102044,2026-04-15 18:18,C0250,ice cream,frozen,3,6.50,19.50
T102047,2026-04-15 18:37,C0482,tortilla chips,snack,2,4.20,8.40
T102047,2026-04-15 18:37,C0482,salsa,grocery,1,3.90,3.90
T102047,2026-04-15 18:37,C0482,beer,beverage,1,13.50,13.50
T102047,2026-04-15 18:37,C0482,chocolate bar,snack,1,2.70,2.70
T102047,2026-04-15 18:37,C0482,cucumber,produce,1,1.70,1.70
T102048,2026-04-15 19:02,C0493,ground beef,meat,1,9.40,9.40
T102048,2026-04-15 19:02,C0493,coffee beans,grocery,1,12.50,12.50
T102048,2026-04-15 19:02,C0493,white bread,bakery,1,2.90,2.90
T102048,2026-04-15 19:02,C0493,croissant,bakery,1,1.80,1.80
T102048,2026-04-15 19:02,C0493,peanuts,snack,1,4.80,4.80
T102048,2026-04-15 19:02,C0493,sugar,grocery,1,3.20,3.20
T102048,2026-04-15 19:02,C0493,ice cream,frozen,1,6.50,6.50
T102050,2026-04-15 19:19,,tomato sauce,grocery,1,3.60,3.60
T102050,2026-04-15 19:19,,avocado,produce,2,2.20,4.40
T102050,2026-04-15 19:19,,parmesan,dairy,1,8.90,8.90
T102050,2026-04-15 19:19,,olive oil,grocery,1,11.20,11.20
T102050,2026-04-15 19:19,,conditioner,care,1,7.40,7.40
T102050,2026-04-15 19:19,,pasta,grocery,1,2.30,2.30
T102050,2026-04-15 19:19,,baby formula,baby,1,28.50,28.50
T102050,2026-04-15 19:19,,sugar,grocery,1,3.20,3.20
T102034,2026-04-15 19:40,,beer,beverage,1,13.50,13.50
T102034,2026-04-15 19:40,,ice cream,frozen,3,6.50,19.50
T102034,2026-04-15 19:40,,tortilla chips,snack,3,4.20,12.60
T102034,2026-04-15 19:40,,whole wheat bread,bakery,1,3.40,3.40
T102049,2026-04-15 19:52,C0224,diapers,baby,1,24.90,24.90
T102049,2026-04-15 19:52,C0224,bacon,meat,1,7.80,7.80
T102049,2026-04-15 19:52,C0224,baby wipes,baby,1,6.70,6.70
T102049,2026-04-15 19:52,C0224,trash bags,household,1,9.10,9.10
T102049,2026-04-15 19:52,C0224,frozen pizza,frozen,3,7.20,21.60
T102049,2026-04-15 19:52,C0224,coffee beans,grocery,1,12.50,12.50
T102049,2026-04-15 19:52,C0224,parmesan,dairy,1,8.90,8.90
T102049,2026-04-15 19:52,C0224,butter,dairy,3,5.20,15.60
T102049,2026-04-15 19:52,C0224,red wine,beverage,1,16.00,16.00
T102046,2026-04-15 20:12,,bananas,produce,1,2.10,2.10
T102046,2026-04-15 20:12,,peanuts,snack,1,4.80,4.80
T102046,2026-04-15 20:12,,granola,grocery,2,6.20,12.40
T102046,2026-04-15 20:12,,yogurt,dairy,3,4.60,13.80
T102046,2026-04-15 20:12,,conditioner,care,1,7.40,7.40
T102046,2026-04-15 20:12,,white bread,bakery,1,2.90,2.90
T102041,2026-04-15 20:13,,croissant,bakery,1,1.80,1.80
T102041,2026-04-15 20:13,,coffee beans,grocery,3,12.50,37.50
T102041,2026-04-15 20:13,,chicken breast,meat,1,12.80,12.80
T102041,2026-04-15 20:13,,milk 2%,dairy,1,3.80,3.80
T102045,2026-04-15 20:33,C0211,whole wheat bread,bakery,1,3.40,3.40
T102045,2026-04-15 20:33,C0211,lemon,produce,1,0.90,0.90
T102045,2026-04-15 20:33,C0211,parmesan,dairy,1,8.90,8.90
T102045,2026-04-15 20:33,C0211,red wine,beverage,1,16.00,16.00
T102045,2026-04-15 20:33,C0211,salmon,fish,1,15.90,15.90
T102055,2026-04-16 08:36,C0618,toilet paper,household,1,11.90,11.90
T102055,2026-04-16 08:36,C0618,salmon,fish,1,15.90,15.90
T102055,2026-04-16 08:36,C0618,pasta,grocery,1,2.30,2.30
T102067,2026-04-16 10:26,,conditioner,care,1,7.40,7.40
T102067,2026-04-16 10:26,,salsa,grocery,1,3.90,3.90
T102067,2026-04-16 10:26,,beer,beverage,1,13.50,13.50
T102067,2026-04-16 10:26,,peanuts,snack,1,4.80,4.80
T102054,2026-04-16 10:27,C0791,toilet paper,household,1,11.90,11.90
T102054,2026-04-16 10:27,C0791,tea,grocery,1,6.40,6.40
T102054,2026-04-16 10:27,C0791,beer,beverage,1,13.50,13.50
T102054,2026-04-16 10:27,C0791,bacon,meat,1,7.80,7.80
T102054,2026-04-16 10:27,C0791,tortilla chips,snack,1,4.20,4.20
T102054,2026-04-16 10:27,C0791,peanuts,snack,1,4.80,4.80
T102054,2026-04-16 10:27,C0791,lemon,produce,1,0.90,0.90
T102054,2026-04-16 10:27,C0791,salsa,grocery,2,3.90,7.80
T102057,2026-04-16 11:00,,beer,beverage,1,13.50,13.50
T102057,2026-04-16 11:00,,lettuce,produce,3,2.60,7.80
T102057,2026-04-16 11:00,,salmon,fish,1,15.90,15.90
T102057,2026-04-16 11:00,,tomatoes,produce,3,3.90,11.70
T102057,2026-04-16 11:00,,lemon,produce,1,0.90,0.90
T102057,2026-04-16 11:00,,cucumber,produce,2,1.70,3.40
T102066,2026-04-16 11:06,C0257,paper towels,household,2,8.30,16.60
T102066,2026-04-16 11:06,C0257,butter,dairy,1,5.20,5.20
T102066,2026-04-16 11:06,C0257,white bread,bakery,1,2.90,2.90
T102066,2026-04-16 11:06,C0257,eggs,dairy,1,4.90,4.90
T102066,2026-04-16 11:06,C0257,strawberry jam,grocery,1,4.10,4.10
T102065,2026-04-16 11:12,C0180,milk 2%,dairy,1,3.80,3.80
T102065,2026-04-16 11:12,C0180,croissant,bakery,1,1.80,1.80
T102065,2026-04-16 11:12,C0180,coffee beans,grocery,1,12.50,12.50
T102065,2026-04-16 11:12,C0180,granola,grocery,1,6.20,6.20
T102059,2026-04-16 12:28,,conditioner,care,2,7.40,14.80
T102059,2026-04-16 12:28,,coffee beans,grocery,1,12.50,12.50
T102059,2026-04-16 12:28,,beer,beverage,3,13.50,40.50
T102059,2026-04-16 12:28,,croissant,bakery,1,1.80,1.80
T102059,2026-04-16 12:28,,sparkling water,beverage,3,3.10,9.30
T102059,2026-04-16 12:28,,sugar,grocery,1,3.20,3.20
T102059,2026-04-16 12:28,,sugar,grocery,1,3.20,3.20
T102064,2026-04-16 16:14,C0533,avocado,produce,1,2.20,2.20
T102064,2026-04-16 16:14,C0533,trash bags,household,1,9.10,9.10
T102064,2026-04-16 16:14,C0533,apples,produce,2,4.30,8.60
T102064,2026-04-16 16:14,C0533,toilet paper,household,1,11.90,11.90
T102064,2026-04-16 16:14,C0533,croissant,bakery,1,1.80,1.80
T102064,2026-04-16 16:14,C0533,laundry detergent,household,1,14.20,14.20
T102064,2026-04-16 16:14,C0533,dish soap,household,1,4.70,4.70
T102064,2026-04-16 16:14,C0533,sparkling water,beverage,1,3.10,3.10
T102061,2026-04-16 16:19,C0898,toilet paper,household,1,11.90,11.90
T102061,2026-04-16 16:19,C0898,toothpaste,care,2,4.50,9.00
T102061,2026-04-16 16:19,C0898,bacon,meat,1,7.80,7.80
T102061,2026-04-16 16:19,C0898,yogurt,dairy,1,4.60,4.60
T102061,2026-04-16 16:19,C0898,trash bags,household,1,9.10,9.10
T102061,2026-04-16 16:19,C0898,paper towels,household,1,8.30,8.30
T102053,2026-04-16 17:00,C0319,coffee beans,grocery,1,12.50,12.50
T102053,2026-04-16 17:00,C0319,peanut butter,grocery,1,5.60,5.60
T102053,2026-04-16 17:00,C0319,red wine,beverage,3,16.00,48.00
T102053,2026-04-16 17:00,C0319,butter,dairy,1,5.20,5.20
T102053,2026-04-16 17:00,C0319,milk 2%,dairy,1,3.80,3.80
T102053,2026-04-16 17:00,C0319,eggs,dairy,3,4.90,14.70
T102053,2026-04-16 17:00,C0319,white bread,bakery,1,2.90,2.90
T102062,2026-04-16 17:08,,sugar,grocery,2,3.20,6.40
T102062,2026-04-16 17:08,,coffee beans,grocery,1,12.50,12.50
T102062,2026-04-16 17:08,,diapers,baby,1,24.90,24.90
T102068,2026-04-16 17:35,,avocado,produce,1,2.20,2.20
T102068,2026-04-16 17:35,,granola,grocery,1,6.20,6.20
T102068,2026-04-16 17:35,,olive oil,grocery,2,11.20,22.40
T102068,2026-04-16 17:35,,yogurt,dairy,1,4.60,4.60
T102056,2026-04-16 17:39,,conditioner,care,1,7.40,7.40
T102056,2026-04-16 17:39,,granola,grocery,1,6.20,6.20
T102056,2026-04-16 17:39,,toothpaste,care,1,4.50,4.50
T102056,2026-04-16 17:39,,tomato sauce,grocery,1,3.60,3.60
T102056,2026-04-16 17:39,,shampoo,care,1,7.40,7.40
T102056,2026-04-16 17:39,,beer,beverage,1,13.50,13.50
T102058,2026-04-16 18:33,C0847,diapers,baby,1,24.90,24.90
T102058,2026-04-16 18:33,C0847,baby formula,baby,3,28.50,85.50
T102058,2026-04-16 18:33,C0847,paper towels,household,2,8.30,16.60
T102058,2026-04-16 18:33,C0847,baby wipes,baby,1,6.70,6.70
T102058,2026-04-16 18:33,C0847,toothpaste,care,2,4.50,9.00
T102060,2026-04-16 19:20,C0319,berries,produce,1,5.80,5.80
T102060,2026-04-16 19:20,C0319,lettuce,produce,1,2.60,2.60
T102060,2026-04-16 19:20,C0319,yogurt,dairy,1,4.60,4.60
T102060,2026-04-16 19:20,C0319,avocado,produce,1,2.20,2.20
T102060,2026-04-16 19:20,C0319,chocolate bar,snack,1,2.70,2.70
T102052,2026-04-16 20:24,C0185,paper towels,household,1,8.30,8.30
T102052,2026-04-16 20:24,C0185,conditioner,care,1,7.40,7.40
T102052,2026-04-16 20:24,C0185,lemon,produce,1,0.90,0.90
T102052,2026-04-16 20:24,C0185,lettuce,produce,1,2.60,2.60
T102063,2026-04-16 20:36,,salmon,fish,2,15.90,31.80
T102063,2026-04-16 20:36,,lemon,produce,1,0.90,0.90
T102063,2026-04-16 20:36,,red wine,beverage,2,16.00,32.00
T102063,2026-04-16 20:36,,olive oil,grocery,2,11.20,22.40
T102063,2026-04-16 20:36,,frozen pizza,frozen,1,7.20,7.20
T102063,2026-04-16 20:36,,lettuce,produce,1,2.60,2.60
T102079,2026-04-17 08:04,C0602,toothpaste,care,1,4.50,4.50
T102079,2026-04-17 08:04,C0602,beer,beverage,1,13.50,13.50
T102079,2026-04-17 08:04,C0602,eggs,dairy,2,4.90,9.80
T102079,2026-04-17 08:04,C0602,tortilla chips,snack,1,4.20,4.20
T102079,2026-04-17 08:04,C0602,chocolate bar,snack,1,2.70,2.70
T102079,2026-04-17 08:04,C0602,white bread,bakery,3,2.90,8.70
T102079,2026-04-17 08:04,C0602,ice cream,frozen,3,6.50,19.50
T102093,2026-04-17 08:16,C0070,orange juice,beverage,1,4.40,4.40
T102093,2026-04-17 08:16,C0070,paper towels,household,1,8.30,8.30
T102093,2026-04-17 08:16,C0070,lemon,produce,1,0.90,0.90
T102093,2026-04-17 08:16,C0070,chicken breast,meat,3,12.80,38.40
T102093,2026-04-17 08:16,C0070,white bread,bakery,3,2.90,8.70
T102093,2026-04-17 08:16,C0070,salmon,fish,3,15.90,47.70
T102093,2026-04-17 08:16,C0070,red wine,beverage,1,16.00,16.00
T102078,2026-04-17 08:21,,tortilla chips,snack,1,4.20,4.20
T102078,2026-04-17 08:21,,pasta,grocery,1,2.30,2.30
T102078,2026-04-17 08:21,,tomato sauce,grocery,1,3.60,3.60
T102081,2026-04-17 08:53,C0181,white bread,bakery,1,2.90,2.90
T102081,2026-04-17 08:53,C0181,lettuce,produce,2,2.60,5.20
T102081,2026-04-17 08:53,C0181,bananas,produce,1,2.10,2.10
T102081,2026-04-17 08:53,C0181,orange juice,beverage,1,4.40,4.40
T102081,2026-04-17 08:53,C0181,butter,dairy,1,5.20,5.20
T102081,2026-04-17 08:53,C0181,strawberry jam,grocery,1,4.10,4.10
T102081,2026-04-17 08:53,C0181,milk 2%,dairy,1,3.80,3.80
T102081,2026-04-17 08:53,C0181,coffee beans,grocery,1,12.50,12.50
T102092,2026-04-17 09:47,C0513,lettuce,produce,1,2.60,2.60
T102092,2026-04-17 09:47,C0513,berries,produce,1,5.80,5.80
T102094,2026-04-17 09:50,,cucumber,produce,2,1.70,3.40
T102094,2026-04-17 09:50,,coffee beans,grocery,3,12.50,37.50
T102094,2026-04-17 09:50,,toilet paper,household,1,11.90,11.90
T102094,2026-04-17 09:50,,sugar,grocery,1,3.20,3.20
T102094,2026-04-17 09:50,,croissant,bakery,1,1.80,1.80
T102094,2026-04-17 09:50,,milk 2%,dairy,1,3.80,3.80
T102072,2026-04-17 10:17,C0189,ground beef,meat,3,9.40,28.20
T102072,2026-04-17 10:17,C0189,ice cream,frozen,1,6.50,6.50
T102072,2026-04-17 10:17,C0189,beer,beverage,3,13.50,40.50
T102072,2026-04-17 10:17,C0189,bacon,meat,2,7.80,15.60
T102072,2026-04-17 10:17,C0189,tortilla chips,snack,3,4.20,12.60
T102072,2026-04-17 10:17,C0189,toilet paper,household,1,11.90,11.90
T102080,2026-04-17 12:18,,toothpaste,care,1,4.50,4.50
T102080,2026-04-17 12:18,,conditioner,care,2,7.40,14.80
T102080,2026-04-17 12:18,,toothpaste,care,1,4.50,4.50
T102095,2026-04-17 12:37,C0120,toilet paper,household,1,11.90,11.90
T102095,2026-04-17 12:37,C0120,peanuts,snack,2,4.80,9.60
T102095,2026-04-17 12:37,C0120,salsa,grocery,1,3.90,3.90
T102095,2026-04-17 12:37,C0120,milk 2%,dairy,1,3.80,3.80
T102095,2026-04-17 12:37,C0120,tortilla chips,snack,1,4.20,4.20
T102095,2026-04-17 12:37,C0120,tomato sauce,grocery,2,3.60,7.20
T102095,2026-04-17 12:37,C0120,beer,beverage,1,13.50,13.50
T102088,2026-04-17 16:10,,tomatoes,produce,3,3.90,11.70
T102088,2026-04-17 16:10,,bananas,produce,2,2.10,4.20
T102088,2026-04-17 16:10,,conditioner,care,1,7.40,7.40
T102088,2026-04-17 16:10,,toothpaste,care,1,4.50,4.50
T102089,2026-04-17 16:26,,trash bags,household,1,9.10,9.10
T102089,2026-04-17 16:26,,toilet paper,household,1,11.90,11.90
T102089,2026-04-17 16:26,,laundry detergent,household,1,14.20,14.20
T102089,2026-04-17 16:26,,bacon,meat,1,7.80,7.80
T102089,2026-04-17 16:26,,chocolate bar,snack,1,2.70,2.70
T102089,2026-04-17 16:26,,dish soap,household,1,4.70,4.70
T102085,2026-04-17 16:27,C0022,pasta,grocery,1,2.30,2.30
T102085,2026-04-17 16:27,C0022,parmesan,dairy,1,8.90,8.90
T102085,2026-04-17 16:27,C0022,ice cream,frozen,1,6.50,6.50
T102085,2026-04-17 16:27,C0022,tomato sauce,grocery,1,3.60,3.60
T102087,2026-04-17 16:48,,berries,produce,1,5.80,5.80
T102087,2026-04-17 16:48,,croissant,bakery,1,1.80,1.80
T102087,2026-04-17 16:48,,granola,grocery,1,6.20,6.20
T102087,2026-04-17 16:48,,chocolate bar,snack,1,2.70,2.70
T102087,2026-04-17 16:48,,bananas,produce,1,2.10,2.10
T102087,2026-04-17 16:48,,orange juice,beverage,1,4.40,4.40
T102087,2026-04-17 16:48,,tomatoes,produce,3,3.90,11.70
T102087,2026-04-17 16:48,,eggs,dairy,1,4.90,4.90
T102087,2026-04-17 16:48,,yogurt,dairy,1,4.60,4.60
T102087,2026-04-17 16:48,,croissant,bakery,1,1.80,1.80
T102083,2026-04-17 17:36,,shampoo,care,1,7.40,7.40
T102083,2026-04-17 17:36,,red wine,beverage,1,16.00,16.00
T102083,2026-04-17 17:36,,tomato sauce,grocery,1,3.60,3.60
T102083,2026-04-17 17:36,,pasta,grocery,1,2.30,2.30
T102083,2026-04-17 17:36,,parmesan,dairy,1,8.90,8.90
T102090,2026-04-17 17:40,C0791,cucumber,produce,1,1.70,1.70
T102090,2026-04-17 17:40,C0791,paper towels,household,1,8.30,8.30
T102090,2026-04-17 17:40,C0791,shampoo,care,1,7.40,7.40
T102090,2026-04-17 17:40,C0791,chicken breast,meat,1,12.80,12.80
T102090,2026-04-17 17:40,C0791,red wine,beverage,1,16.00,16.00
T102090,2026-04-17 17:40,C0791,orange juice,beverage,2,4.40,8.80
T102082,2026-04-17 17:51,C0303,pasta,grocery,2,2.30,4.60
T102082,2026-04-17 17:51,C0303,parmesan,dairy,1,8.90,8.90
T102082,2026-04-17 17:51,C0303,sparkling water,beverage,1,3.10,3.10
T102082,2026-04-17 17:51,C0303,yogurt,dairy,1,4.60,4.60
T102082,2026-04-17 17:51,C0303,ground beef,meat,3,9.40,28.20
T102082,2026-04-17 17:51,C0303,white bread,bakery,1,2.90,2.90
T102082,2026-04-17 17:51,C0303,tomato sauce,grocery,1,3.60,3.60
T102082,2026-04-17 17:51,C0303,red wine,beverage,1,16.00,16.00
T102075,2026-04-17 18:23,C0596,milk 2%,dairy,1,3.80,3.80
T102075,2026-04-17 18:23,C0596,butter,dairy,1,5.20,5.20
T102075,2026-04-17 18:23,C0596,coffee beans,grocery,1,12.50,12.50
T102075,2026-04-17 18:23,C0596,white bread,bakery,1,2.90,2.90
T102075,2026-04-17 18:23,C0596,strawberry jam,grocery,1,4.10,4.10
T102091,2026-04-17 18:42,C0443,laundry detergent,household,1,14.20,14.20
T102091,2026-04-17 18:42,C0443,paper towels,household,1,8.30,8.30
T102091,2026-04-17 18:42,C0443,toilet paper,household,1,11.90,11.90
T102091,2026-04-17 18:42,C0443,trash bags,household,1,9.10,9.10
T102077,2026-04-17 18:43,,dish soap,household,1,4.70,4.70
T102077,2026-04-17 18:43,,lettuce,produce,1,2.60,2.60
T102077,2026-04-17 18:43,,toilet paper,household,1,11.90,11.90
T102070,2026-04-17 18:47,C0431,parmesan,dairy,1,8.90,8.90
T102070,2026-04-17 18:47,C0431,olive oil,grocery,1,11.20,11.20
T102070,2026-04-17 18:47,C0431,tomato sauce,grocery,1,3.60,3.60
T102070,2026-04-17 18:47,C0431,orange juice,beverage,1,4.40,4.40
T102070,2026-04-17 18:47,C0431,pasta,grocery,1,2.30,2.30
T102070,2026-04-17 18:47,C0431,strawberry jam,grocery,1,4.10,4.10
T102070,2026-04-17 18:47,C0431,lettuce,produce,1,2.60,2.60
T102070,2026-04-17 18:47,C0431,paper towels,household,3,8.30,24.90
T102074,2026-04-17 18:59,,lemon,produce,1,0.90,0.90
T102074,2026-04-17 18:59,,laundry detergent,household,1,14.20,14.20
T102074,2026-04-17 18:59,,conditioner,care,1,7.40,7.40
T102074,2026-04-17 18:59,,salmon,fish,1,15.90,15.90
T102073,2026-04-17 19:08,C0013,coffee beans,grocery,1,12.50,12.50
T102073,2026-04-17 19:08,C0013,strawberry jam,grocery,1,4.10,4.10
T102073,2026-04-17 19:08,C0013,eggs,dairy,1,4.90,4.90
T102073,2026-04-17 19:08,C0013,milk 2%,dairy,1,3.80,3.80
T102071,2026-04-17 19:10,,tea,grocery,1,6.40,6.40
T102071,2026-04-17 19:10,,peanuts,snack,1,4.80,4.80
T102086,2026-04-17 19:17,,yogurt,dairy,2,4.60,9.20
T102086,2026-04-17 19:17,,apples,produce,3,4.30,12.90
T102086,2026-04-17 19:17,,bananas,produce,3,2.10,6.30
T102086,2026-04-17 19:17,,eggs,dairy,1,4.90,4.90
T102086,2026-04-17 19:17,,granola,grocery,1,6.20,6.20
T102086,2026-04-17 19:17,,laundry detergent,household,3,14.20,42.60
T102086,2026-04-17 19:17,,coffee beans,grocery,1,12.50,12.50
T102076,2026-04-17 19:19,,butter,dairy,1,5.20,5.20
T102076,2026-04-17 19:19,,bananas,produce,1,2.10,2.10
T102076,2026-04-17 19:19,,white bread,bakery,1,2.90,2.90
T102076,2026-04-17 19:19,,orange juice,beverage,1,4.40,4.40
T102076,2026-04-17 19:19,,strawberry jam,grocery,1,4.10,4.10
T102076,2026-04-17 19:19,,berries,produce,1,5.80,5.80
T102076,2026-04-17 19:19,,milk 2%,dairy,1,3.80,3.80
T102076,2026-04-17 19:19,,chocolate bar,snack,1,2.70,2.70
T102069,2026-04-17 19:34,C0500,baby wipes,baby,1,6.70,6.70
T102069,2026-04-17 19:34,C0500,parmesan,dairy,1,8.90,8.90
T102069,2026-04-17 19:34,C0500,olive oil,grocery,1,11.20,11.20
T102069,2026-04-17 19:34,C0500,  lemon ,produce,1,0.90,0.90
T102069,2026-04-17 19:34,C0500,paper towels,household,2,8.30,16.60
T102069,2026-04-17 19:34,C0500,frozen pizza,frozen,1,7.20,7.20
T102069,2026-04-17 19:34,C0500,tomato sauce,grocery,1,3.60,3.60
T102069,2026-04-17 19:34,C0500,pasta,grocery,2,2.30,4.60
T102084,2026-04-17 19:34,,olive oil,grocery,1,11.20,11.20
T102084,2026-04-17 19:34,,pasta,grocery,1,2.30,2.30
T102084,2026-04-17 19:34,,baby wipes,baby,1,6.70,6.70
T102084,2026-04-17 19:34,,parmesan,dairy,1,8.90,8.90
T102084,2026-04-17 19:34,,salsa,grocery,1,3.90,3.90
T102084,2026-04-17 19:34,,tortilla chips,snack,1,4.20,4.20
T102084,2026-04-17 19:34,,tea,grocery,3,6.40,19.20
T102084,2026-04-17 19:34,,tomato sauce,grocery,1,3.60,3.60
T102097,2026-04-18 09:04,C0269,toilet paper,household,3,11.90,35.70
T102097,2026-04-18 09:04,C0269,olive oil,grocery,1,11.20,11.20
T102097,2026-04-18 09:04,C0269,paper towels,household,1,8.30,8.30
T102097,2026-04-18 09:04,C0269,dish soap,household,1,4.70,4.70
T102098,2026-04-18 09:56,C0419,eggs,dairy,1,4.90,4.90
T102098,2026-04-18 09:56,C0419,ice cream,frozen,1,6.50,6.50
T102098,2026-04-18 09:56,C0419,chocolate bar,snack,1,2.70,2.70
T102101,2026-04-18 10:22,,coffee beans,grocery,2,12.50,25.00
T102101,2026-04-18 10:22,,butter,dairy,1,5.20,5.20
T102101,2026-04-18 10:22,,white bread,bakery,1,2.90,2.90
T102101,2026-04-18 10:22,,strawberry jam,grocery,1,4.10,4.10
T102101,2026-04-18 10:22,,sparkling water,beverage,1,3.10,3.10
T102101,2026-04-18 10:22,,frozen pizza,frozen,2,7.20,14.40
T102101,2026-04-18 10:22,,eggs,dairy,1,4.90,4.90
T102117,2026-04-18 11:44,C0013,parmesan,dairy,1,8.90,8.90
T102117,2026-04-18 11:44,C0013,olive oil,grocery,1,11.20,11.20
T102117,2026-04-18 11:44,C0013,pasta,grocery,1,2.30,2.30
T102117,2026-04-18 11:44,C0013,tomato sauce,grocery,2,3.60,7.20
T102117,2026-04-18 11:44,C0013,chocolate bar,snack,2,2.70,5.40
T102103,2026-04-18 11:48,C0216,tomato sauce,grocery,1,3.60,3.60
T102103,2026-04-18 11:48,C0216,pasta,grocery,1,2.30,2.30
T102103,2026-04-18 11:48,C0216,salmon,fish,3,15.90,47.70
T102113,2026-04-18 12:19,,paper towels,household,2,8.30,16.60
T102113,2026-04-18 12:19,,bananas,produce,1,2.10,2.10
T102113,2026-04-18 12:19,,granola,grocery,1,6.20,6.20
T102113,2026-04-18 12:19,,berries,produce,1,5.80,5.80
T102113,2026-04-18 12:19,,parmesan,dairy,1,8.90,8.90
T102100,2026-04-18 12:26,C0232,yogurt,dairy,1,4.60,4.60
T102100,2026-04-18 12:26,C0232,granola,grocery,1,6.20,6.20
T102100,2026-04-18 12:26,C0232,avocado,produce,1,2.20,2.20
T102100,2026-04-18 12:26,C0232,beer,beverage,1,13.50,13.50
T102100,2026-04-18 12:26,C0232,orange juice,beverage,1,4.40,4.40
T102100,2026-04-18 12:26,C0232,bananas,produce,1,2.10,2.10
T102100,2026-04-18 12:26,C0232,laundry detergent,household,1,14.20,14.20
T102100,2026-04-18 12:26,C0232,bacon,meat,1,7.80,7.80
T102100,2026-04-18 12:26,C0232,berries,produce,1,5.80,5.80
T102100,2026-04-18 12:26,C0232,lettuce,produce,1,2.60,2.60
T102112,2026-04-18 12:33,C0751,salsa,grocery,1,3.90,3.90
T102112,2026-04-18 12:33,C0751,toothpaste,care,1,4.50,4.50
T102112,2026-04-18 12:33,C0751,salmon,fish,3,15.90,47.70
T102112,2026-04-18 12:33,C0751,butter,dairy,1,5.20,5.20
T102112,2026-04-18 12:33,C0751,chocolate bar,snack,3,2.70,8.10
T102104,2026-04-18 12:41,,avocado,produce,1,2.20,2.20
T102104,2026-04-18 12:41,,beer,beverage,1,13.50,13.50
T102104,2026-04-18 12:41,,diapers,baby,2,24.90,49.80
T102104,2026-04-18 12:41,,ground beef,meat,1,9.40,9.40
T102115,2026-04-18 12:54,C0220,toilet paper,household,1,11.90,11.90
T102115,2026-04-18 12:54,C0220,tomato sauce,grocery,1,3.60,3.60
T102115,2026-04-18 12:54,C0220,paper towels,household,1,8.30,8.30
T102115,2026-04-18 12:54,C0220,laundry detergent,household,2,14.20,28.40
T102115,2026-04-18 12:54,C0220,avocado,produce,1,2.20,2.20
T102115,2026-04-18 12:54,C0220,ice cream,frozen,1,6.50,6.50
T102116,2026-04-18 12:59,C0708,sugar,grocery,1,3.20,3.20
T102116,2026-04-18 12:59,C0708,milk 2%,dairy,1,3.80,3.80
T102116,2026-04-18 12:59,C0708,croissant,bakery,3,1.80,5.40
T102116,2026-04-18 12:59,C0708,coffee beans,grocery,1,12.50,12.50
T102116,2026-04-18 12:59,C0708,chicken breast,meat,1,12.80,12.80
T102116,2026-04-18 12:59,C0708,bacon,meat,1,7.80,7.80
T102111,2026-04-18 13:02,C0417,laundry detergent,household,1,14.20,14.20
T102111,2026-04-18 13:02,C0417,berries,produce,1,5.80,5.80
T102111,2026-04-18 13:02,C0417,diapers,baby,3,24.90,74.70
T102111,2026-04-18 13:02,C0417,apples,produce,1,4.30,4.30
T102111,2026-04-18 13:02,C0417,peanut butter,grocery,1,5.60,5.60
T102111,2026-04-18 13:02,C0417,salsa,grocery,1,3.90,3.90
T102105,2026-04-18 16:33,C0390,coffee beans,grocery,1,12.50,12.50
T102105,2026-04-18 16:33,C0390,frozen pizza,frozen,3,7.20,21.60
T102105,2026-04-18 16:33,C0390,sugar,grocery,1,3.20,3.20
T102105,2026-04-18 16:33,C0390,bacon,meat,1,7.80,7.80
T102102,2026-04-18 16:35,C0151,trash bags,household,3,9.10,27.30
T102102,2026-04-18 16:35,C0151,pasta,grocery,1,2.30,2.30
T102102,2026-04-18 16:35,C0151,peanut butter,grocery,1,5.60,5.60
T102102,2026-04-18 16:35,C0151,salmon,fish,1,15.90,15.90
T102102,2026-04-18 16:35,C0151,bananas,produce,1,2.10,2.10
T102102,2026-04-18 16:35,C0151,beer,beverage,1,13.50,13.50
T102108,2026-04-18 17:11,,tomatoes,produce,1,3.90,3.90
T102108,2026-04-18 17:11,,olive oil,grocery,3,11.20,33.60
T102108,2026-04-18 17:11,,butter,dairy,1,5.20,5.20
T102108,2026-04-18 17:11,,tomato sauce,grocery,2,3.60,7.20
T102108,2026-04-18 17:11,,chocolate bar,snack,1,2.70,2.70
T102108,2026-04-18 17:11,,ground beef,meat,1,9.40,9.40
T102096,2026-04-18 17:14,C0074,ice cream,frozen,1,6.50,6.50
T102096,2026-04-18 17:14,C0074,paper towels,household,1,8.30,8.30
T102096,2026-04-18 17:14,C0074,shampoo,care,1,7.40,7.40
T102096,2026-04-18 17:14,C0074,olive oil,grocery,1,11.20,11.20
T102096,2026-04-18 17:14,C0074,chocolate bar,snack,1,2.70,2.70
T102096,2026-04-18 17:14,C0074,beer,beverage,2,13.50,27.00
T102096,2026-04-18 17:14,C0074,tortilla chips,snack,1,4.20,4.20
T102106,2026-04-18 17:16,C0838,cucumber,produce,1,1.70,1.70
T102106,2026-04-18 17:16,C0838,diapers,baby,1,24.90,24.90
T102110,2026-04-18 17:24,C0513,tea,grocery,1,6.40,6.40
T102110,2026-04-18 17:24,C0513,parmesan,dairy,1,8.90,8.90
T102110,2026-04-18 17:24,C0513,lemon,produce,1,0.90,0.90
T102110,2026-04-18 17:24,C0513,olive oil,grocery,1,11.20,11.20
T102110,2026-04-18 17:24,C0513,pasta,grocery,1,2.30,2.30
T102110,2026-04-18 17:24,C0513,baby formula,baby,1,28.50,28.50
T102110,2026-04-18 17:24,C0513,tomato sauce,grocery,1,3.60,3.60
T102114,2026-04-18 17:39,,conditioner,care,1,7.40,7.40
T102114,2026-04-18 17:39,,butter,dairy,1,5.20,5.20
T102114,2026-04-18 17:39,,berries,produce,1,5.80,5.80
T102114,2026-04-18 17:39,,white bread,bakery,1,2.90,2.90
T102120,2026-04-18 18:17,C0551,croissant,bakery,1,1.80,1.80
T102120,2026-04-18 18:17,C0551,coffee beans,grocery,1,12.50,12.50
T102120,2026-04-18 18:17,C0551,avocado,produce,1,2.20,2.20
T102118,2026-04-18 18:32,C0251,white bread,bakery,3,2.90,8.70
T102118,2026-04-18 18:32,C0251,red wine,beverage,3,16.00,48.00
T102118,2026-04-18 18:32,C0251,eggs,dairy,1,4.90,4.90
T102118,2026-04-18 18:32,C0251,pasta,grocery,1,2.30,2.30
T102118,2026-04-18 18:32,C0251,tomato sauce,grocery,1,3.60,3.60
T102118,2026-04-18 18:32,C0251,parmesan,dairy,1,8.90,8.90
T102118,2026-04-18 18:32,C0251,ground beef,meat,1,9.40,9.40
T102109,2026-04-18 18:45,,chocolate bar,snack,1,2.70,2.70
T102109,2026-04-18 18:45,,strawberry jam,grocery,1,4.10,4.10
T102109,2026-04-18 18:45,,beer,beverage,1,13.50,13.50
T102109,2026-04-18 18:45,,chicken breast,meat,3,12.80,38.40
T102109,2026-04-18 18:45,,salsa,grocery,1,3.90,3.90
T102107,2026-04-18 19:10,C0004,paper towels,household,1,8.30,8.30
T102107,2026-04-18 19:10,C0004,strawberry jam,grocery,3,4.10,12.30
T102107,2026-04-18 19:10,C0004,milk 2%,dairy,3,3.80,11.40
T102107,2026-04-18 19:10,C0004,butter,dairy,1,5.20,5.20
T102107,2026-04-18 19:10,C0004,eggs,dairy,1,4.90,4.90
T102107,2026-04-18 19:10,C0004,beer,beverage,1,13.50,13.50
T102107,2026-04-18 19:10,C0004,white bread,bakery,1,2.90,2.90
T102119,2026-04-18 19:17,,laundry detergent,household,3,14.20,42.60
T102119,2026-04-18 19:17,,trash bags,household,1,9.10,9.10
T102119,2026-04-18 19:17,,paper towels,household,1,8.30,8.30
T102119,2026-04-18 19:17,,dish soap,household,1,4.70,4.70
T102119,2026-04-18 19:17,,toilet paper,household,1,11.90,11.90
T102119,2026-04-18 19:17,,granola,grocery,1,6.20,6.20
T102099,2026-04-18 20:45,C0796,butter,dairy,1,5.20,5.20
T102099,2026-04-18 20:45,C0796,salmon,fish,1,15.90,15.90
T102099,2026-04-18 20:45,C0796,paper towels,household,1,8.30,8.30
T102099,2026-04-18 20:45,C0796,dish soap,household,1,4.70,4.70
T102099,2026-04-18 20:45,C0796,ground beef,meat,1,9.40,9.40
T102099,2026-04-18 20:45,C0796,dish soap,household,1,4.70,4.70
T102124,2026-04-19 08:04,,strawberry jam,grocery,1,4.10,4.10
T102124,2026-04-19 08:04,,white bread,bakery,3,2.90,8.70
T102124,2026-04-19 08:04,,butter,dairy,1,5.20,5.20
T102124,2026-04-19 08:04,,eggs,dairy,3,4.90,14.70
T102124,2026-04-19 08:04,,pasta,grocery,1,2.30,2.30
T102124,2026-04-19 08:04,,baby wipes,baby,1,6.70,6.70
T102124,2026-04-19 08:04,,avocado,produce,1,2.20,2.20
T102134,2026-04-19 09:22,C0057,strawberry jam,grocery,1,4.10,4.10
T102134,2026-04-19 09:22,C0057,sugar,grocery,1,3.20,3.20
T102134,2026-04-19 09:22,C0057,coffee beans,grocery,1,12.50,12.50
T102134,2026-04-19 09:22,C0057,baby formula,baby,3,28.50,85.50
T102134,2026-04-19 09:22,C0057,croissant,bakery,1,1.80,1.80
T102134,2026-04-19 09:22,C0057,baby wipes,baby,3,6.70,20.10
T102134,2026-04-19 09:22,C0057,milk 2%,dairy,3,3.80,11.40
T102134,2026-04-19 09:22,C0057,parmesan,dairy,2,8.90,17.80
T102121,2026-04-19 10:03,C0075,trash bags,household,1,9.10,9.10
T102121,2026-04-19 10:03,C0075,whole wheat bread,bakery,1,3.40,3.40
T102121,2026-04-19 10:03,C0075,conditioner,care,1,7.40,7.40
T102121,2026-04-19 10:03,C0075,peanuts,snack,1,4.80,4.80
T102126,2026-04-19 11:27,C0371,coffee beans,grocery,2,12.50,25.00
T102126,2026-04-19 11:27,C0371,sugar,grocery,2,3.20,6.40
T102126,2026-04-19 11:27,C0371,orange juice,beverage,1,4.40,4.40
T102126,2026-04-19 11:27,C0371,baby formula,baby,1,28.50,28.50
T102126,2026-04-19 11:27,C0371,strawberry jam,grocery,1,4.10,4.10
T102126,2026-04-19 11:27,C0371,croissant,bakery,3,1.80,5.40
T102126,2026-04-19 11:27,C0371,peanuts,snack,1,4.80,4.80
T102126,2026-04-19 11:27,C0371,milk 2%,dairy,1,3.80,3.80
T102126,2026-04-19 11:27,C0371,shampoo,care,1,7.40,7.40
T102126,2026-04-19 11:27,C0371,peanut butter,grocery,1,5.60,5.60
T102122,2026-04-19 12:13,C0691,salsa,grocery,1,3.90,3.90
T102122,2026-04-19 12:13,C0691,tortilla chips,snack,2,4.20,8.40
T102122,2026-04-19 12:13,C0691,croissant,bakery,1,1.80,1.80
T102122,2026-04-19 12:13,C0691,beer,beverage,2,13.50,27.00
T102131,2026-04-19 13:26,,ground beef,meat,1,9.40,9.40
T102131,2026-04-19 13:26,,yogurt,dairy,1,4.60,4.60
T102131,2026-04-19 13:26,,peanut butter,grocery,1,5.60,5.60
T102131,2026-04-19 13:26,,parmesan,dairy,1,8.90,8.90
T102131,2026-04-19 13:26,,coffee beans,grocery,1,12.50,12.50
T102131,2026-04-19 13:26,,granola,grocery,1,6.20,6.20
T102131,2026-04-19 13:26,,diapers,baby,1,24.90,24.90
T102131,2026-04-19 13:26,,berries,produce,1,5.80,5.80
T102133,2026-04-19 13:44,C0207,croissant,bakery,1,1.80,1.80
T102133,2026-04-19 13:44,C0207,ground beef,meat,1,9.40,9.40
T102133,2026-04-19 13:44,C0207,diapers,baby,1,24.90,24.90
T102133,2026-04-19 13:44,C0207,baby wipes,baby,1,6.70,6.70
T102132,2026-04-19 16:00,,salsa,grocery,1,3.90,3.90
T102132,2026-04-19 16:00,,laundry detergent,household,3,14.20,42.60
T102132,2026-04-19 16:00,,toothpaste,care,1,4.50,4.50
T102132,2026-04-19 16:00,,coffee beans,grocery,1,12.50,12.50
T102132,2026-04-19 16:00,,beer,beverage,1,13.50,13.50
T102132,2026-04-19 16:00,,tomatoes,produce,2,3.90,7.80
T102132,2026-04-19 16:00,,dish soap,household,1,4.70,4.70
T102135,2026-04-19 16:17,C0162,red wine,beverage,1,16.00,16.00
T102135,2026-04-19 16:17,C0162,pasta,grocery,1,2.30,2.30
T102135,2026-04-19 16:17,C0162,parmesan,dairy,2,8.90,17.80
T102135,2026-04-19 16:17,C0162,olive oil,grocery,1,11.20,11.20
T102135,2026-04-19 16:17,C0162,frozen pizza,frozen,1,7.20,7.20
T102135,2026-04-19 16:17,C0162,salsa,grocery,1,3.90,3.90
T102130,2026-04-19 16:46,,coffee beans,grocery,1,12.50,12.50
T102130,2026-04-19 16:46,,toothpaste,care,1,4.50,4.50
T102130,2026-04-19 16:46,,croissant,bakery,1,1.80,1.80
T102130,2026-04-19 16:46,,trash bags,household,2,9.10,18.20
T102123,2026-04-19 16:57,C0841,sparkling water,beverage,1,3.10,3.10
T102123,2026-04-19 16:57,C0841,eggs,dairy,1,4.90,4.90
T102123,2026-04-19 16:57,C0841,red wine,beverage,1,16.00,16.00
T102123,2026-04-19 16:57,C0841,salmon,fish,1,15.90,15.90
T102123,2026-04-19 16:57,C0841,lemon,produce,1,0.90,0.90
T102123,2026-04-19 16:57,C0841,peanuts,snack,1,4.80,4.80
T102123,2026-04-19 16:57,C0841,parmesan,dairy,1,8.90,8.90
T102125,2026-04-19 17:00,,whole wheat bread,bakery,2,3.40,6.80
T102129,2026-04-19 17:03,C0321,red wine,beverage,3,16.00,48.00
T102129,2026-04-19 17:03,C0321,SPARKLING WATER,beverage,1,3.10,3.10
T102129,2026-04-19 17:03,C0321,lemon,produce,1,0.90,0.90
T102129,2026-04-19 17:03,C0321,olive oil,grocery,1,11.20,11.20
T102129,2026-04-19 17:03,C0321,conditioner,care,1,7.40,7.40
T102129,2026-04-19 17:03,C0321,salmon,fish,3,15.90,47.70
T102127,2026-04-19 17:32,C0178,bacon,meat,1,7.80,7.80
T102127,2026-04-19 17:32,C0178,parmesan,dairy,1,8.90,8.90
T102127,2026-04-19 17:32,C0178,shampoo,care,1,7.40,7.40
T102127,2026-04-19 17:32,C0178,diapers,baby,1,24.90,24.90
T102128,2026-04-19 18:32,C0664,toothpaste,care,1,4.50,4.50
T102128,2026-04-19 18:32,C0664,lemon,produce,2,0.90,1.80
T102128,2026-04-19 18:32,C0664,conditioner,care,1,7.40,7.40
T102128,2026-04-19 18:32,C0664,olive oil,grocery,1,11.20,11.20
T102128,2026-04-19 18:32,C0664,shampoo,care,1,7.40,7.40
T102128,2026-04-19 18:32,C0664,tomato sauce,grocery,1,3.60,3.60
T102128,2026-04-19 18:32,C0664,laundry detergent,household,1,14.20,14.20
T102128,2026-04-19 18:32,C0664,bacon,meat,1,7.80,7.80
T102137,2026-04-20 10:01,C0731,sugar,grocery,1,3.20,3.20
T102137,2026-04-20 10:01,C0731,milk 2%,dairy,1,3.80,3.80
T102137,2026-04-20 10:01,C0731,orange juice,beverage,2,4.40,8.80
T102137,2026-04-20 10:01,C0731,chicken breast,meat,1,12.80,12.80
T102137,2026-04-20 10:01,C0731,lettuce,produce,1,2.60,2.60
T102137,2026-04-20 10:01,C0731,coffee beans,grocery,1,12.50,12.50
T102152,2026-04-20 10:10,C0672,sparkling water,beverage,1,3.10,3.10
T102152,2026-04-20 10:10,C0672,dish soap,household,1,4.70,4.70
T102152,2026-04-20 10:10,C0672,tortilla chips,snack,1,4.20,4.20
T102152,2026-04-20 10:10,C0672,lemon,produce,1,0.90,0.90
T102152,2026-04-20 10:10,C0672,baby formula,baby,1,28.50,28.50
T102152,2026-04-20 10:10,C0672,parmesan,dairy,1,8.90,8.90
T102152,2026-04-20 10:10,C0672,ground beef,meat,3,9.40,28.20
T102152,2026-04-20 10:10,C0672,pasta,grocery,1,2.30,2.30
T102152,2026-04-20 10:10,C0672,olive oil,grocery,1,11.20,11.20
T102152,2026-04-20 10:10,C0672,olive oil,grocery,1,11.20,11.20
T102140,2026-04-20 10:40,,cucumber,produce,1,1.70,1.70
T102140,2026-04-20 10:40,,lettuce,produce,2,2.60,5.20
T102140,2026-04-20 10:40,,berries,produce,1,5.80,5.80
T102140,2026-04-20 10:40,,salmon,fish,1,15.90,15.90
T102140,2026-04-20 10:40,,apples,produce,3,4.30,12.90
T102149,2026-04-20 12:31,C0052,orange juice,beverage,1,4.40,4.40
T102149,2026-04-20 12:31,C0052,toilet paper,household,3,11.90,35.70
T102144,2026-04-20 13:04,,croissant,bakery,1,1.80,1.80
T102144,2026-04-20 13:04,,eggs,dairy,1,4.90,4.90
T102144,2026-04-20 13:04,,ice cream,frozen,1,6.50,6.50
T102144,2026-04-20 13:04,,sugar,grocery,1,3.20,3.20
T102148,2026-04-20 16:04,,dish soap,household,1,4.70,4.70
T102148,2026-04-20 16:04,,white bread,bakery,1,2.90,2.90
T102148,2026-04-20 16:04,,milk 2%,dairy,1,3.80,3.80
T102148,2026-04-20 16:04,,eggs,dairy,1,4.90,4.90
T102150,2026-04-20 16:05,C0566,coffee beans,grocery,1,12.50,12.50
T102150,2026-04-20 16:05,C0566,dish soap,household,1,4.70,4.70
T102150,2026-04-20 16:05,C0566,bananas,produce,1,2.10,2.10
T102150,2026-04-20 16:05,C0566,sparkling water,beverage,1,3.10,3.10
T102150,2026-04-20 16:05,C0566,butter,dairy,1,5.20,5.20
T102150,2026-04-20 16:05,C0566,white bread,bakery,1,2.90,2.90
T102147,2026-04-20 16:20,C0379,coffee beans,grocery,1,12.50,12.50
T102147,2026-04-20 16:20,C0379,white bread,bakery,1,2.90,2.90
T102147,2026-04-20 16:20,C0379,butter,dairy,1,5.20,5.20
T102147,2026-04-20 16:20,C0379,paper towels,household,1,8.30,8.30
T102147,2026-04-20 16:20,C0379,pasta,grocery,1,2.30,2.30
T102147,2026-04-20 16:20,C0379,eggs,dairy,2,4.90,9.80
T102147,2026-04-20 16:20,C0379,peanuts,snack,1,4.80,4.80
T102136,2026-04-20 16:56,,strawberry jam,grocery,1,4.10,4.10
T102136,2026-04-20 16:56,,laundry detergent,household,1,14.20,14.20
T102136,2026-04-20 16:56,,ground beef,meat,3,9.40,28.20
T102136,2026-04-20 16:56,,paper towels,household,1,8.30,8.30
T102136,2026-04-20 16:56,,shampoo,care,2,7.40,14.80
T102136,2026-04-20 16:56,,trash bags,household,1,9.10,9.10
T102139,2026-04-20 17:20,C0880,pasta,grocery,1,2.30,2.30
T102139,2026-04-20 17:20,C0880,butter,dairy,2,5.20,10.40
T102139,2026-04-20 17:20,C0880,avocado,produce,2,2.20,4.40
T102139,2026-04-20 17:20,C0880,toothpaste,care,3,4.50,13.50
T102146,2026-04-20 17:27,C0625,croissant,bakery,1,1.80,1.80
T102146,2026-04-20 17:27,C0625,tortilla chips,snack,1,4.20,4.20
T102146,2026-04-20 17:27,C0625,salmon,fish,1,15.90,15.90
T102146,2026-04-20 17:27,C0625,butter,dairy,3,5.20,15.60
T102146,2026-04-20 17:27,C0625,beer,beverage,1,13.50,13.50
T102146,2026-04-20 17:27,C0625,salsa,grocery,1,3.90,3.90
T102151,2026-04-20 17:59,C0029,milk 2%,dairy,1,3.80,3.80
T102151,2026-04-20 17:59,C0029,white bread,bakery,2,2.90,5.80
T102151,2026-04-20 17:59,C0029,coffee beans,grocery,1,12.50,12.50
T102151,2026-04-20 17:59,C0029,baby wipes,baby,1,6.70,6.70
T102151,2026-04-20 17:59,C0029,baby formula,baby,1,28.50,28.50
T102151,2026-04-20 17:59,C0029,eggs,dairy,1,4.90,4.90
T102151,2026-04-20 17:59,C0029,strawberry jam,grocery,1,4.10,4.10
T102151,2026-04-20 17:59,C0029,frozen pizza,frozen,1,7.20,7.20
T102153,2026-04-20 18:30,,apples,produce,1,4.30,4.30
T102153,2026-04-20 18:30,,peanut butter,grocery,1,5.60,5.60
T102153,2026-04-20 18:30,,milk 2%,dairy,1,3.80,3.80
T102153,2026-04-20 18:30,,lettuce,produce,1,2.60,2.60
T102153,2026-04-20 18:30,,coffee beans,grocery,1,12.50,12.50
T102142,2026-04-20 18:36,,salsa,grocery,3,3.90,11.70
T102142,2026-04-20 18:36,,strawberry jam,grocery,1,4.10,4.10
T102142,2026-04-20 18:36,,tortilla chips,snack,1,4.20,4.20
T102142,2026-04-20 18:36,,chocolate bar,snack,2,2.70,5.40
T102142,2026-04-20 18:36,,peanuts,snack,1,4.80,4.80
T102142,2026-04-20 18:36,,beer,beverage,1,13.50,13.50
T102142,2026-04-20 18:36,,orange juice,beverage,1,4.40,4.40
T102141,2026-04-20 19:08,,granola,grocery,1,6.20,6.20
T102141,2026-04-20 19:08,,berries,produce,3,5.80,17.40
T102141,2026-04-20 19:08,,bananas,produce,1,2.10,2.10
T102141,2026-04-20 19:08,,tortilla chips,snack,1,4.20,4.20
T102141,2026-04-20 19:08,,laundry detergent,household,1,14.20,14.20
T102138,2026-04-20 19:28,C0474,cucumber,produce,1,1.70,1.70
T102138,2026-04-20 19:28,C0474,coffee beans,grocery,1,12.50,12.50
T102138,2026-04-20 19:28,C0474,salsa,grocery,3,3.90,11.70
T102138,2026-04-20 19:28,C0474,laundry detergent,household,2,14.20,28.40
T102138,2026-04-20 19:28,C0474,butter,dairy,1,5.20,5.20
T102138,2026-04-20 19:28,C0474,tomato sauce,grocery,1,3.60,3.60
T102138,2026-04-20 19:28,C0474,milk 2%,dairy,1,3.80,3.80
T102138,2026-04-20 19:28,C0474,dish soap,household,1,4.70,4.70
T102138,2026-04-20 19:28,C0474,sparkling water,beverage,2,3.10,6.20
T102143,2026-04-20 19:41,C0194,paper towels,household,1,8.30,8.30
T102143,2026-04-20 19:41,C0194,coffee beans,grocery,1,12.50,12.50
T102143,2026-04-20 19:41,C0194,milk 2%,dairy,1,3.80,3.80
T102143,2026-04-20 19:41,C0194,sugar,grocery,1,3.20,3.20
T102145,2026-04-20 19:59,,olive oil,grocery,1,11.20,11.20
T102145,2026-04-20 19:59,,coffee beans,grocery,1,12.50,12.50
T102145,2026-04-20 19:59,,diapers,baby,1,24.90,24.90
T102145,2026-04-20 19:59,,dish soap,household,1,4.70,4.70
T102160,2026-04-21 08:02,C0886,strawberry jam,grocery,1,4.10,4.10
T102160,2026-04-21 08:02,C0886,salmon,fish,1,15.90,15.90
T102160,2026-04-21 08:02,C0886,white bread,bakery,1,2.90,2.90
T102160,2026-04-21 08:02,C0886,milk 2%,dairy,3,3.80,11.40
T102160,2026-04-21 08:02,C0886,lemon,produce,2,0.90,1.80
T102155,2026-04-21 08:07,C0157,lettuce,produce,1,2.60,2.60
T102155,2026-04-21 08:07,C0157,tomato sauce,grocery,1,3.60,3.60
T102155,2026-04-21 08:07,C0157,ground beef,meat,1,9.40,9.40
T102155,2026-04-21 08:07,C0157,parmesan,dairy,1,8.90,8.90
T102163,2026-04-21 10:03,C0484,red wine,beverage,1,16.00,16.00
T102163,2026-04-21 10:03,C0484,olive oil,grocery,1,11.20,11.20
T102163,2026-04-21 10:03,C0484,lemon,produce,1,0.90,0.90
T102163,2026-04-21 10:03,C0484,tomatoes,produce,1,3.90,3.90
T102163,2026-04-21 10:03,C0484,chicken breast,meat,1,12.80,12.80
T102157,2026-04-21 10:07,,trash bags,household,1,9.10,9.10
T102157,2026-04-21 10:07,,strawberry jam,grocery,1,4.10,4.10
T102157,2026-04-21 10:07,,milk 2%,dairy,1,3.80,3.80
T102157,2026-04-21 10:07,,croissant,bakery,1,1.80,1.80
T102157,2026-04-21 10:07,,peanut butter,grocery,1,5.60,5.60
T102157,2026-04-21 10:07,,butter,dairy,1,5.20,5.20
T102174,2026-04-21 10:15,C0392,chicken breast,meat,2,12.80,25.60
T102174,2026-04-21 10:15,C0392,orange juice,beverage,1,4.40,4.40
T102174,2026-04-21 10:15,C0392,granola,grocery,3,6.20,18.60
T102174,2026-04-21 10:15,C0392,yogurt,dairy,1,4.60,4.60
T102177,2026-04-21 10:26,,lettuce,produce,3,2.60,7.80
T102177,2026-04-21 10:26,,eggs,dairy,2,4.90,9.80
T102177,2026-04-21 10:26,,toothpaste,care,1,4.50,4.50
T102177,2026-04-21 10:26,,yogurt,dairy,1,4.60,4.60
T102177,2026-04-21 10:26,,  toilet paper ,household,1,11.90,11.90
T102171,2026-04-21 10:39,C0205,lemon,produce,1,0.90,0.90
T102171,2026-04-21 10:39,C0205,yogurt,dairy,1,4.60,4.60
T102171,2026-04-21 10:39,C0205,coffee beans,grocery,1,12.50,12.50
T102171,2026-04-21 10:39,C0205,milk 2%,dairy,1,3.80,3.80
T102171,2026-04-21 10:39,C0205,tortilla chips,snack,1,4.20,4.20
T102154,2026-04-21 12:31,,berries,produce,1,5.80,5.80
T102154,2026-04-21 12:31,,tomato sauce,grocery,1,3.60,3.60
T102154,2026-04-21 12:31,,pasta,grocery,1,2.30,2.30
T102154,2026-04-21 12:31,,dish soap,household,1,4.70,4.70
T102154,2026-04-21 12:31,,lemon,produce,1,0.90,0.90
T102154,2026-04-21 12:31,,toilet paper,household,1,11.90,11.90
T102154,2026-04-21 12:31,,coffee beans,grocery,1,12.50,12.50
T102154,2026-04-21 12:31,,red wine,beverage,1,16.00,16.00
T102169,2026-04-21 13:18,,tortilla chips,snack,1,4.20,4.20
T102169,2026-04-21 13:18,,peanut butter,grocery,1,5.60,5.60
T102169,2026-04-21 13:18,,tomato sauce,grocery,1,3.60,3.60
T102167,2026-04-21 13:35,C0098,berries,produce,1,5.80,5.80
T102167,2026-04-21 13:35,C0098,yogurt,dairy,1,4.60,4.60
T102167,2026-04-21 13:35,C0098,apples,produce,3,4.30,12.90
T102167,2026-04-21 13:35,C0098,conditioner,care,1,7.40,7.40
T102167,2026-04-21 13:35,C0098,bananas,produce,2,2.10,4.20
T102167,2026-04-21 13:35,C0098,tortilla chips,snack,2,4.20,8.40
T102162,2026-04-21 16:04,C0392,tomato sauce,grocery,3,3.60,10.80
T102162,2026-04-21 16:04,C0392,eggs,dairy,1,4.90,4.90
T102162,2026-04-21 16:04,C0392,salsa,grocery,1,3.90,3.90
T102162,2026-04-21 16:04,C0392,ground beef,meat,1,9.40,9.40
T102162,2026-04-21 16:04,C0392,pasta,grocery,1,2.30,2.30
T102165,2026-04-21 16:11,,butter,dairy,3,5.20,15.60
T102165,2026-04-21 16:11,,coffee beans,grocery,1,12.50,12.50
T102165,2026-04-21 16:11,,milk 2%,dairy,1,3.80,3.80
T102165,2026-04-21 16:11,,sugar,grocery,1,3.20,3.20
T102159,2026-04-21 16:30,C0469,chocolate bar,snack,1,2.70,2.70
T102159,2026-04-21 16:30,C0469,salsa,grocery,1,3.90,3.90
T102159,2026-04-21 16:30,C0469,ground beef,meat,1,9.40,9.40
T102159,2026-04-21 16:30,C0469,diapers,baby,1,24.90,24.90
T102159,2026-04-21 16:30,C0469,granola,grocery,1,6.20,6.20
T102166,2026-04-21 16:34,,granola,grocery,3,6.20,18.60
T102156,2026-04-21 17:12,,paper towels,household,1,8.30,8.30
T102156,2026-04-21 17:12,,cucumber,produce,1,1.70,1.70
T102156,2026-04-21 17:12,,eggs,dairy,1,4.90,4.90
T102156,2026-04-21 17:12,,lettuce,produce,1,2.60,2.60
T102156,2026-04-21 17:12,,trash bags,household,2,9.10,18.20
T102156,2026-04-21 17:12,,toilet paper,household,1,11.90,11.90
T102172,2026-04-21 17:20,C0524,trash bags,household,1,9.10,9.10
T102172,2026-04-21 17:20,C0524,baby wipes,baby,1,6.70,6.70
T102158,2026-04-21 17:26,C0727,bananas,produce,1,2.10,2.10
T102158,2026-04-21 17:26,C0727,avocado,produce,1,2.20,2.20
T102158,2026-04-21 17:26,C0727,yogurt,dairy,2,4.60,9.20
T102158,2026-04-21 17:26,C0727,trash bags,household,3,9.10,27.30
T102158,2026-04-21 17:26,C0727,avocado,produce,1,2.20,2.20
T102170,2026-04-21 17:46,C0322,sugar,grocery,1,3.20,3.20
T102170,2026-04-21 17:46,C0322,avocado,produce,1,2.20,2.20
T102170,2026-04-21 17:46,C0322,butter,dairy,1,5.20,5.20
T102170,2026-04-21 17:46,C0322,milk 2%,dairy,1,3.80,3.80
T102170,2026-04-21 17:46,C0322,laundry detergent,household,1,14.20,14.20
T102170,2026-04-21 17:46,C0322,tomatoes,produce,3,3.90,11.70
T102170,2026-04-21 17:46,C0322,toilet paper,household,1,11.90,11.90
T102170,2026-04-21 17:46,C0322,strawberry jam,grocery,1,4.10,4.10
T102170,2026-04-21 17:46,C0322,peanuts,snack,1,4.80,4.80
T102170,2026-04-21 17:46,C0322,white bread,bakery,2,2.90,5.80
T102170,2026-04-21 17:46,C0322,peanut butter,grocery,1,5.60,5.60
T102170,2026-04-21 17:46,C0322,coffee beans,grocery,1,12.50,12.50
T102168,2026-04-21 17:51,C0259,tortilla chips,snack,3,4.20,12.60
T102168,2026-04-21 17:51,C0259,olive oil,grocery,1,11.20,11.20
T102168,2026-04-21 17:51,C0259,avocado,produce,1,2.20,2.20
T102168,2026-04-21 17:51,C0259,red wine,beverage,1,16.00,16.00
T102168,2026-04-21 17:51,C0259,tomato sauce,grocery,1,3.60,3.60
T102175,2026-04-21 18:12,C0351,paper towels,household,1,8.30,8.30
T102175,2026-04-21 18:12,C0351,lemon,produce,1,0.90,0.90
T102175,2026-04-21 18:12,C0351,laundry detergent,household,1,14.20,14.20
T102175,2026-04-21 18:12,C0351,dish soap,household,1,4.70,4.70
T102175,2026-04-21 18:12,C0351,baby wipes,baby,2,6.70,13.40
T102175,2026-04-21 18:12,C0351,toilet paper,household,1,11.90,11.90
T102175,2026-04-21 18:12,C0351,cucumber,produce,3,1.70,5.10
T102161,2026-04-21 18:20,,bananas,produce,1,2.10,2.10
T102161,2026-04-21 18:20,,dish soap,household,1,4.70,4.70
T102161,2026-04-21 18:20,,berries,produce,3,5.80,17.40
T102161,2026-04-21 18:20,,chicken breast,meat,1,12.80,12.80
T102173,2026-04-21 18:47,,conditioner,care,2,7.40,14.80
T102173,2026-04-21 18:47,,eggs,dairy,1,4.90,4.90
T102173,2026-04-21 18:47,,shampoo,care,1,7.40,7.40
T102164,2026-04-21 18:50,C0604,whole wheat bread,bakery,1,3.40,3.40
T102164,2026-04-21 18:50,C0604,pasta,grocery,1,2.30,2.30
T102164,2026-04-21 18:50,C0604,tomato sauce,grocery,1,3.60,3.60
T102176,2026-04-21 18:52,C0038,pasta,grocery,1,2.30,2.30
T102176,2026-04-21 18:52,C0038,frozen pizza,frozen,1,7.20,7.20
T102176,2026-04-21 18:52,C0038,strawberry jam,grocery,3,4.10,12.30
T102176,2026-04-21 18:52,C0038,coffee beans,grocery,1,12.50,12.50
T102176,2026-04-21 18:52,C0038,eggs,dairy,1,4.90,4.90
T102176,2026-04-21 18:52,C0038,sparkling water,beverage,1,3.10,3.10
T102176,2026-04-21 18:52,C0038,white bread,bakery,1,2.90,2.90
T102178,2026-04-21 19:59,C0448,olive oil,grocery,1,11.20,11.20
T102178,2026-04-21 19:59,C0448,lemon,produce,2,0.90,1.80
T102178,2026-04-21 19:59,C0448,salmon,fish,1,15.90,15.90
T102187,2026-04-22 08:08,,pasta,grocery,1,2.30,2.30
T102187,2026-04-22 08:08,,butter,dairy,1,5.20,5.20
T102187,2026-04-22 08:08,,trash bags,household,1,9.10,9.10
T102187,2026-04-22 08:08,,croissant,bakery,2,1.80,3.60
T102187,2026-04-22 08:08,,conditioner,care,1,7.40,7.40
T102187,2026-04-22 08:08,,coffee beans,grocery,1,12.50,12.50
T102203,2026-04-22 09:21,C0637,avocado,produce,1,2.20,2.20
T102203,2026-04-22 09:21,C0637,butter,dairy,1,5.20,5.20
T102203,2026-04-22 09:21,C0637,trash bags,household,1,9.10,9.10
T102203,2026-04-22 09:21,C0637,toilet paper,household,1,11.90,11.90
T102203,2026-04-22 09:21,C0637,paper towels,household,1,8.30,8.30
T102188,2026-04-22 09:50,,avocado,produce,1,2.20,2.20
T102188,2026-04-22 09:50,,bananas,produce,1,2.10,2.10
T102188,2026-04-22 09:50,,berries,produce,1,5.80,5.80
T102188,2026-04-22 09:50,,frozen pizza,frozen,3,7.20,21.60
T102186,2026-04-22 10:13,,laundry detergent,household,1,14.20,14.20
T102186,2026-04-22 10:13,,toilet paper,household,1,11.90,11.90
T102186,2026-04-22 10:13,,trash bags,household,1,9.10,9.10
T102186,2026-04-22 10:13,,red wine,beverage,1,16.00,16.00
T102186,2026-04-22 10:13,,tea,grocery,3,6.40,19.20
T102186,2026-04-22 10:13,,strawberry jam,grocery,1,4.10,4.10
T102201,2026-04-22 11:35,,tortilla chips,snack,1,4.20,4.20
T102201,2026-04-22 11:35,,salsa,grocery,1,3.90,3.90
T102201,2026-04-22 11:35,,bananas,produce,3,2.10,6.30
T102201,2026-04-22 11:35,,peanuts,snack,1,4.80,4.80
T102201,2026-04-22 11:35,,beer,beverage,1,13.50,13.50
T102192,2026-04-22 11:39,C0564,strawberry jam,grocery,1,4.10,4.10
T102192,2026-04-22 11:39,C0564,granola,grocery,1,6.20,6.20
T102192,2026-04-22 11:39,C0564,berries,produce,1,5.80,5.80
T102179,2026-04-22 11:55,C0432,parmesan,dairy,1,8.90,8.90
T102179,2026-04-22 11:55,C0432,white bread,bakery,2,2.90,5.80
T102179,2026-04-22 11:55,C0432,olive oil,grocery,1,11.20,11.20
T102179,2026-04-22 11:55,C0432,diapers,baby,1,24.90,24.90
T102179,2026-04-22 11:55,C0432,tomato sauce,grocery,1,3.60,3.60
T102179,2026-04-22 11:55,C0432,ground beef,meat,3,9.40,28.20
T102202,2026-04-22 12:03,C0565,bananas,produce,1,2.10,2.10
T102202,2026-04-22 12:03,C0565,baby wipes,baby,2,6.70,13.40
T102202,2026-04-22 12:03,C0565,yogurt,dairy,1,4.60,4.60
T102202,2026-04-22 12:03,C0565,butter,dairy,1,5.20,5.20
T102202,2026-04-22 12:03,C0565,avocado,produce,1,2.20,2.20
T102202,2026-04-22 12:03,C0565,lettuce,produce,1,2.60,2.60
T102202,2026-04-22 12:03,C0565,granola,grocery,3,6.20,18.60
T102202,2026-04-22 12:03,C0565,conditioner,care,1,7.40,7.40
T102202,2026-04-22 12:03,C0565,berries,produce,1,5.80,5.80
T102202,2026-04-22 12:03,C0565,orange juice,beverage,3,4.40,13.20
T102200,2026-04-22 12:24,,frozen pizza,frozen,1,7.20,7.20
T102200,2026-04-22 12:24,,bananas,produce,1,2.10,2.10
T102182,2026-04-22 12:50,C0208,butter,dairy,1,5.20,5.20
T102182,2026-04-22 12:50,C0208,diapers,baby,1,24.90,24.90
T102182,2026-04-22 12:50,C0208,whole wheat bread,bakery,1,3.40,3.40
T102182,2026-04-22 12:50,C0208,bananas,produce,1,2.10,2.10
T102182,2026-04-22 12:50,C0208,beer,beverage,1,13.50,13.50
T102181,2026-04-22 13:14,C0648,sugar,grocery,3,3.20,9.60
T102181,2026-04-22 13:14,C0648,pasta,grocery,2,2.30,4.60
T102181,2026-04-22 13:14,C0648,laundry detergent,household,2,14.20,28.40
T102181,2026-04-22 13:14,C0648,toilet paper,household,1,11.90,11.90
T102185,2026-04-22 13:45,C0240,sugar,grocery,1,3.20,3.20
T102185,2026-04-22 13:45,C0240,red wine,beverage,1,16.00,16.00
T102185,2026-04-22 13:45,C0240,milk 2%,dairy,1,3.80,3.80
T102198,2026-04-22 17:30,,milk 2%,dairy,3,3.80,11.40
T102198,2026-04-22 17:30,,avocado,produce,2,2.20,4.40
T102198,2026-04-22 17:30,,frozen pizza,frozen,1,7.20,7.20
T102198,2026-04-22 17:30,,croissant,bakery,2,1.80,3.60
T102198,2026-04-22 17:30,,sugar,grocery,1,3.20,3.20
T102198,2026-04-22 17:30,,strawberry jam,grocery,1,4.10,4.10
T102198,2026-04-22 17:30,,coffee beans,grocery,1,12.50,12.50
T102193,2026-04-22 17:47,C0115,chocolate bar,snack,1,2.70,2.70
T102193,2026-04-22 17:47,C0115,bacon,meat,1,7.80,7.80
T102193,2026-04-22 17:47,C0115,beer,beverage,1,13.50,13.50
T102193,2026-04-22 17:47,C0115,white bread,bakery,1,2.90,2.90
T102193,2026-04-22 17:47,C0115,salsa,grocery,1,3.90,3.90
T102197,2026-04-22 18:29,C0317,white bread,bakery,1,2.90,2.90
T102197,2026-04-22 18:29,C0317,croissant,bakery,1,1.80,1.80
T102197,2026-04-22 18:29,C0317,sparkling water,beverage,2,3.10,6.20
T102197,2026-04-22 18:29,C0317,strawberry jam,grocery,3,4.10,12.30
T102197,2026-04-22 18:29,C0317,coffee beans,grocery,1,12.50,12.50
T102197,2026-04-22 18:29,C0317,avocado,produce,1,2.20,2.20
T102197,2026-04-22 18:29,C0317,milk 2%,dairy,1,3.80,3.80
T102197,2026-04-22 18:29,C0317,eggs,dairy,1,4.90,4.90
T102189,2026-04-22 18:38,C0332,dish soap,household,1,4.70,4.70
T102189,2026-04-22 18:38,C0332,strawberry jam,grocery,1,4.10,4.10
T102189,2026-04-22 18:38,C0332,salmon,fish,1,15.90,15.90
T102189,2026-04-22 18:38,C0332,olive oil,grocery,1,11.20,11.20
T102189,2026-04-22 18:38,C0332,lemon,produce,1,0.90,0.90
T102204,2026-04-22 18:55,,toothpaste,care,3,4.50,13.50
T102204,2026-04-22 18:55,,tea,grocery,3,6.40,19.20
T102204,2026-04-22 18:55,,shampoo,care,1,7.40,7.40
T102204,2026-04-22 18:55,,eggs,dairy,1,4.90,4.90
T102183,2026-04-22 19:12,C0131,berries,produce,3,5.80,17.40
T102183,2026-04-22 19:12,C0131,bananas,produce,1,2.10,2.10
T102183,2026-04-22 19:12,C0131,salmon,fish,1,15.90,15.90
T102183,2026-04-22 19:12,C0131,croissant,bakery,1,1.80,1.80
T102196,2026-04-22 19:17,C0237,strawberry jam,grocery,1,4.10,4.10
T102196,2026-04-22 19:17,C0237,ground beef,meat,1,9.40,9.40
T102196,2026-04-22 19:17,C0237,peanut butter,grocery,1,5.60,5.60
T102196,2026-04-22 19:17,C0237,olive oil,grocery,1,11.20,11.20
T102196,2026-04-22 19:17,C0237,salsa,grocery,1,3.90,3.90
T102196,2026-04-22 19:17,C0237,pasta,grocery,3,2.30,6.90
T102196,2026-04-22 19:17,C0237,shampoo,care,1,7.40,7.40
T102196,2026-04-22 19:17,C0237,pasta,grocery,3,2.30,6.90
T102194,2026-04-22 19:28,C0495,salsa,grocery,2,3.90,7.80
T102194,2026-04-22 19:28,C0495,chocolate bar,snack,1,2.70,2.70
T102194,2026-04-22 19:28,C0495,beer,beverage,1,13.50,13.50
T102194,2026-04-22 19:28,C0495,peanuts,snack,1,4.80,4.80
T102191,2026-04-22 19:35,,cucumber,produce,1,1.70,1.70
T102191,2026-04-22 19:35,,butter,dairy,1,5.20,5.20
T102191,2026-04-22 19:35,,avocado,produce,1,2.20,2.20
T102191,2026-04-22 19:35,,lettuce,produce,3,2.60,7.80
T102191,2026-04-22 19:35,,pasta,grocery,1,2.30,2.30
T102191,2026-04-22 19:35,,peanuts,snack,1,4.80,4.80
T102195,2026-04-22 19:37,C0163,toothpaste,care,1,4.50,4.50
T102195,2026-04-22 19:37,C0163,red wine,beverage,1,16.00,16.00
T102195,2026-04-22 19:37,C0163,bacon,meat,1,7.80,7.80
T102195,2026-04-22 19:37,C0163,parmesan,dairy,1,8.90,8.90
T102195,2026-04-22 19:37,C0163,peanut butter,grocery,1,5.60,5.60
T102195,2026-04-22 19:37,C0163,pasta,grocery,1,2.30,2.30
T102195,2026-04-22 19:37,C0163,baby wipes,baby,1,6.70,6.70
T102180,2026-04-22 19:46,,pasta,grocery,1,2.30,2.30
T102180,2026-04-22 19:46,,tomato sauce,grocery,1,3.60,3.60
T102180,2026-04-22 19:46,,avocado,produce,1,2.20,2.20
T102180,2026-04-22 19:46,,yogurt,dairy,1,4.60,4.60
T102180,2026-04-22 19:46,,parmesan,dairy,1,8.90,8.90
T102180,2026-04-22 19:46,,red wine,beverage,1,16.00,16.00
T102184,2026-04-22 19:48,C0826,trash bags,household,1,9.10,9.10
T102184,2026-04-22 19:48,C0826,cucumber,produce,1,1.70,1.70
T102184,2026-04-22 19:48,C0826,salmon,fish,1,15.90,15.90
T102184,2026-04-22 19:48,C0826,olive oil,grocery,2,11.20,22.40
T102184,2026-04-22 19:48,C0826,lemon,produce,1,0.90,0.90
T102184,2026-04-22 19:48,C0826,berries,produce,1,5.80,5.80
T102199,2026-04-22 20:07,,baby wipes,baby,2,6.70,13.40
T102199,2026-04-22 20:07,,tea,grocery,1,6.40,6.40
T102199,2026-04-22 20:07,,salmon,fish,1,15.90,15.90
T102199,2026-04-22 20:07,,diapers,baby,1,24.90,24.90
T102199,2026-04-22 20:07,,beer,beverage,2,13.50,27.00
T102207,2026-04-23 08:18,C0685,laundry detergent,household,1,14.20,14.20
T102207,2026-04-23 08:18,C0685,coffee beans,grocery,1,12.50,12.50
T102220,2026-04-23 08:57,C0440,salsa,grocery,1,3.90,3.90
T102220,2026-04-23 08:57,C0440,chicken breast,meat,1,12.80,12.80
T102220,2026-04-23 08:57,C0440,beer,beverage,1,13.50,13.50
T102220,2026-04-23 08:57,C0440,shampoo,care,3,7.40,22.20
T102214,2026-04-23 09:28,C0062,butter,dairy,1,5.20,5.20
T102214,2026-04-23 09:28,C0062,apples,produce,1,4.30,4.30
T102214,2026-04-23 09:28,C0062,tortilla chips,snack,1,4.20,4.20
T102214,2026-04-23 09:28,C0062,toilet paper,household,1,11.90,11.90
T102214,2026-04-23 09:28,C0062,salsa,grocery,1,3.90,3.90
T102213,2026-04-23 09:46,C0339,milk 2%,dairy,1,3.80,3.80
T102213,2026-04-23 09:46,C0339,sugar,grocery,1,3.20,3.20
T102213,2026-04-23 09:46,C0339,pasta,grocery,1,2.30,2.30
T102213,2026-04-23 09:46,C0339,coffee beans,grocery,1,12.50,12.50
T102228,2026-04-23 09:52,C0853,pasta,grocery,1,2.30,2.30
T102228,2026-04-23 09:52,C0853,parmesan,dairy,1,8.90,8.90
T102228,2026-04-23 09:52,C0853,strawberry jam,grocery,1,4.10,4.10
T102228,2026-04-23 09:52,C0853,tomato sauce,grocery,1,3.60,3.60
T102223,2026-04-23 10:59,C0363,butter,dairy,1,5.20,5.20
T102223,2026-04-23 10:59,C0363,eggs,dairy,1,4.90,4.90
T102223,2026-04-23 10:59,C0363,sugar,grocery,1,3.20,3.20
T102223,2026-04-23 10:59,C0363,baby formula,baby,1,28.50,28.50
T102223,2026-04-23 10:59,C0363,strawberry jam,grocery,1,4.10,4.10
T102218,2026-04-23 12:11,,peanut butter,grocery,3,5.60,16.80
T102218,2026-04-23 12:11,,sugar,grocery,1,3.20,3.20
T102218,2026-04-23 12:11,,tortilla chips,snack,1,4.20,4.20
T102218,2026-04-23 12:11,,ice cream,frozen,2,6.50,13.00
T102218,2026-04-23 12:11,,coffee beans,grocery,1,12.50,12.50
T102218,2026-04-23 12:11,,baby wipes,baby,1,6.70,6.70
T102221,2026-04-23 16:11,C0514,tomatoes,produce,1,3.90,3.90
T102221,2026-04-23 16:11,C0514,sparkling water,beverage,1,3.10,3.10
T102221,2026-04-23 16:11,C0514,white bread,bakery,3,2.90,8.70
T102221,2026-04-23 16:11,C0514,conditioner,care,1,7.40,7.40
T102215,2026-04-23 16:16,,toilet paper,household,1,11.90,11.90
T102215,2026-04-23 16:16,,dish soap,household,2,4.70,9.40
T102215,2026-04-23 16:16,,apples,produce,1,4.30,4.30
T102215,2026-04-23 16:16,,laundry detergent,household,1,14.20,14.20
T102215,2026-04-23 16:16,,trash bags,household,2,9.10,18.20
T102215,2026-04-23 16:16,,coffee beans,grocery,1,12.50,12.50
T102215,2026-04-23 16:16,,baby formula,baby,1,28.50,28.50
T102215,2026-04-23 16:16,,olive oil,grocery,2,11.20,22.40
T102224,2026-04-23 16:33,C0433,ice cream,frozen,1,6.50,6.50
T102224,2026-04-23 16:33,C0433,croissant,bakery,1,1.80,1.80
T102224,2026-04-23 16:33,C0433,white bread,bakery,2,2.90,5.80
T102224,2026-04-23 16:33,C0433,diapers,baby,1,24.90,24.90
T102227,2026-04-23 16:48,,toilet paper,household,2,11.90,23.80
T102227,2026-04-23 16:48,,baby wipes,baby,3,6.70,20.10
T102227,2026-04-23 16:48,,paper towels,household,1,8.30,8.30
T102209,2026-04-23 17:39,C0707,butter,dairy,1,5.20,5.20
T102209,2026-04-23 17:39,C0707,tortilla chips,snack,1,4.20,4.20
T102212,2026-04-23 17:39,C0656,tea,grocery,1,6.40,6.40
T102212,2026-04-23 17:39,C0656,chicken breast,meat,1,12.80,12.80
T102212,2026-04-23 17:39,C0656,lettuce,produce,1,2.60,2.60
T102212,2026-04-23 17:39,C0656,white bread,bakery,1,2.90,2.90
T102212,2026-04-23 17:39,C0656,milk 2%,dairy,1,3.80,3.80
T102226,2026-04-23 17:47,,olive oil,grocery,1,11.20,11.20
T102226,2026-04-23 17:47,,white bread,bakery,1,2.90,2.90
T102226,2026-04-23 17:47,,cucumber,produce,1,1.70,1.70
T102226,2026-04-23 17:47,,lemon,produce,1,0.90,0.90
T102226,2026-04-23 17:47,,ground beef,meat,3,9.40,28.20
T102226,2026-04-23 17:47,,salmon,fish,1,15.90,15.90
T102206,2026-04-23 17:48,,salmon,fish,1,15.90,15.90
T102206,2026-04-23 17:48,,tortilla chips,snack,1,4.20,4.20
T102206,2026-04-23 17:48,,cucumber,produce,1,1.70,1.70
T102206,2026-04-23 17:48,,lemon,produce,1,0.90,0.90
T102205,2026-04-23 18:04,,peanuts,snack,1,4.80,4.80
T102205,2026-04-23 18:04,,tortilla chips,snack,1,4.20,4.20
T102205,2026-04-23 18:04,,ice cream,frozen,1,6.50,6.50
T102205,2026-04-23 18:04,,diapers,baby,1,24.90,24.90
T102205,2026-04-23 18:04,,laundry detergent,household,2,14.20,28.40
T102205,2026-04-23 18:04,,dish soap,household,1,4.70,4.70
T102205,2026-04-23 18:04,,chicken breast,meat,1,12.80,12.80
T102205,2026-04-23 18:04,,tea,grocery,1,6.40,6.40
T102205,2026-04-23 18:04,,beer,beverage,2,13.50,27.00
T102229,2026-04-23 18:26,C0082,peanuts,snack,1,4.80,4.80
T102229,2026-04-23 18:26,C0082,coffee beans,grocery,1,12.50,12.50
T102229,2026-04-23 18:26,C0082,milk 2%,dairy,1,3.80,3.80
T102229,2026-04-23 18:26,C0082,sparkling water,beverage,1,3.10,3.10
T102229,2026-04-23 18:26,C0082,beer,beverage,1,13.50,13.50
T102211,2026-04-23 18:43,C0608,chocolate bar,snack,1,2.70,2.70
T102217,2026-04-23 19:00,C0450,peanuts,snack,1,4.80,4.80
T102217,2026-04-23 19:00,C0450,sparkling water,beverage,3,3.10,9.30
T102217,2026-04-23 19:00,C0450,white bread,bakery,1,2.90,2.90
T102217,2026-04-23 19:00,C0450,shampoo,care,1,7.40,7.40
T102217,2026-04-23 19:00,C0450,milk 2%,dairy,1,3.80,3.80
T102217,2026-04-23 19:00,C0450,eggs,dairy,2,4.90,9.80
T102217,2026-04-23 19:00,C0450,lettuce,produce,1,2.60,2.60
T102217,2026-04-23 19:00,C0450,butter,dairy,3,5.20,15.60
T102222,2026-04-23 19:05,,apples,produce,1,4.30,4.30
T102222,2026-04-23 19:05,,coffee beans,grocery,1,12.50,12.50
T102222,2026-04-23 19:05,,yogurt,dairy,1,4.60,4.60
T102222,2026-04-23 19:05,,berries,produce,1,5.80,5.80
T102222,2026-04-23 19:05,,peanut butter,grocery,1,5.60,5.60
T102208,2026-04-23 19:22,C0385,white bread,bakery,1,2.90,2.90
T102208,2026-04-23 19:22,C0385,tortilla chips,snack,1,4.20,4.20
T102208,2026-04-23 19:22,C0385,milk 2%,dairy,1,3.80,3.80
T102208,2026-04-23 19:22,C0385,sugar,grocery,1,3.20,3.20
T102208,2026-04-23 19:22,C0385,coffee beans,grocery,1,12.50,12.50
T102208,2026-04-23 19:22,C0385,croissant,bakery,1,1.80,1.80
T102208,2026-04-23 19:22,C0385,baby formula,baby,1,28.50,28.50
T102208,2026-04-23 19:22,C0385,whole wheat bread,bakery,1,3.40,3.40
T102208,2026-04-23 19:22,C0385,ice cream,frozen,1,6.50,6.50
T102216,2026-04-23 19:47,C0584,berries,produce,1,5.80,5.80
T102216,2026-04-23 19:47,C0584,diapers,baby,1,24.90,24.90
T102216,2026-04-23 19:47,C0584,lettuce,produce,1,2.60,2.60
T102216,2026-04-23 19:47,C0584,yogurt,dairy,1,4.60,4.60
T102216,2026-04-23 19:47,C0584,strawberry jam,grocery,1,4.10,4.10
T102216,2026-04-23 19:47,C0584,bacon,meat,2,7.80,15.60
T102216,2026-04-23 19:47,C0584,avocado,produce,1,2.20,2.20
T102219,2026-04-23 19:53,C0225,milk 2%,dairy,3,3.80,11.40
T102219,2026-04-23 19:53,C0225,whole wheat bread,bakery,2,3.40,6.80
T102219,2026-04-23 19:53,C0225,coffee beans,grocery,1,12.50,12.50
T102219,2026-04-23 19:53,C0225,white bread,bakery,1,2.90,2.90
T102219,2026-04-23 19:53,C0225,avocado,produce,1,2.20,2.20
T102219,2026-04-23 19:53,C0225,lettuce,produce,1,2.60,2.60
T102219,2026-04-23 19:53,C0225,toothpaste,care,1,4.50,4.50
T102219,2026-04-23 19:53,C0225,butter,dairy,1,5.20,5.20
T102210,2026-04-23 20:27,,red wine,beverage,1,16.00,16.00
T102210,2026-04-23 20:27,,cucumber,produce,2,1.70,3.40
T102210,2026-04-23 20:27,,diapers,baby,1,24.90,24.90
T102210,2026-04-23 20:27,,ground beef,meat,1,9.40,9.40
T102210,2026-04-23 20:27,,baby formula,baby,1,28.50,28.50
T102210,2026-04-23 20:27,,beer,beverage,1,13.50,13.50
T102210,2026-04-23 20:27,,baby wipes,baby,1,6.70,6.70
T102225,2026-04-23 20:43,C0548,coffee beans,grocery,3,12.50,37.50
T102225,2026-04-23 20:43,C0548,milk 2%,dairy,1,3.80,3.80
T102225,2026-04-23 20:43,C0548,strawberry jam,grocery,2,4.10,8.20
T102225,2026-04-23 20:43,C0548,tomatoes,produce,1,3.90,3.90
T102225,2026-04-23 20:43,C0548,white bread,bakery,1,2.90,2.90
T102225,2026-04-23 20:43,C0548,butter,dairy,1,5.20,5.20
T102225,2026-04-23 20:43,C0548,paper towels,household,1,8.30,8.30
T102225,2026-04-23 20:43,C0548,baby formula,baby,1,28.50,28.50
T102244,2026-04-24 08:08,C0023,butter,dairy,3,5.20,15.60
T102244,2026-04-24 08:08,C0023,chicken breast,meat,1,12.80,12.80
T102244,2026-04-24 08:08,C0023,white bread,bakery,1,2.90,2.90
T102244,2026-04-24 08:08,C0023,red wine,beverage,1,16.00,16.00
T102244,2026-04-24 08:08,C0023,yogurt,dairy,1,4.60,4.60
T102244,2026-04-24 08:08,C0023,strawberry jam,grocery,1,4.10,4.10
T102241,2026-04-24 09:08,,beer,beverage,1,13.50,13.50
T102241,2026-04-24 09:08,,baby wipes,baby,1,6.70,6.70
T102241,2026-04-24 09:08,,diapers,baby,1,24.90,24.90
T102243,2026-04-24 09:11,C0596,tortilla chips,snack,1,4.20,4.20
T102243,2026-04-24 09:11,C0596,salsa,grocery,1,3.90,3.90
T102243,2026-04-24 09:11,C0596,beer,beverage,1,13.50,13.50
T102243,2026-04-24 09:11,C0596,peanuts,snack,2,4.80,9.60
T102256,2026-04-24 09:40,C0104,milk 2%,dairy,1,3.80,3.80
T102256,2026-04-24 09:40,C0104,beer,beverage,1,13.50,13.50
T102256,2026-04-24 09:40,C0104,trash bags,household,1,9.10,9.10
T102256,2026-04-24 09:40,C0104,sparkling water,beverage,1,3.10,3.10
T102256,2026-04-24 09:40,C0104,cucumber,produce,1,1.70,1.70
T102256,2026-04-24 09:40,C0104,tortilla chips,snack,1,4.20,4.20
T102256,2026-04-24 09:40,C0104,salsa,grocery,1,3.90,3.90
T102245,2026-04-24 10:16,C0345,pasta,grocery,2,2.30,4.60
T102245,2026-04-24 10:16,C0345,parmesan,dairy,2,8.90,17.80
T102245,2026-04-24 10:16,C0345,tomato sauce,grocery,1,3.60,3.60
T102245,2026-04-24 10:16,C0345,salsa,grocery,1,3.90,3.90
T102240,2026-04-24 10:52,,whole wheat bread,bakery,1,3.40,3.40
T102240,2026-04-24 10:52,,granola,grocery,1,6.20,6.20
T102240,2026-04-24 10:52,,sugar,grocery,1,3.20,3.20
T102240,2026-04-24 10:52,,berries,produce,1,5.80,5.80
T102240,2026-04-24 10:52,,avocado,produce,1,2.20,2.20
T102249,2026-04-24 10:52,,white bread,bakery,1,2.90,2.90
T102249,2026-04-24 10:52,,butter,dairy,1,5.20,5.20
T102249,2026-04-24 10:52,,strawberry jam,grocery,1,4.10,4.10
T102249,2026-04-24 10:52,,tomato sauce,grocery,1,3.60,3.60
T102250,2026-04-24 12:31,,yogurt,dairy,1,4.60,4.60
T102250,2026-04-24 12:31,,bananas,produce,1,2.10,2.10
T102250,2026-04-24 12:31,,avocado,produce,1,2.20,2.20
T102250,2026-04-24 12:31,,granola,grocery,1,6.20,6.20
T102250,2026-04-24 12:31,,paper towels,household,1,8.30,8.30
T102236,2026-04-24 16:11,,sparkling water,beverage,1,3.10,3.10
T102236,2026-04-24 16:11,,toilet paper,household,1,11.90,11.90
T102254,2026-04-24 16:46,C0644,chocolate bar,snack,3,2.70,8.10
T102254,2026-04-24 16:46,C0644,conditioner,care,1,7.40,7.40
T102254,2026-04-24 16:46,C0644,trash bags,household,2,9.10,18.20
T102254,2026-04-24 16:46,C0644,bananas,produce,1,2.10,2.10
T102254,2026-04-24 16:46,C0644,yogurt,dairy,1,4.60,4.60
T102253,2026-04-24 16:47,C0845,lemon,produce,1,0.90,0.90
T102253,2026-04-24 16:47,C0845,butter,dairy,2,5.20,10.40
T102253,2026-04-24 16:47,C0845,bacon,meat,1,7.80,7.80
T102253,2026-04-24 16:47,C0845,whole wheat bread,bakery,1,3.40,3.40
T102253,2026-04-24 16:47,C0845,salmon,fish,3,15.90,47.70
T102253,2026-04-24 16:47,C0845,olive oil,grocery,1,11.20,11.20
T102253,2026-04-24 16:47,C0845,ice cream,frozen,1,6.50,6.50
T102239,2026-04-24 17:18,C0006,diapers,baby,1,24.90,24.90
T102239,2026-04-24 17:18,C0006,yogurt,dairy,1,4.60,4.60
T102239,2026-04-24 17:18,C0006,ground beef,meat,3,9.40,28.20
T102239,2026-04-24 17:18,C0006,laundry detergent,household,1,14.20,14.20
T102239,2026-04-24 17:18,C0006,granola,grocery,1,6.20,6.20
T102238,2026-04-24 17:53,C0650,chocolate bar,snack,2,2.70,5.40
T102238,2026-04-24 17:53,C0650,yogurt,dairy,1,4.60,4.60
T102238,2026-04-24 17:53,C0650,beer,beverage,1,13.50,13.50
T102238,2026-04-24 17:53,C0650,strawberry jam,grocery,1,4.10,4.10
T102242,2026-04-24 17:53,,toilet paper,household,1,11.90,11.90
T102242,2026-04-24 17:53,,yogurt,dairy,1,4.60,4.60
T102242,2026-04-24 17:53,,salmon,fish,1,15.90,15.90
T102234,2026-04-24 18:04,C0698,salmon,fish,1,15.90,15.90
T102234,2026-04-24 18:04,C0698,salsa,grocery,3,3.90,11.70
T102234,2026-04-24 18:04,C0698,white bread,bakery,1,2.90,2.90
T102234,2026-04-24 18:04,C0698,eggs,dairy,1,4.90,4.90
T102234,2026-04-24 18:04,C0698,lemon,produce,1,0.90,0.90
T102234,2026-04-24 18:04,C0698,strawberry jam,grocery,1,4.10,4.10
T102234,2026-04-24 18:04,C0698,butter,dairy,1,5.20,5.20
T102232,2026-04-24 18:09,C0315,toilet paper,household,1,11.90,11.90
T102232,2026-04-24 18:09,C0315,white bread,bakery,1,2.90,2.90
T102232,2026-04-24 18:09,C0315,strawberry jam,grocery,1,4.10,4.10
T102232,2026-04-24 18:09,C0315,dish soap,household,1,4.70,4.70
T102232,2026-04-24 18:09,C0315,butter,dairy,1,5.20,5.20
T102232,2026-04-24 18:09,C0315,tortilla chips,snack,1,4.20,4.20
T102233,2026-04-24 18:32,C0308,bananas,produce,1,2.10,2.10
T102233,2026-04-24 18:32,C0308,peanuts,snack,1,4.80,4.80
T102233,2026-04-24 18:32,C0308,avocado,produce,1,2.20,2.20
T102233,2026-04-24 18:32,C0308,granola,grocery,1,6.20,6.20
T102247,2026-04-24 18:43,C0548,tomatoes,produce,2,3.90,7.80
T102247,2026-04-24 18:43,C0548,baby wipes,baby,3,6.70,20.10
T102247,2026-04-24 18:43,C0548,diapers,baby,1,24.90,24.90
T102247,2026-04-24 18:43,C0548,cucumber,produce,1,1.70,1.70
T102246,2026-04-24 18:44,,pasta,grocery,1,2.30,2.30
T102246,2026-04-24 18:44,,trash bags,household,1,9.10,9.10
T102246,2026-04-24 18:44,,tomato sauce,grocery,1,3.60,3.60
T102246,2026-04-24 18:44,,red wine,beverage,1,16.00,16.00
T102230,2026-04-24 19:25,C0529,apples,produce,1,4.30,4.30
T102230,2026-04-24 19:25,C0529,berries,produce,1,5.80,5.80
T102230,2026-04-24 19:25,C0529,beer,beverage,1,13.50,13.50
T102230,2026-04-24 19:25,C0529,tortilla chips,snack,1,4.20,4.20
T102230,2026-04-24 19:25,C0529,pasta,grocery,1,2.30,2.30
T102231,2026-04-24 19:25,C0310,pasta,grocery,3,2.30,6.90
T102231,2026-04-24 19:25,C0310,tomato sauce,grocery,1,3.60,3.60
T102231,2026-04-24 19:25,C0310,parmesan,dairy,1,8.90,8.90
T102231,2026-04-24 19:25,C0310,toothpaste,care,1,4.50,4.50
T102231,2026-04-24 19:25,C0310,olive oil,grocery,1,11.20,11.20
T102237,2026-04-24 19:45,,milk 2%,dairy,1,3.80,3.80
T102237,2026-04-24 19:45,,shampoo,care,1,7.40,7.40
T102251,2026-04-24 20:10,C0234,peanut butter,grocery,1,5.60,5.60
T102251,2026-04-24 20:10,C0234,parmesan,dairy,1,8.90,8.90
T102251,2026-04-24 20:10,C0234,butter,dairy,1,5.20,5.20
T102251,2026-04-24 20:10,C0234,white bread,bakery,1,2.90,2.90
T102235,2026-04-24 20:11,C0426,toothpaste,care,3,4.50,13.50
T102235,2026-04-24 20:11,C0426,pasta,grocery,1,2.30,2.30
T102235,2026-04-24 20:11,C0426,tomato sauce,grocery,1,3.60,3.60
T102235,2026-04-24 20:11,C0426,parmesan,dairy,2,8.90,17.80
T102235,2026-04-24 20:11,C0426,red wine,beverage,2,16.00,32.00
T102235,2026-04-24 20:11,C0426,olive oil,grocery,1,11.20,11.20
T102255,2026-04-24 20:46,,dish soap,household,1,4.70,4.70
T102255,2026-04-24 20:46,,paper towels,household,1,8.30,8.30
T102255,2026-04-24 20:46,,strawberry jam,grocery,1,4.10,4.10
T102252,2026-04-24 20:52,C0084,tortilla chips,snack,1,4.20,4.20
T102252,2026-04-24 20:52,C0084,pasta,grocery,1,2.30,2.30
T102252,2026-04-24 20:52,C0084,ground beef,meat,1,9.40,9.40
T102248,2026-04-24 20:58,C0421,conditioner,care,1,7.40,7.40
T102248,2026-04-24 20:58,C0421,tomatoes,produce,1,3.90,3.90
T102248,2026-04-24 20:58,C0421,tomato sauce,grocery,1,3.60,3.60
T102248,2026-04-24 20:58,C0421,salmon,fish,1,15.90,15.90
T102262,2026-04-25 08:19,,toothpaste,care,1,4.50,4.50
T102262,2026-04-25 08:19,,milk 2%,dairy,1,3.80,3.80
T102262,2026-04-25 08:19,,coffee beans,grocery,2,12.50,25.00
T102262,2026-04-25 08:19,,bacon,meat,1,7.80,7.80
T102262,2026-04-25 08:19,,sugar,grocery,1,3.20,3.20
T102283,2026-04-25 09:49,C0494,croissant,bakery,1,1.80,1.80
T102283,2026-04-25 09:49,C0494,sugar,grocery,1,3.20,3.20
T102283,2026-04-25 09:49,C0494,baby formula,baby,1,28.50,28.50
T102283,2026-04-25 09:49,C0494,white bread,bakery,1,2.90,2.90
T102283,2026-04-25 09:49,C0494,coffee beans,grocery,1,12.50,12.50
T102261,2026-04-25 09:58,C0469,frozen pizza,frozen,1,7.20,7.20
T102261,2026-04-25 09:58,C0469,peanuts,snack,1,4.80,4.80
T102261,2026-04-25 09:58,C0469,tortilla chips,snack,1,4.20,4.20
T102261,2026-04-25 09:58,C0469,baby formula,baby,1,28.50,28.50
T102261,2026-04-25 09:58,C0469,beer,beverage,1,13.50,13.50
T102261,2026-04-25 09:58,C0469,toothpaste,care,1,4.50,4.50
T102261,2026-04-25 09:58,C0469,baby wipes,baby,1,6.70,6.70
T102261,2026-04-25 09:58,C0469,ice cream,frozen,2,6.50,13.00
T102261,2026-04-25 09:58,C0469,salsa,grocery,1,3.90,3.90
T102261,2026-04-25 09:58,C0469,orange juice,beverage,1,4.40,4.40
T102257,2026-04-25 10:21,C0657,peanuts,snack,1,4.80,4.80
T102257,2026-04-25 10:21,C0657,sugar,grocery,1,3.20,3.20
T102257,2026-04-25 10:21,C0657,tomato sauce,grocery,3,3.60,10.80
T102257,2026-04-25 10:21,C0657,dish soap,household,1,4.70,4.70
T102257,2026-04-25 10:21,C0657,shampoo,care,1,7.40,7.40
T102257,2026-04-25 10:21,C0657,white bread,bakery,1,2.90,2.90
T102257,2026-04-25 10:21,C0657,conditioner,care,1,7.40,7.40
T102257,2026-04-25 10:21,C0657,baby formula,baby,1,28.50,28.50
T102257,2026-04-25 10:21,C0657,cucumber,produce,1,1.70,1.70
T102277,2026-04-25 10:36,C0012,croissant,bakery,1,1.80,1.80
T102277,2026-04-25 10:36,C0012,lettuce,produce,1,2.60,2.60
T102277,2026-04-25 10:36,C0012,sugar,grocery,1,3.20,3.20
T102277,2026-04-25 10:36,C0012,tomato sauce,grocery,1,3.60,3.60
T102277,2026-04-25 10:36,C0012,coffee beans,grocery,1,12.50,12.50
T102278,2026-04-25 10:47,C0028,red wine,beverage,1,16.00,16.00
T102278,2026-04-25 10:47,C0028,bananas,produce,2,2.10,4.20
T102278,2026-04-25 10:47,C0028,pasta,grocery,1,2.30,2.30
T102278,2026-04-25 10:47,C0028,tomato sauce,grocery,1,3.60,3.60
T102266,2026-04-25 11:29,C0219,berries,produce,1,5.80,5.80
T102266,2026-04-25 11:29,C0219,lettuce,produce,1,2.60,2.60
T102266,2026-04-25 11:29,C0219,coffee beans,grocery,1,12.50,12.50
T102266,2026-04-25 11:29,C0219,yogurt,dairy,1,4.60,4.60
T102266,2026-04-25 11:29,C0219,bananas,produce,1,2.10,2.10
T102266,2026-04-25 11:29,C0219,croissant,bakery,2,1.80,3.60
T102270,2026-04-25 11:59,C0050,chicken breast,meat,1,12.80,12.80
T102270,2026-04-25 11:59,C0050,salmon,fish,3,15.90,47.70
T102270,2026-04-25 11:59,C0050,bacon,meat,1,7.80,7.80
T102286,2026-04-25 12:16,,white bread,bakery,1,2.90,2.90
T102286,2026-04-25 12:16,,yogurt,dairy,1,4.60,4.60
T102286,2026-04-25 12:16,,granola,grocery,1,6.20,6.20
T102268,2026-04-25 13:41,,laundry detergent,household,1,14.20,14.20
T102268,2026-04-25 13:41,,toilet paper,household,1,11.90,11.90
T102268,2026-04-25 13:41,,dish soap,household,1,4.70,4.70
T102268,2026-04-25 13:41,,berries,produce,1,5.80,5.80
T102282,2026-04-25 16:02,C0885,beer,beverage,1,13.50,13.50
T102282,2026-04-25 16:02,C0885,lemon,produce,1,0.90,0.90
T102282,2026-04-25 16:02,C0885,tortilla chips,snack,1,4.20,4.20
T102282,2026-04-25 16:02,C0885,salsa,grocery,1,3.90,3.90
T102282,2026-04-25 16:02,C0885,chocolate bar,snack,1,2.70,2.70
T102263,2026-04-25 16:17,,laundry detergent,household,3,14.20,42.60
T102263,2026-04-25 16:17,,parmesan,dairy,1,8.90,8.90
T102263,2026-04-25 16:17,,bacon,meat,3,7.80,23.40
T102263,2026-04-25 16:17,,sugar,grocery,1,3.20,3.20
T102263,2026-04-25 16:17,,diapers,baby,2,24.90,49.80
T102263,2026-04-25 16:17,,ground beef,meat,2,9.40,18.80
T102285,2026-04-25 16:39,,butter,dairy,1,5.20,5.20
T102285,2026-04-25 16:39,,white bread,bakery,1,2.90,2.90
T102285,2026-04-25 16:39,,coffee beans,grocery,1,12.50,12.50
T102285,2026-04-25 16:39,,tea,grocery,1,6.40,6.40
T102285,2026-04-25 16:39,,yogurt,dairy,1,4.60,4.60
T102271,2026-04-25 17:01,C0189,olive oil,grocery,3,11.20,33.60
T102271,2026-04-25 17:01,C0189,tea,grocery,1,6.40,6.40
T102271,2026-04-25 17:01,C0189,salmon,fish,1,15.90,15.90
T102271,2026-04-25 17:01,C0189,ground beef,meat,1,9.40,9.40
T102271,2026-04-25 17:01,C0189,tomato sauce,grocery,1,3.60,3.60
T102271,2026-04-25 17:01,C0189,pasta,grocery,1,2.30,2.30
T102271,2026-04-25 17:01,C0189,eggs,dairy,1,4.90,4.90
T102280,2026-04-25 17:05,C0445,ground beef,meat,1,9.40,9.40
T102280,2026-04-25 17:05,C0445,olive oil,grocery,1,11.20,11.20
T102280,2026-04-25 17:05,C0445,tomato sauce,grocery,1,3.60,3.60
T102280,2026-04-25 17:05,C0445,parmesan,dairy,1,8.90,8.90
T102280,2026-04-25 17:05,C0445,pasta,grocery,2,2.30,4.60
T102273,2026-04-25 17:13,C0083,shampoo,care,1,7.40,7.40
T102273,2026-04-25 17:13,C0083,conditioner,care,2,7.40,14.80
T102273,2026-04-25 17:13,C0083,croissant,bakery,1,1.80,1.80
T102273,2026-04-25 17:13,C0083,milk 2%,dairy,1,3.80,3.80
T102273,2026-04-25 17:13,C0083,lettuce,produce,3,2.60,7.80
T102281,2026-04-25 17:18,,olive oil,grocery,1,11.20,11.20
T102281,2026-04-25 17:18,,strawberry jam,grocery,1,4.10,4.10
T102281,2026-04-25 17:18,,parmesan,dairy,1,8.90,8.90
T102281,2026-04-25 17:18,,white bread,bakery,2,2.90,5.80
T102281,2026-04-25 17:18,,chocolate bar,snack,2,2.70,5.40
T102281,2026-04-25 17:18,,butter,dairy,1,5.20,5.20
T102281,2026-04-25 17:18,,coffee beans,grocery,2,12.50,25.00
T102281,2026-04-25 17:18,,paper towels,household,1,8.30,8.30
T102281,2026-04-25 17:18,,eggs,dairy,1,4.90,4.90
T102281,2026-04-25 17:18,,milk 2%,dairy,1,3.80,3.80
T102272,2026-04-25 17:25,,lemon,produce,1,0.90,0.90
T102272,2026-04-25 17:25,,salmon,fish,1,15.90,15.90
T102272,2026-04-25 17:25,,tomatoes,produce,1,3.90,3.90
T102272,2026-04-25 17:25,,red wine,beverage,1,16.00,16.00
T102272,2026-04-25 17:25,,toilet paper,household,1,11.90,11.90
T102275,2026-04-25 17:40,C0193,pasta,grocery,1,2.30,2.30
T102275,2026-04-25 17:40,C0193,tea,grocery,1,6.40,6.40
T102267,2026-04-25 17:46,,salsa,grocery,1,3.90,3.90
T102267,2026-04-25 17:46,,conditioner,care,1,7.40,7.40
T102267,2026-04-25 17:46,,shampoo,care,2,7.40,14.80
T102279,2026-04-25 18:05,C0542,croissant,bakery,3,1.80,5.40
T102279,2026-04-25 18:05,C0542,sugar,grocery,1,3.20,3.20
T102279,2026-04-25 18:05,C0542,sparkling water,beverage,1,3.10,3.10
T102279,2026-04-25 18:05,C0542,toothpaste,care,1,4.50,4.50
T102279,2026-04-25 18:05,C0542,beer,beverage,1,13.50,13.50
T102279,2026-04-25 18:05,C0542,conditioner,care,1,7.40,7.40
T102259,2026-04-25 18:15,C0603,tortilla chips,snack,1,4.20,4.20
T102259,2026-04-25 18:15,C0603,beer,beverage,1,13.50,13.50
T102259,2026-04-25 18:15,C0603,laundry detergent,household,1,14.20,14.20
T102259,2026-04-25 18:15,C0603,ice cream,frozen,1,6.50,6.50
T102259,2026-04-25 18:15,C0603,berries,produce,1,5.80,5.80
T102264,2026-04-25 18:20,C0800,avocado,produce,1,2.20,2.20
T102264,2026-04-25 18:20,C0800,coffee beans,grocery,2,12.50,25.00
T102264,2026-04-25 18:20,C0800,berries,produce,1,5.80,5.80
T102264,2026-04-25 18:20,C0800,yogurt,dairy,3,4.60,13.80
T102264,2026-04-25 18:20,C0800,red wine,beverage,1,16.00,16.00
T102287,2026-04-25 18:23,,avocado,produce,1,2.20,2.20
T102287,2026-04-25 18:23,,yogurt,dairy,2,4.60,9.20
T102287,2026-04-25 18:23,,orange juice,beverage,1,4.40,4.40
T102287,2026-04-25 18:23,,bananas,produce,1,2.10,2.10
T102287,2026-04-25 18:23,,berries,produce,1,5.80,5.80
T102287,2026-04-25 18:23,,toilet paper,household,3,11.90,35.70
T102269,2026-04-25 18:31,C0321,granola,grocery,1,6.20,6.20
T102269,2026-04-25 18:31,C0321,tea,grocery,1,6.40,6.40
T102269,2026-04-25 18:31,C0321,coffee beans,grocery,3,12.50,37.50
T102269,2026-04-25 18:31,C0321,bananas,produce,1,2.10,2.10
T102269,2026-04-25 18:31,C0321,salmon,fish,3,15.90,47.70
T102269,2026-04-25 18:31,C0321,yogurt,dairy,1,4.60,4.60
T102269,2026-04-25 18:31,C0321,avocado,produce,1,2.20,2.20
T102265,2026-04-25 18:33,C0091,yogurt,dairy,1,4.60,4.60
T102265,2026-04-25 18:33,C0091,sugar,grocery,1,3.20,3.20
T102265,2026-04-25 18:33,C0091,coffee beans,grocery,1,12.50,12.50
T102265,2026-04-25 18:33,C0091,milk 2%,dairy,1,3.80,3.80
T102274,2026-04-25 19:15,C0438,white bread,bakery,1,2.90,2.90
T102274,2026-04-25 19:15,C0438,strawberry jam,grocery,1,4.10,4.10
T102276,2026-04-25 19:38,C0239,salmon,fish,3,15.90,47.70
T102276,2026-04-25 19:38,C0239,granola,grocery,3,6.20,18.60
T102276,2026-04-25 19:38,C0239,baby formula,baby,1,28.50,28.50
T102276,2026-04-25 19:38,C0239,tortilla chips,snack,3,4.20,12.60
T102284,2026-04-25 20:43,,salsa,grocery,1,3.90,3.90
T102284,2026-04-25 20:43,,beer,beverage,2,13.50,27.00
T102284,2026-04-25 20:43,,chocolate bar,snack,1,2.70,2.70
T102284,2026-04-25 20:43,,ground beef,meat,1,9.40,9.40
T102284,2026-04-25 20:43,,peanuts,snack,1,4.80,4.80
T102284,2026-04-25 20:43,,lemon,produce,1,0.90,0.90
T102284,2026-04-25 20:43,,tortilla chips,snack,1,4.20,4.20
T102258,2026-04-25 20:45,C0046,white bread,bakery,1,2.90,2.90
T102258,2026-04-25 20:45,C0046,frozen pizza,frozen,1,7.20,7.20
T102258,2026-04-25 20:45,C0046,orange juice,beverage,2,4.40,8.80
T102288,2026-04-26 09:06,C0241,white bread,bakery,1,2.90,2.90
T102288,2026-04-26 09:06,C0241,pasta,grocery,1,2.30,2.30
T102288,2026-04-26 09:06,C0241,laundry detergent,household,3,14.20,42.60
T102288,2026-04-26 09:06,C0241,peanut butter,grocery,3,5.60,16.80
T102288,2026-04-26 09:06,C0241,tomato sauce,grocery,1,3.60,3.60
T102288,2026-04-26 09:06,C0241,ground beef,meat,1,9.40,9.40
T102288,2026-04-26 09:06,C0241,parmesan,dairy,1,8.90,8.90
T102288,2026-04-26 09:06,C0241,toothpaste,care,1,4.50,4.50
T102295,2026-04-26 09:23,,berries,produce,1,5.80,5.80
T102295,2026-04-26 09:23,,bananas,produce,1,2.10,2.10
T102295,2026-04-26 09:23,,toothpaste,care,1,4.50,4.50
T102295,2026-04-26 09:23,,orange juice,beverage,1,4.40,4.40
T102295,2026-04-26 09:23,,yogurt,dairy,1,4.60,4.60
T102293,2026-04-26 10:41,,toothpaste,care,1,4.50,4.50
T102293,2026-04-26 10:41,,coffee beans,grocery,2,12.50,25.00
T102293,2026-04-26 10:41,,eggs,dairy,1,4.90,4.90
T102293,2026-04-26 10:41,,butter,dairy,1,5.20,5.20
T102291,2026-04-26 10:53,C0095,beer,beverage,3,13.50,40.50
T102291,2026-04-26 10:53,C0095,lettuce,produce,1,2.60,2.60
T102291,2026-04-26 10:53,C0095,granola,grocery,1,6.20,6.20
T102291,2026-04-26 10:53,C0095,avocado,produce,1,2.20,2.20
T102291,2026-04-26 10:53,C0095,berries,produce,1,5.80,5.80
T102292,2026-04-26 11:03,,eggs,dairy,1,4.90,4.90
T102292,2026-04-26 11:03,,white bread,bakery,1,2.90,2.90
T102292,2026-04-26 11:03,,butter,dairy,1,5.20,5.20
T102292,2026-04-26 11:03,,dish soap,household,1,4.70,4.70
T102289,2026-04-26 11:22,C0100,chicken breast,meat,1,12.80,12.80
T102289,2026-04-26 11:22,C0100,croissant,bakery,1,1.80,1.80
T102289,2026-04-26 11:22,C0100,ground beef,meat,1,9.40,9.40
T102298,2026-04-26 13:34,C0452,lettuce,produce,1,2.60,2.60
T102298,2026-04-26 13:34,C0452,red wine,beverage,1,16.00,16.00
T102298,2026-04-26 13:34,C0452,coffee beans,grocery,3,12.50,37.50
T102298,2026-04-26 13:34,C0452,baby formula,baby,1,28.50,28.50
T102298,2026-04-26 13:34,C0452,bacon,meat,1,7.80,7.80
T102301,2026-04-26 16:18,C0881,berries,produce,1,5.80,5.80
T102301,2026-04-26 16:18,C0881,pasta,grocery,1,2.30,2.30
T102301,2026-04-26 16:18,C0881,paper towels,household,1,8.30,8.30
T102301,2026-04-26 16:18,C0881,butter,dairy,1,5.20,5.20
T102301,2026-04-26 16:18,C0881,tomato sauce,grocery,1,3.60,3.60
T102306,2026-04-26 17:20,,granola,grocery,3,6.20,18.60
T102306,2026-04-26 17:20,,avocado,produce,1,2.20,2.20
T102306,2026-04-26 17:20,,yogurt,dairy,1,4.60,4.60
T102306,2026-04-26 17:20,,tea,grocery,1,6.40,6.40
T102306,2026-04-26 17:20,,cucumber,produce,1,1.70,1.70
T102306,2026-04-26 17:20,,berries,produce,1,5.80,5.80
T102296,2026-04-26 17:21,C0401,toothpaste,care,1,4.50,4.50
T102296,2026-04-26 17:21,C0401,conditioner,care,1,7.40,7.40
T102296,2026-04-26 17:21,C0401,dish soap,household,1,4.70,4.70
T102299,2026-04-26 17:24,,milk 2%,dairy,1,3.80,3.80
T102299,2026-04-26 17:24,,butter,dairy,1,5.20,5.20
T102299,2026-04-26 17:24,,coffee beans,grocery,1,12.50,12.50
T102299,2026-04-26 17:24,,sugar,grocery,1,3.20,3.20
T102299,2026-04-26 17:24,,croissant,bakery,1,1.80,1.80
T102300,2026-04-26 18:23,,tomato sauce,grocery,2,3.60,7.20
T102300,2026-04-26 18:23,,apples,produce,2,4.30,8.60
T102300,2026-04-26 18:23,,peanuts,snack,1,4.80,4.80
T102300,2026-04-26 18:23,,granola,grocery,1,6.20,6.20
T102300,2026-04-26 18:23,,tea,grocery,1,6.40,6.40
T102300,2026-04-26 18:23,,salsa,grocery,2,3.90,7.80
T102300,2026-04-26 18:23,,paper towels,household,1,8.30,8.30
T102300,2026-04-26 18:23,,beer,beverage,1,13.50,13.50
T102297,2026-04-26 18:41,,ground beef,meat,1,9.40,9.40
T102297,2026-04-26 18:41,,peanut butter,grocery,1,5.60,5.60
T102297,2026-04-26 18:41,,cucumber,produce,3,1.70,5.10
T102297,2026-04-26 18:41,,salmon,fish,1,15.90,15.90
T102297,2026-04-26 18:41,,olive oil,grocery,1,11.20,11.20
T102297,2026-04-26 18:41,,red wine,beverage,1,16.00,16.00
T102297,2026-04-26 18:41,,lemon,produce,3,0.90,2.70
T102305,2026-04-26 18:55,C0133,sugar,grocery,3,3.20,9.60
T102305,2026-04-26 18:55,C0133,butter,dairy,1,5.20,5.20
T102305,2026-04-26 18:55,C0133,lettuce,produce,1,2.60,2.60
T102305,2026-04-26 18:55,C0133,whole wheat bread,bakery,1,3.40,3.40
T102305,2026-04-26 18:55,C0133,pasta,grocery,1,2.30,2.30
T102305,2026-04-26 18:55,C0133,yogurt,dairy,2,4.60,9.20
T102305,2026-04-26 18:55,C0133,chicken breast,meat,1,12.80,12.80
T102305,2026-04-26 18:55,C0133,avocado,produce,1,2.20,2.20
T102302,2026-04-26 18:56,C0574,coffee beans,grocery,1,12.50,12.50
T102302,2026-04-26 18:56,C0574,eggs,dairy,1,4.90,4.90
T102302,2026-04-26 18:56,C0574,white bread,bakery,1,2.90,2.90
T102302,2026-04-26 18:56,C0574,butter,dairy,2,5.20,10.40
T102302,2026-04-26 18:56,C0574,strawberry jam,grocery,3,4.10,12.30
T102302,2026-04-26 18:56,C0574,tomato sauce,grocery,1,3.60,3.60
T102302,2026-04-26 18:56,C0574,parmesan,dairy,1,8.90,8.90
T102302,2026-04-26 18:56,C0574,croissant,bakery,1,1.80,1.80
T102294,2026-04-26 19:04,C0893,sugar,grocery,1,3.20,3.20
T102294,2026-04-26 19:04,C0893,shampoo,care,1,7.40,7.40
T102294,2026-04-26 19:04,C0893,toothpaste,care,1,4.50,4.50
T102304,2026-04-26 19:12,C0302,berries,produce,1,5.80,5.80
T102304,2026-04-26 19:12,C0302,cucumber,produce,1,1.70,1.70
T102304,2026-04-26 19:12,C0302,chocolate bar,snack,1,2.70,2.70
T102304,2026-04-26 19:12,C0302,tea,grocery,1,6.40,6.40
T102304,2026-04-26 19:12,C0302,olive oil,grocery,1,11.20,11.20
T102304,2026-04-26 19:12,C0302,ground beef,meat,1,9.40,9.40
T102304,2026-04-26 19:12,C0302,salmon,fish,1,15.90,15.90
T102304,2026-04-26 19:12,C0302,red wine,beverage,2,16.00,32.00
T102304,2026-04-26 19:12,C0302,lemon,produce,2,0.90,1.80
T102290,2026-04-26 19:30,,laundry detergent,household,1,14.20,14.20
T102290,2026-04-26 19:30,,berries,produce,2,5.80,11.60
T102290,2026-04-26 19:30,,lettuce,produce,3,2.60,7.80
T102290,2026-04-26 19:30,,dish soap,household,1,4.70,4.70
T102290,2026-04-26 19:30,,orange juice,beverage,2,4.40,8.80
T102290,2026-04-26 19:30,,paper towels,household,1,8.30,8.30
T102290,2026-04-26 19:30,,apples,produce,1,4.30,4.30
T102290,2026-04-26 19:30,,trash bags,household,1,9.10,9.10
T102303,2026-04-26 20:16,C0820,croissant,bakery,1,1.80,1.80
T102303,2026-04-26 20:16,C0820,coffee beans,grocery,1,12.50,12.50
T102303,2026-04-26 20:16,C0820,trash bags,household,1,9.10,9.10
T102303,2026-04-26 20:16,C0820,eggs,dairy,1,4.90,4.90
T102303,2026-04-26 20:16,C0820,milk 2%,dairy,1,3.80,3.80
T102323,2026-04-27 09:28,C0107,toothpaste,care,1,4.50,4.50
T102323,2026-04-27 09:28,C0107,pasta,grocery,1,2.30,2.30
T102323,2026-04-27 09:28,C0107,parmesan,dairy,3,8.90,26.70
T102323,2026-04-27 09:28,C0107,tomato sauce,grocery,1,3.60,3.60
T102316,2026-04-27 09:57,,red wine,beverage,1,16.00,16.00
T102316,2026-04-27 09:57,,ground beef,meat,1,9.40,9.40
T102316,2026-04-27 09:57,,peanuts,snack,1,4.80,4.80
T102316,2026-04-27 09:57,,tomato sauce,grocery,1,3.60,3.60
T102313,2026-04-27 10:10,C0016,apples,produce,1,4.30,4.30
T102313,2026-04-27 10:10,C0016,yogurt,dairy,1,4.60,4.60
T102313,2026-04-27 10:10,C0016,granola,grocery,1,6.20,6.20
T102313,2026-04-27 10:10,C0016,toilet paper,household,1,11.90,11.90
T102313,2026-04-27 10:10,C0016,coffee beans,grocery,3,12.50,37.50
T102313,2026-04-27 10:10,C0016,tea,grocery,1,6.40,6.40
T102313,2026-04-27 10:10,C0016,eggs,dairy,1,4.90,4.90
T102313,2026-04-27 10:10,C0016,berries,produce,1,5.80,5.80
T102318,2026-04-27 11:13,C0405,tomato sauce,grocery,1,3.60,3.60
T102318,2026-04-27 11:13,C0405,pasta,grocery,1,2.30,2.30
T102318,2026-04-27 11:13,C0405,ground beef,meat,1,9.40,9.40
T102318,2026-04-27 11:13,C0405,coffee beans,grocery,3,12.50,37.50
T102318,2026-04-27 11:13,C0405,parmesan,dairy,2,8.90,17.80
T102318,2026-04-27 11:13,C0405,dish soap,household,1,4.70,4.70
T102318,2026-04-27 11:13,C0405,trash bags,household,3,9.10,27.30
T102311,2026-04-27 11:21,,coffee beans,grocery,1,12.50,12.50
T102311,2026-04-27 11:21,,strawberry jam,grocery,1,4.10,4.10
T102311,2026-04-27 11:21,,butter,dairy,1,5.20,5.20
T102311,2026-04-27 11:21,,white bread,bakery,1,2.90,2.90
T102311,2026-04-27 11:21,,whole wheat bread,bakery,2,3.40,6.80
T102311,2026-04-27 11:21,,milk 2%,dairy,3,3.80,11.40
T102311,2026-04-27 11:21,,tomato sauce,grocery,1,3.60,3.60
T102311,2026-04-27 11:21,,red wine,beverage,1,16.00,16.00
T102311,2026-04-27 11:21,,toilet paper,household,1,11.90,11.90
T102319,2026-04-27 11:49,,milk 2%,dairy,1,3.80,3.80
T102319,2026-04-27 11:49,,whole wheat bread,bakery,2,3.40,6.80
T102319,2026-04-27 11:49,,coffee beans,grocery,1,12.50,12.50
T102319,2026-04-27 11:49,,tortilla chips,snack,1,4.20,4.20
T102319,2026-04-27 11:49,,beer,beverage,1,13.50,13.50
T102310,2026-04-27 12:02,C0480,beer,beverage,1,13.50,13.50
T102310,2026-04-27 12:02,C0480,baby wipes,baby,3,6.70,20.10
T102310,2026-04-27 12:02,C0480,olive oil,grocery,1,11.20,11.20
T102310,2026-04-27 12:02,C0480,tortilla chips,snack,1,4.20,4.20
T102308,2026-04-27 12:24,C0229,granola,grocery,1,6.20,6.20
T102308,2026-04-27 12:24,C0229,avocado,produce,2,2.20,4.40
T102308,2026-04-27 12:24,C0229,bananas,produce,1,2.10,2.10
T102308,2026-04-27 12:24,C0229,berries,produce,1,5.80,5.80
T102308,2026-04-27 12:24,C0229,butter,dairy,1,5.20,5.20
T102308,2026-04-27 12:24,C0229,bacon,meat,1,7.80,7.80
T102308,2026-04-27 12:24,C0229,lettuce,produce,1,2.60,2.60
T102308,2026-04-27 12:24,C0229,yogurt,dairy,1,4.60,4.60
T102307,2026-04-27 12:33,C0061,whole wheat bread,bakery,1,3.40,3.40
T102307,2026-04-27 12:33,C0061,red wine,beverage,1,16.00,16.00
T102307,2026-04-27 12:33,C0061,olive oil,grocery,1,11.20,11.20
T102307,2026-04-27 12:33,C0061,sparkling water,beverage,1,3.10,3.10
T102307,2026-04-27 12:33,C0061,lemon,produce,1,0.90,0.90
T102307,2026-04-27 12:33,C0061,white bread,bakery,1,2.90,2.90
T102307,2026-04-27 12:33,C0061,salmon,fish,1,15.90,15.90
T102321,2026-04-27 12:44,C0706,red wine,beverage,3,16.00,48.00
T102321,2026-04-27 12:44,C0706,parmesan,dairy,1,8.90,8.90
T102321,2026-04-27 12:44,C0706,tomato sauce,grocery,1,3.60,3.60
T102321,2026-04-27 12:44,C0706,pasta,grocery,2,2.30,4.60
T102325,2026-04-27 13:00,,olive oil,grocery,1,11.20,11.20
T102325,2026-04-27 13:00,,tomato sauce,grocery,3,3.60,10.80
T102325,2026-04-27 13:00,,pasta,grocery,1,2.30,2.30
T102325,2026-04-27 13:00,,parmesan,dairy,1,8.90,8.90
T102312,2026-04-27 16:55,C0294,cucumber,produce,1,1.70,1.70
T102312,2026-04-27 16:55,C0294,salmon,fish,1,15.90,15.90
T102312,2026-04-27 16:55,C0294,olive oil,grocery,1,11.20,11.20
T102312,2026-04-27 16:55,C0294,pasta,grocery,1,2.30,2.30
T102312,2026-04-27 16:55,C0294,lemon,produce,1,0.90,0.90
T102322,2026-04-27 17:17,C0440,strawberry jam,grocery,3,4.10,12.30
T102322,2026-04-27 17:17,C0440,ice cream,frozen,1,6.50,6.50
T102322,2026-04-27 17:17,C0440,white bread,bakery,1,2.90,2.90
T102322,2026-04-27 17:17,C0440,butter,dairy,1,5.20,5.20
T102314,2026-04-27 17:34,C0132,avocado,produce,1,2.20,2.20
T102314,2026-04-27 17:34,C0132,red wine,beverage,1,16.00,16.00
T102314,2026-04-27 17:34,C0132,olive oil,grocery,1,11.20,11.20
T102314,2026-04-27 17:34,C0132,bananas,produce,1,2.10,2.10
T102314,2026-04-27 17:34,C0132,cucumber,produce,3,1.70,5.10
T102314,2026-04-27 17:34,C0132,lemon,produce,1,0.90,0.90
T102317,2026-04-27 17:45,C0245,strawberry jam,grocery,1,4.10,4.10
T102317,2026-04-27 17:45,C0245,sugar,grocery,1,3.20,3.20
T102317,2026-04-27 17:45,C0245,coffee beans,grocery,1,12.50,12.50
T102326,2026-04-27 18:45,C0735,diapers,baby,3,24.90,74.70
T102326,2026-04-27 18:45,C0735,salsa,grocery,1,3.90,3.90
T102326,2026-04-27 18:45,C0735,bacon,meat,2,7.80,15.60
T102326,2026-04-27 18:45,C0735,baby wipes,baby,1,6.70,6.70
T102326,2026-04-27 18:45,C0735,lemon,produce,2,0.90,1.80
T102326,2026-04-27 18:45,C0735,parmesan,dairy,1,8.90,8.90
T102320,2026-04-27 19:24,,lemon,produce,1,0.90,0.90
T102320,2026-04-27 19:24,,strawberry jam,grocery,1,4.10,4.10
T102320,2026-04-27 19:24,,tomatoes,produce,1,3.90,3.90
T102309,2026-04-27 19:42,,tortilla chips,snack,1,4.20,4.20
T102309,2026-04-27 19:42,,peanuts,snack,1,4.80,4.80
T102309,2026-04-27 19:42,,beer,beverage,3,13.50,40.50
T102309,2026-04-27 19:42,,salsa,grocery,2,3.90,7.80
T102309,2026-04-27 19:42,,whole wheat bread,bakery,3,3.40,10.20
T102309,2026-04-27 19:42,,pasta,grocery,3,2.30,6.90
T102315,2026-04-27 20:25,C0708,pasta,grocery,1,2.30,2.30
T102315,2026-04-27 20:25,C0708,olive oil,grocery,1,11.20,11.20
T102315,2026-04-27 20:25,C0708,avocado,produce,1,2.20,2.20
T102315,2026-04-27 20:25,C0708,parmesan,dairy,1,8.90,8.90
T102315,2026-04-27 20:25,C0708,ground beef,meat,1,9.40,9.40
T102315,2026-04-27 20:25,C0708,red wine,beverage,1,16.00,16.00
T102324,2026-04-27 20:59,,laundry detergent,household,1,14.20,14.20
T102324,2026-04-27 20:59,,granola,grocery,1,6.20,6.20
T102324,2026-04-27 20:59,,bananas,produce,1,2.10,2.10
T102324,2026-04-27 20:59,,peanut butter,grocery,1,5.60,5.60
T102324,2026-04-27 20:59,,lettuce,produce,1,2.60,2.60
T102324,2026-04-27 20:59,,berries,produce,1,5.80,5.80
T102340,2026-04-28 11:15,,sugar,grocery,1,3.20,3.20
T102340,2026-04-28 11:15,,coffee beans,grocery,1,12.50,12.50
T102340,2026-04-28 11:15,,paper towels,household,1,8.30,8.30
T102335,2026-04-28 12:11,C0530,coffee beans,grocery,1,12.50,12.50
T102335,2026-04-28 12:11,C0530,sugar,grocery,1,3.20,3.20
T102335,2026-04-28 12:11,C0530,peanut butter,grocery,1,5.60,5.60
T102335,2026-04-28 12:11,C0530,pasta,grocery,1,2.30,2.30
T102335,2026-04-28 12:11,C0530,dish soap,household,1,4.70,4.70
T102338,2026-04-28 12:32,C0561,white bread,bakery,1,2.90,2.90
T102338,2026-04-28 12:32,C0561,diapers,baby,1,24.90,24.90
T102338,2026-04-28 12:32,C0561,lettuce,produce,1,2.60,2.60
T102338,2026-04-28 12:32,C0561,coffee beans,grocery,1,12.50,12.50
T102338,2026-04-28 12:32,C0561,frozen pizza,frozen,2,7.20,14.40
T102338,2026-04-28 12:32,C0561,baby formula,baby,1,28.50,28.50
T102338,2026-04-28 12:32,C0561,eggs,dairy,2,4.90,9.80
T102342,2026-04-28 13:39,C0829,sugar,grocery,1,3.20,3.20
T102342,2026-04-28 13:39,C0829,dish soap,household,1,4.70,4.70
T102342,2026-04-28 13:39,C0829,toilet paper,household,1,11.90,11.90
T102333,2026-04-28 13:44,C0624,frozen pizza,frozen,1,7.20,7.20
T102333,2026-04-28 13:44,C0624,tea,grocery,3,6.40,19.20
T102333,2026-04-28 13:44,C0624,granola,grocery,1,6.20,6.20
T102333,2026-04-28 13:44,C0624,yogurt,dairy,1,4.60,4.60
T102333,2026-04-28 13:44,C0624,bananas,produce,2,2.10,4.20
T102333,2026-04-28 13:44,C0624,cucumber,produce,1,1.70,1.70
T102333,2026-04-28 13:44,C0624,lettuce,produce,1,2.60,2.60
T102331,2026-04-28 16:19,,yogurt,dairy,1,4.60,4.60
T102331,2026-04-28 16:19,,tea,grocery,1,6.40,6.40
T102331,2026-04-28 16:19,,bananas,produce,1,2.10,2.10
T102331,2026-04-28 16:19,,diapers,baby,1,24.90,24.90
T102331,2026-04-28 16:19,,berries,produce,1,5.80,5.80
T102331,2026-04-28 16:19,,lettuce,produce,1,2.60,2.60
T102341,2026-04-28 16:48,C0172,coffee beans,grocery,1,12.50,12.50
T102341,2026-04-28 16:48,C0172,trash bags,household,1,9.10,9.10
T102341,2026-04-28 16:48,C0172,milk 2%,dairy,3,3.80,11.40
T102341,2026-04-28 16:48,C0172,croissant,bakery,3,1.80,5.40
T102341,2026-04-28 16:48,C0172,white bread,bakery,1,2.90,2.90
T102328,2026-04-28 18:09,C0598,coffee beans,grocery,1,12.50,12.50
T102328,2026-04-28 18:09,C0598,pasta,grocery,1,2.30,2.30
T102328,2026-04-28 18:09,C0598,laundry detergent,household,3,14.20,42.60
T102328,2026-04-28 18:09,C0598,whole wheat bread,bakery,1,3.40,3.40
T102334,2026-04-28 18:18,C0445,eggs,dairy,1,4.90,4.90
T102334,2026-04-28 18:18,C0445,tortilla chips,snack,1,4.20,4.20
T102334,2026-04-28 18:18,C0445,olive oil,grocery,1,11.20,11.20
T102334,2026-04-28 18:18,C0445,tea,grocery,1,6.40,6.40
T102334,2026-04-28 18:18,C0445,beer,beverage,1,13.50,13.50
T102329,2026-04-28 18:36,C0784,beer,beverage,1,13.50,13.50
T102329,2026-04-28 18:36,C0784,chocolate bar,snack,1,2.70,2.70
T102329,2026-04-28 18:36,C0784,tortilla chips,snack,1,4.20,4.20
T102329,2026-04-28 18:36,C0784,peanuts,snack,1,4.80,4.80
T102339,2026-04-28 18:43,,tomatoes,produce,2,3.90,7.80
T102339,2026-04-28 18:43,,butter,dairy,1,5.20,5.20
T102339,2026-04-28 18:43,,red wine,beverage,1,16.00,16.00
T102339,2026-04-28 18:43,,tortilla chips,snack,2,4.20,8.40
T102339,2026-04-28 18:43,,laundry detergent,household,1,14.20,14.20
T102339,2026-04-28 18:43,,parmesan,dairy,2,8.90,17.80
T102339,2026-04-28 18:43,,tomato sauce,grocery,1,3.60,3.60
T102339,2026-04-28 18:43,,avocado,produce,1,2.20,2.20
T102339,2026-04-28 18:43,,orange juice,beverage,1,4.40,4.40
T102327,2026-04-28 18:56,,coffee beans,grocery,1,12.50,12.50
T102327,2026-04-28 18:56,,milk 2%,dairy,1,3.80,3.80
T102327,2026-04-28 18:56,,sugar,grocery,1,3.20,3.20
T102330,2026-04-28 18:58,C0421,lemon,produce,1,0.90,0.90
T102330,2026-04-28 18:58,C0421,salmon,fish,2,15.90,31.80
T102330,2026-04-28 18:58,C0421,sparkling water,beverage,1,3.10,3.10
T102330,2026-04-28 18:58,C0421,shampoo,care,1,7.40,7.40
T102330,2026-04-28 18:58,C0421,tea,grocery,3,6.40,19.20
T102330,2026-04-28 18:58,C0421,tomatoes,produce,1,3.90,3.90
T102336,2026-04-28 19:10,,olive oil,grocery,1,11.20,11.20
T102336,2026-04-28 19:10,,red wine,beverage,1,16.00,16.00
T102336,2026-04-28 19:10,,parmesan,dairy,1,8.90,8.90
T102336,2026-04-28 19:10,,strawberry jam,grocery,3,4.10,12.30
T102336,2026-04-28 19:10,,pasta,grocery,1,2.30,2.30
T102332,2026-04-28 19:13,C0697,shampoo,care,3,7.40,22.20
T102332,2026-04-28 19:13,C0697,dish soap,household,1,4.70,4.70
T102332,2026-04-28 19:13,C0697,toothpaste,care,2,4.50,9.00
T102332,2026-04-28 19:13,C0697,strawberry jam,grocery,1,4.10,4.10
T102337,2026-04-28 20:04,C0764,chocolate bar,snack,1,2.70,2.70
T102337,2026-04-28 20:04,C0764,baby formula,baby,1,28.50,28.50
T102337,2026-04-28 20:04,C0764,parmesan,dairy,1,8.90,8.90
T102337,2026-04-28 20:04,C0764,diapers,baby,2,24.90,49.80
T102337,2026-04-28 20:04,C0764,baby wipes,baby,1,6.70,6.70
T102346,2026-04-29 09:26,C0645,milk 2%,dairy,1,3.80,3.80
T102346,2026-04-29 09:26,C0645,peanuts,snack,1,4.80,4.80
T102346,2026-04-29 09:26,C0645,bananas,produce,1,2.10,2.10
T102346,2026-04-29 09:26,C0645,strawberry jam,grocery,1,4.10,4.10
T102346,2026-04-29 09:26,C0645,beer,beverage,1,13.50,13.50
T102346,2026-04-29 09:26,C0645,eggs,dairy,2,4.90,9.80
T102346,2026-04-29 09:26,C0645,chocolate bar,snack,1,2.70,2.70
T102346,2026-04-29 09:26,C0645,coffee beans,grocery,1,12.50,12.50
T102346,2026-04-29 09:26,C0645,white bread,bakery,1,2.90,2.90
T102346,2026-04-29 09:26,C0645,butter,dairy,1,5.20,5.20
T102346,2026-04-29 09:26,C0645,laundry detergent,household,1,14.20,14.20
T102348,2026-04-29 11:40,C0115,conditioner,care,1,7.40,7.40
T102348,2026-04-29 11:40,C0115,shampoo,care,1,7.40,7.40
T102348,2026-04-29 11:40,C0115,diapers,baby,1,24.90,24.90
T102352,2026-04-29 11:56,C0103,yogurt,dairy,1,4.60,4.60
T102352,2026-04-29 11:56,C0103,milk 2%,dairy,1,3.80,3.80
T102352,2026-04-29 11:56,C0103,chicken breast,meat,1,12.80,12.80
T102352,2026-04-29 11:56,C0103,granola,grocery,1,6.20,6.20
T102352,2026-04-29 11:56,C0103,lettuce,produce,2,2.60,5.20
T102352,2026-04-29 11:56,C0103,peanuts,snack,1,4.80,4.80
T102356,2026-04-29 12:04,C0576,diapers,baby,1,24.90,24.90
T102356,2026-04-29 12:04,C0576,toothpaste,care,3,4.50,13.50
T102356,2026-04-29 12:04,C0576,olive oil,grocery,1,11.20,11.20
T102356,2026-04-29 12:04,C0576,baby wipes,baby,1,6.70,6.70
T102356,2026-04-29 12:04,C0576,red wine,beverage,1,16.00,16.00
T102356,2026-04-29 12:04,C0576,bananas,produce,1,2.10,2.10
T102347,2026-04-29 12:26,C0094,red wine,beverage,1,16.00,16.00
T102347,2026-04-29 12:26,C0094,ground beef,meat,1,9.40,9.40
T102347,2026-04-29 12:26,C0094,croissant,bakery,1,1.80,1.80
T102347,2026-04-29 12:26,C0094,tomato sauce,grocery,1,3.60,3.60
T102347,2026-04-29 12:26,C0094,parmesan,dairy,1,8.90,8.90
T102347,2026-04-29 12:26,C0094,olive oil,grocery,3,11.20,33.60
T102347,2026-04-29 12:26,C0094,pasta,grocery,1,2.30,2.30
T102350,2026-04-29 12:44,C0718,chocolate bar,snack,1,2.70,2.70
T102350,2026-04-29 12:44,C0718,eggs,dairy,3,4.90,14.70
T102350,2026-04-29 12:44,C0718,chicken breast,meat,1,12.80,12.80
T102351,2026-04-29 13:20,,beer,beverage,1,13.50,13.50
T102351,2026-04-29 13:20,,pasta,grocery,1,2.30,2.30
T102351,2026-04-29 13:20,,olive oil,grocery,1,11.20,11.20
T102351,2026-04-29 13:20,,tomato sauce,grocery,1,3.60,3.60
T102351,2026-04-29 13:20,,diapers,baby,1,24.90,24.90
T102355,2026-04-29 13:50,C0423,salmon,fish,1,15.90,15.90
T102355,2026-04-29 13:50,C0423,olive oil,grocery,1,11.20,11.20
T102355,2026-04-29 13:50,C0423,dish soap,household,1,4.70,4.70
T102355,2026-04-29 13:50,C0423,yogurt,dairy,1,4.60,4.60
T102355,2026-04-29 13:50,C0423,pasta,grocery,1,2.30,2.30
T102349,2026-04-29 16:02,C0171,tomatoes,produce,1,3.90,3.90
T102349,2026-04-29 16:02,C0171,beer,beverage,3,13.50,40.50
T102349,2026-04-29 16:02,C0171,shampoo,care,1,7.40,7.40
T102349,2026-04-29 16:02,C0171,tortilla chips,snack,1,4.20,4.20
T102349,2026-04-29 16:02,C0171,chocolate bar,snack,1,2.70,2.70
T102349,2026-04-29 16:02,C0171,salsa,grocery,2,3.90,7.80
T102353,2026-04-29 18:13,,toilet paper,household,1,11.90,11.90
T102353,2026-04-29 18:13,,salmon,fish,1,15.90,15.90
T102353,2026-04-29 18:13,,paper towels,household,1,8.30,8.30
T102353,2026-04-29 18:13,,avocado,produce,1,2.20,2.20
T102344,2026-04-29 19:23,,baby formula,baby,1,28.50,28.50
T102344,2026-04-29 19:23,,croissant,bakery,1,1.80,1.80
T102344,2026-04-29 19:23,,diapers,baby,1,24.90,24.90
T102344,2026-04-29 19:23,,laundry detergent,household,1,14.20,14.20
T102344,2026-04-29 19:23,,baby wipes,baby,1,6.70,6.70
T102344,2026-04-29 19:23,,ice cream,frozen,1,6.50,6.50
T102343,2026-04-29 19:39,C0764,croissant,bakery,1,1.80,1.80
T102343,2026-04-29 19:39,C0764,conditioner,care,1,7.40,7.40
T102343,2026-04-29 19:39,C0764,bacon,meat,1,7.80,7.80
T102345,2026-04-29 19:59,C0036,parmesan,dairy,2,8.90,17.80
T102345,2026-04-29 19:59,C0036,dish soap,household,1,4.70,4.70
T102345,2026-04-29 19:59,C0036,lettuce,produce,1,2.60,2.60
T102345,2026-04-29 19:59,C0036,bananas,produce,1,2.10,2.10
T102345,2026-04-29 19:59,C0036,pasta,grocery,1,2.30,2.30
T102345,2026-04-29 19:59,C0036,granola,grocery,1,6.20,6.20
T102354,2026-04-29 20:39,,pasta,grocery,2,2.30,4.60
T102354,2026-04-29 20:39,,tomato sauce,grocery,1,3.60,3.60
T102354,2026-04-29 20:39,,olive oil,grocery,3,11.20,33.60
T102354,2026-04-29 20:39,,salmon,fish,1,15.90,15.90
T102354,2026-04-29 20:39,,chicken breast,meat,1,12.80,12.80
T102354,2026-04-29 20:39,,tea,grocery,1,6.40,6.40
T102354,2026-04-29 20:39,,ground beef,meat,2,9.40,18.80
T102354,2026-04-29 20:39,,orange juice,beverage,1,4.40,4.40
T102367,2026-04-30 08:21,C0530,croissant,bakery,1,1.80,1.80
T102367,2026-04-30 08:21,C0530,frozen pizza,frozen,1,7.20,7.20
T102367,2026-04-30 08:21,C0530,lemon,produce,1,0.90,0.90
T102370,2026-04-30 09:05,C0096,sugar,grocery,1,3.20,3.20
T102370,2026-04-30 09:05,C0096,red wine,beverage,1,16.00,16.00
T102370,2026-04-30 09:05,C0096,tea,grocery,1,6.40,6.40
T102370,2026-04-30 09:05,C0096,coffee beans,grocery,1,12.50,12.50
T102370,2026-04-30 09:05,C0096,conditioner,care,1,7.40,7.40
T102365,2026-04-30 09:13,C0466,red wine,beverage,1,16.00,16.00
T102365,2026-04-30 09:13,C0466,olive oil,grocery,2,11.20,22.40
T102365,2026-04-30 09:13,C0466,pasta,grocery,1,2.30,2.30
T102365,2026-04-30 09:13,C0466,tomato sauce,grocery,1,3.60,3.60
T102365,2026-04-30 09:13,C0466,apples,produce,1,4.30,4.30
T102357,2026-04-30 09:17,,trash bags,household,1,9.10,9.10
T102357,2026-04-30 09:17,,  coffee beans ,grocery,1,12.50,12.50
T102357,2026-04-30 09:17,,sparkling water,beverage,3,3.10,9.30
T102357,2026-04-30 09:17,,croissant,bakery,1,1.80,1.80
T102357,2026-04-30 09:17,,toothpaste,care,1,4.50,4.50
T102357,2026-04-30 09:17,,milk 2%,dairy,3,3.80,11.40
T102357,2026-04-30 09:17,,frozen pizza,frozen,1,7.20,7.20
T102357,2026-04-30 09:17,,sugar,grocery,1,3.20,3.20
T102357,2026-04-30 09:17,,shampoo,care,1,7.40,7.40
T102357,2026-04-30 09:17,,granola,grocery,1,6.20,6.20
T102369,2026-04-30 10:00,,pasta,grocery,1,2.30,2.30
T102369,2026-04-30 10:00,,parmesan,dairy,2,8.90,17.80
T102369,2026-04-30 10:00,,avocado,produce,1,2.20,2.20
T102369,2026-04-30 10:00,,tomato sauce,grocery,2,3.60,7.20
T102369,2026-04-30 10:00,,trash bags,household,1,9.10,9.10
T102369,2026-04-30 10:00,,olive oil,grocery,1,11.20,11.20
T102363,2026-04-30 11:40,,shampoo,care,1,7.40,7.40
T102363,2026-04-30 11:40,,lettuce,produce,1,2.60,2.60
T102363,2026-04-30 11:40,,orange juice,beverage,3,4.40,13.20
T102363,2026-04-30 11:40,,sugar,grocery,1,3.20,3.20
T102363,2026-04-30 11:40,,strawberry jam,grocery,1,4.10,4.10
T102363,2026-04-30 11:40,,tortilla chips,snack,1,4.20,4.20
T102363,2026-04-30 11:40,,toothpaste,care,1,4.50,4.50
T102363,2026-04-30 11:40,,conditioner,care,3,7.40,22.20
T102360,2026-04-30 11:45,,olive oil,grocery,1,11.20,11.20
T102360,2026-04-30 11:45,,eggs,dairy,1,4.90,4.90
T102360,2026-04-30 11:45,,diapers,baby,1,24.90,24.90
T102360,2026-04-30 11:45,,parmesan,dairy,1,8.90,8.90
T102366,2026-04-30 11:46,C0441,butter,dairy,2,5.20,10.40
T102366,2026-04-30 11:46,C0441,parmesan,dairy,1,8.90,8.90
T102366,2026-04-30 11:46,C0441,sugar,grocery,1,3.20,3.20
T102366,2026-04-30 11:46,C0441,bananas,produce,1,2.10,2.10
T102366,2026-04-30 11:46,C0441,diapers,baby,1,24.90,24.90
T102364,2026-04-30 11:58,C0086,chocolate bar,snack,2,2.70,5.40
T102364,2026-04-30 11:58,C0086,beer,beverage,2,13.50,27.00
T102364,2026-04-30 11:58,C0086,peanuts,snack,1,4.80,4.80
T102364,2026-04-30 11:58,C0086,salsa,grocery,1,3.90,3.90
T102373,2026-04-30 13:10,C0242,yogurt,dairy,1,4.60,4.60
T102373,2026-04-30 13:10,C0242,chocolate bar,snack,1,2.70,2.70
T102373,2026-04-30 13:10,C0242,milk 2%,dairy,2,3.80,7.60
T102373,2026-04-30 13:10,C0242,lettuce,produce,1,2.60,2.60
T102373,2026-04-30 13:10,C0242,paper towels,household,1,8.30,8.30
T102362,2026-04-30 16:20,,white bread,bakery,2,2.90,5.80
T102362,2026-04-30 16:20,,strawberry jam,grocery,1,4.10,4.10
T102362,2026-04-30 16:20,,eggs,dairy,1,4.90,4.90
T102362,2026-04-30 16:20,,butter,dairy,1,5.20,5.20
T102374,2026-04-30 16:48,C0013,sugar,grocery,1,3.20,3.20
T102374,2026-04-30 16:48,C0013,trash bags,household,1,9.10,9.10
T102374,2026-04-30 16:48,C0013,frozen pizza,frozen,1,7.20,7.20
T102374,2026-04-30 16:48,C0013,shampoo,care,1,7.40,7.40
T102374,2026-04-30 16:48,C0013,conditioner,care,1,7.40,7.40
T102374,2026-04-30 16:48,C0013,baby wipes,baby,1,6.70,6.70
T102372,2026-04-30 17:15,C0329,white bread,bakery,1,2.90,2.90
T102372,2026-04-30 17:15,C0329,milk 2%,dairy,1,3.80,3.80
T102372,2026-04-30 17:15,C0329,whole wheat bread,bakery,3,3.40,10.20
T102372,2026-04-30 17:15,C0329,coffee beans,grocery,2,12.50,25.00
T102372,2026-04-30 17:15,C0329,baby formula,baby,1,28.50,28.50
T102372,2026-04-30 17:15,C0329,eggs,dairy,1,4.90,4.90
T102372,2026-04-30 17:15,C0329,parmesan,dairy,3,8.90,26.70
T102368,2026-04-30 17:19,,paper towels,household,1,8.30,8.30
T102368,2026-04-30 17:19,,trash bags,household,1,9.10,9.10
T102368,2026-04-30 17:19,,dish soap,household,1,4.70,4.70
T102368,2026-04-30 17:19,,laundry detergent,household,1,14.20,14.20
T102368,2026-04-30 17:19,,bananas,produce,1,2.10,2.10
T102368,2026-04-30 17:19,,toilet paper,household,1,11.90,11.90
T102368,2026-04-30 17:19,,beer,beverage,1,13.50,13.50
T102368,2026-04-30 17:19,,shampoo,care,1,7.40,7.40
T102361,2026-04-30 17:39,,ground beef,meat,1,9.40,9.40
T102361,2026-04-30 17:39,,salmon,fish,1,15.90,15.90
T102361,2026-04-30 17:39,,coffee beans,grocery,1,12.50,12.50
T102361,2026-04-30 17:39,,frozen pizza,frozen,1,7.20,7.20
T102375,2026-04-30 17:39,C0760,dish soap,household,1,4.70,4.70
T102375,2026-04-30 17:39,C0760,frozen pizza,frozen,2,7.20,14.40
T102375,2026-04-30 17:39,C0760,lemon,produce,1,0.90,0.90
T102375,2026-04-30 17:39,C0760,toothpaste,care,1,4.50,4.50
T102375,2026-04-30 17:39,C0760,trash bags,household,3,9.10,27.30
T102371,2026-04-30 18:15,C0428,tea,grocery,3,6.40,19.20
T102371,2026-04-30 18:15,C0428,milk 2%,dairy,1,3.80,3.80
T102371,2026-04-30 18:15,C0428,salsa,grocery,1,3.90,3.90
T102371,2026-04-30 18:15,C0428,coffee beans,grocery,1,12.50,12.50
T102371,2026-04-30 18:15,C0428,croissant,bakery,1,1.80,1.80
T102359,2026-04-30 18:37,C0085,sugar,grocery,1,3.20,3.20
T102359,2026-04-30 18:37,C0085,coffee beans,grocery,1,12.50,12.50
T102359,2026-04-30 18:37,C0085,tortilla chips,snack,1,4.20,4.20
T102359,2026-04-30 18:37,C0085,croissant,bakery,1,1.80,1.80
T102359,2026-04-30 18:37,C0085,milk 2%,dairy,3,3.80,11.40
T102358,2026-04-30 19:32,C0029,shampoo,care,1,7.40,7.40
T102358,2026-04-30 19:32,C0029,conditioner,care,3,7.40,22.20
T102358,2026-04-30 19:32,C0029,toothpaste,care,1,4.50,4.50
T102358,2026-04-30 19:32,C0029,tomato sauce,grocery,1,3.60,3.60
T102358,2026-04-30 19:32,C0029,baby formula,baby,1,28.50,28.50
T102358,2026-04-30 19:32,C0029,ice cream,frozen,1,6.50,6.50
T102377,2026-05-01 08:02,,paper towels,household,1,8.30,8.30
T102377,2026-05-01 08:02,,bacon,meat,1,7.80,7.80
T102377,2026-05-01 08:02,,avocado,produce,1,2.20,2.20
T102377,2026-05-01 08:02,,pasta,grocery,3,2.30,6.90
T102377,2026-05-01 08:02,,laundry detergent,household,1,14.20,14.20
T102394,2026-05-01 09:33,C0256,lettuce,produce,1,2.60,2.60
T102394,2026-05-01 09:33,C0256,orange juice,beverage,1,4.40,4.40
T102394,2026-05-01 09:33,C0256,baby formula,baby,1,28.50,28.50
T102394,2026-05-01 09:33,C0256,granola,grocery,1,6.20,6.20
T102394,2026-05-01 09:33,C0256,bananas,produce,1,2.10,2.10
T102387,2026-05-01 10:22,C0346,tortilla chips,snack,1,4.20,4.20
T102387,2026-05-01 10:22,C0346,peanuts,snack,1,4.80,4.80
T102387,2026-05-01 10:22,C0346,salsa,grocery,1,3.90,3.90
T102387,2026-05-01 10:22,C0346,chicken breast,meat,1,12.80,12.80
T102387,2026-05-01 10:22,C0346,beer,beverage,1,13.50,13.50
T102387,2026-05-01 10:22,C0346,eggs,dairy,1,4.90,4.90
T102387,2026-05-01 10:22,C0346,shampoo,care,1,7.40,7.40
T102381,2026-05-01 10:30,,sugar,grocery,3,3.20,9.60
T102381,2026-05-01 10:30,,croissant,bakery,1,1.80,1.80
T102381,2026-05-01 10:30,,tomatoes,produce,1,3.90,3.90
T102381,2026-05-01 10:30,,salmon,fish,2,15.90,31.80
T102381,2026-05-01 10:30,,apples,produce,3,4.30,12.90
T102381,2026-05-01 10:30,,butter,dairy,1,5.20,5.20
T102381,2026-05-01 10:30,,red wine,beverage,1,16.00,16.00
T102381,2026-05-01 10:30,,coffee beans,grocery,1,12.50,12.50
T102392,2026-05-01 10:59,,baby wipes,baby,1,6.70,6.70
T102392,2026-05-01 10:59,,croissant,bakery,1,1.80,1.80
T102392,2026-05-01 10:59,,ground beef,meat,1,9.40,9.40
T102392,2026-05-01 10:59,,diapers,baby,1,24.90,24.90
T102392,2026-05-01 10:59,,baby formula,baby,1,28.50,28.50
T102392,2026-05-01 10:59,,olive oil,grocery,1,11.20,11.20
T102392,2026-05-01 10:59,,laundry detergent,household,1,14.20,14.20
T102391,2026-05-01 11:30,,butter,dairy,1,5.20,5.20
T102391,2026-05-01 11:30,,peanuts,snack,1,4.80,4.80
T102391,2026-05-01 11:30,,bananas,produce,1,2.10,2.10
T102391,2026-05-01 11:30,,avocado,produce,3,2.20,6.60
T102391,2026-05-01 11:30,,sparkling water,beverage,1,3.10,3.10
T102391,2026-05-01 11:30,,tea,grocery,1,6.40,6.40
T102391,2026-05-01 11:30,,berries,produce,1,5.80,5.80
T102391,2026-05-01 11:30,,lettuce,produce,1,2.60,2.60
T102390,2026-05-01 12:11,C0774,baby formula,baby,3,28.50,85.50
T102390,2026-05-01 12:11,C0774,diapers,baby,1,24.90,24.90
T102390,2026-05-01 12:11,C0774,beer,beverage,1,13.50,13.50
T102378,2026-05-01 12:30,C0071,toilet paper,household,1,11.90,11.90
T102378,2026-05-01 12:30,C0071,tomato sauce,grocery,1,3.60,3.60
T102378,2026-05-01 12:30,C0071,ice cream,frozen,1,6.50,6.50
T102378,2026-05-01 12:30,C0071,pasta,grocery,1,2.30,2.30
T102389,2026-05-01 16:08,C0257,apples,produce,1,4.30,4.30
T102389,2026-05-01 16:08,C0257,parmesan,dairy,1,8.90,8.90
T102389,2026-05-01 16:08,C0257,tomato sauce,grocery,1,3.60,3.60
T102389,2026-05-01 16:08,C0257,pasta,grocery,1,2.30,2.30
T102380,2026-05-01 16:35,C0439,sugar,grocery,1,3.20,3.20
T102380,2026-05-01 16:35,C0439,butter,dairy,1,5.20,5.20
T102380,2026-05-01 16:35,C0439,tomato sauce,grocery,1,3.60,3.60
T102380,2026-05-01 16:35,C0439,dish soap,household,1,4.70,4.70
T102380,2026-05-01 16:35,C0439,white bread,bakery,1,2.90,2.90
T102380,2026-05-01 16:35,C0439,eggs,dairy,1,4.90,4.90
T102388,2026-05-01 16:45,C0794,ice cream,frozen,1,6.50,6.50
T102388,2026-05-01 16:45,C0794,beer,beverage,1,13.50,13.50
T102388,2026-05-01 16:45,C0794,sparkling water,beverage,1,3.10,3.10
T102388,2026-05-01 16:45,C0794,peanuts,snack,1,4.80,4.80
T102388,2026-05-01 16:45,C0794,salsa,grocery,1,3.90,3.90
T102388,2026-05-01 16:45,C0794,tortilla chips,snack,1,4.20,4.20
T102384,2026-05-01 16:49,C0747,berries,produce,3,5.80,17.40
T102384,2026-05-01 16:49,C0747,pasta,grocery,1,2.30,2.30
T102384,2026-05-01 16:49,C0747,peanut butter,grocery,1,5.60,5.60
T102384,2026-05-01 16:49,C0747,yogurt,dairy,1,4.60,4.60
T102384,2026-05-01 16:49,C0747,tomato sauce,grocery,3,3.60,10.80
T102376,2026-05-01 17:04,C0104,milk 2%,dairy,1,3.80,3.80
T102376,2026-05-01 17:04,C0104,strawberry jam,grocery,1,4.10,4.10
T102376,2026-05-01 17:04,C0104,lettuce,produce,1,2.60,2.60
T102376,2026-05-01 17:04,C0104,butter,dairy,3,5.20,15.60
T102376,2026-05-01 17:04,C0104,white bread,bakery,2,2.90,5.80
T102376,2026-05-01 17:04,C0104,eggs,dairy,1,4.90,4.90
T102386,2026-05-01 18:00,,pasta,grocery,1,2.30,2.30
T102386,2026-05-01 18:00,,tomato sauce,grocery,1,3.60,3.60
T102386,2026-05-01 18:00,,olive oil,grocery,1,11.20,11.20
T102386,2026-05-01 18:00,,parmesan,dairy,1,8.90,8.90
T102386,2026-05-01 18:00,,ground beef,meat,1,9.40,9.40
T102386,2026-05-01 18:00,,lemon,produce,1,0.90,0.90
T102393,2026-05-01 18:51,,coffee beans,grocery,1,12.50,12.50
T102393,2026-05-01 18:51,,diapers,baby,3,24.90,74.70
T102393,2026-05-01 18:51,,paper towels,household,1,8.30,8.30
T102393,2026-05-01 18:51,,ground beef,meat,3,9.40,28.20
T102393,2026-05-01 18:51,,avocado,produce,1,2.20,2.20
T102393,2026-05-01 18:51,,red wine,beverage,1,16.00,16.00
T102393,2026-05-01 18:51,,white bread,bakery,1,2.90,2.90
T102379,2026-05-01 19:17,C0013,beer,beverage,1,13.50,13.50
T102379,2026-05-01 19:17,C0013,tortilla chips,snack,1,4.20,4.20
T102379,2026-05-01 19:17,C0013,frozen pizza,frozen,1,7.20,7.20
T102379,2026-05-01 19:17,C0013,lettuce,produce,1,2.60,2.60
T102379,2026-05-01 19:17,C0013,bacon,meat,1,7.80,7.80
T102379,2026-05-01 19:17,C0013,salsa,grocery,1,3.90,3.90
T102379,2026-05-01 19:17,C0013,baby formula,baby,2,28.50,57.00
T102382,2026-05-01 19:32,C0551,berries,produce,1,5.80,5.80
T102382,2026-05-01 19:32,C0551,granola,grocery,1,6.20,6.20
T102382,2026-05-01 19:32,C0551,yogurt,dairy,1,4.60,4.60
T102382,2026-05-01 19:32,C0551,conditioner,care,3,7.40,22.20
T102382,2026-05-01 19:32,C0551,avocado,produce,1,2.20,2.20
T102382,2026-05-01 19:32,C0551,eggs,dairy,1,4.90,4.90
T102382,2026-05-01 19:32,C0551,toilet paper,household,2,11.90,23.80
T102383,2026-05-01 20:05,,pasta,grocery,1,2.30,2.30
T102383,2026-05-01 20:05,,tomato sauce,grocery,1,3.60,3.60
T102383,2026-05-01 20:05,,parmesan,dairy,2,8.90,17.80
T102383,2026-05-01 20:05,,tortilla chips,snack,1,4.20,4.20
T102383,2026-05-01 20:05,,ground beef,meat,1,9.40,9.40
T102385,2026-05-01 20:50,,milk 2%,dairy,1,3.80,3.80
T102385,2026-05-01 20:50,,tomato sauce,grocery,1,3.60,3.60
T102385,2026-05-01 20:50,,paper towels,household,1,8.30,8.30
T102385,2026-05-01 20:50,,sugar,grocery,1,3.20,3.20
T102385,2026-05-01 20:50,,coffee beans,grocery,1,12.50,12.50
T102397,2026-05-02 09:46,C0314,avocado,produce,1,2.20,2.20
T102397,2026-05-02 09:46,C0314,whole wheat bread,bakery,1,3.40,3.40
T102397,2026-05-02 09:46,C0314,berries,produce,3,5.80,17.40
T102397,2026-05-02 09:46,C0314,bananas,produce,1,2.10,2.10
T102397,2026-05-02 09:46,C0314,dish soap,household,1,4.70,4.70
T102397,2026-05-02 09:46,C0314,yogurt,dairy,2,4.60,9.20
T102397,2026-05-02 09:46,C0314,granola,grocery,1,6.20,6.20
T102410,2026-05-02 10:19,C0721,sugar,grocery,1,3.20,3.20
T102410,2026-05-02 10:19,C0721,berries,produce,1,5.80,5.80
T102410,2026-05-02 10:19,C0721,laundry detergent,household,1,14.20,14.20
T102410,2026-05-02 10:19,C0721,avocado,produce,1,2.20,2.20
T102410,2026-05-02 10:19,C0721,granola,grocery,3,6.20,18.60
T102410,2026-05-02 10:19,C0721,orange juice,beverage,1,4.40,4.40
T102410,2026-05-02 10:19,C0721,yogurt,dairy,1,4.60,4.60
T102414,2026-05-02 11:14,,baby formula,baby,1,28.50,28.50
T102414,2026-05-02 11:14,,granola,grocery,1,6.20,6.20
T102414,2026-05-02 11:14,,peanut butter,grocery,1,5.60,5.60
T102414,2026-05-02 11:14,,berries,produce,1,5.80,5.80
T102414,2026-05-02 11:14,,toilet paper,household,1,11.90,11.90
T102414,2026-05-02 11:14,,salmon,fish,1,15.90,15.90
T102414,2026-05-02 11:14,,bananas,produce,3,2.10,6.30
T102414,2026-05-02 11:14,,yogurt,dairy,1,4.60,4.60
T102414,2026-05-02 11:14,,eggs,dairy,1,4.90,4.90
T102406,2026-05-02 11:55,C0884,butter,dairy,1,5.20,5.20
T102406,2026-05-02 11:55,C0884,tea,grocery,1,6.40,6.40
T102406,2026-05-02 11:55,C0884,tomato sauce,grocery,1,3.60,3.60
T102406,2026-05-02 11:55,C0884,red wine,beverage,2,16.00,32.00
T102406,2026-05-02 11:55,C0884,chicken breast,meat,1,12.80,12.80
T102411,2026-05-02 12:17,C0131,eggs,dairy,1,4.90,4.90
T102411,2026-05-02 12:17,C0131,butter,dairy,1,5.20,5.20
T102411,2026-05-02 12:17,C0131,tea,grocery,1,6.40,6.40
T102411,2026-05-02 12:17,C0131,orange juice,beverage,1,4.40,4.40
T102411,2026-05-02 12:17,C0131,paper towels,household,1,8.30,8.30
T102411,2026-05-02 12:17,C0131,tomato sauce,grocery,1,3.60,3.60
T102411,2026-05-02 12:17,C0131,tortilla chips,snack,1,4.20,4.20
T102396,2026-05-02 13:05,C0053,toilet paper,household,1,11.90,11.90
T102396,2026-05-02 13:05,C0053,white bread,bakery,1,2.90,2.90
T102396,2026-05-02 13:05,C0053,olive oil,grocery,1,11.20,11.20
T102396,2026-05-02 13:05,C0053,coffee beans,grocery,1,12.50,12.50
T102396,2026-05-02 13:05,C0053,bananas,produce,1,2.10,2.10
T102396,2026-05-02 13:05,C0053,strawberry jam,grocery,1,4.10,4.10
T102396,2026-05-02 13:05,C0053,milk 2%,dairy,1,3.80,3.80
T102396,2026-05-02 13:05,C0053,eggs,dairy,1,4.90,4.90
T102396,2026-05-02 13:05,C0053,butter,dairy,1,5.20,5.20
T102396,2026-05-02 13:05,C0053,dish soap,household,1,4.70,4.70
T102404,2026-05-02 13:42,C0711,tomato sauce,grocery,2,3.60,7.20
T102404,2026-05-02 13:42,C0711,pasta,grocery,1,2.30,2.30
T102398,2026-05-02 13:48,C0105,yogurt,dairy,1,4.60,4.60
T102398,2026-05-02 13:48,C0105,granola,grocery,1,6.20,6.20
T102398,2026-05-02 13:48,C0105,sugar,grocery,1,3.20,3.20
T102398,2026-05-02 13:48,C0105,shampoo,care,1,7.40,7.40
T102409,2026-05-02 13:48,C0369,eggs,dairy,1,4.90,4.90
T102409,2026-05-02 13:48,C0369,white bread,bakery,2,2.90,5.80
T102409,2026-05-02 13:48,C0369,berries,produce,1,5.80,5.80
T102409,2026-05-02 13:48,C0369,baby formula,baby,1,28.50,28.50
T102405,2026-05-02 16:01,,sparkling water,beverage,1,3.10,3.10
T102405,2026-05-02 16:01,,ice cream,frozen,1,6.50,6.50
T102405,2026-05-02 16:01,,bacon,meat,3,7.80,23.40
T102405,2026-05-02 16:01,,chicken breast,meat,1,12.80,12.80
T102405,2026-05-02 16:01,,peanut butter,grocery,1,5.60,5.60
T102405,2026-05-02 16:01,,baby formula,baby,1,28.50,28.50
T102405,2026-05-02 16:01,,tomatoes,produce,1,3.90,3.90
T102405,2026-05-02 16:01,,parmesan,dairy,1,8.90,8.90
T102402,2026-05-02 16:16,C0512,strawberry jam,grocery,1,4.10,4.10
T102402,2026-05-02 16:16,C0512,chicken breast,meat,1,12.80,12.80
T102402,2026-05-02 16:16,C0512,eggs,dairy,1,4.90,4.90
T102402,2026-05-02 16:16,C0512,white bread,bakery,1,2.90,2.90
T102402,2026-05-02 16:16,C0512,berries,produce,1,5.80,5.80
T102402,2026-05-02 16:16,C0512,milk 2%,dairy,1,3.80,3.80
T102402,2026-05-02 16:16,C0512,apples,produce,1,4.30,4.30
T102402,2026-05-02 16:16,C0512,pasta,grocery,1,2.30,2.30
T102402,2026-05-02 16:16,C0512,butter,dairy,3,5.20,15.60
T102402,2026-05-02 16:16,C0512,toilet paper,household,1,11.90,11.90
T102402,2026-05-02 16:16,C0512,sugar,grocery,1,3.20,3.20
T102399,2026-05-02 16:21,C0172,parmesan,dairy,1,8.90,8.90
T102399,2026-05-02 16:21,C0172,coffee beans,grocery,1,12.50,12.50
T102399,2026-05-02 16:21,C0172,whole wheat bread,bakery,1,3.40,3.40
T102399,2026-05-02 16:21,C0172,white bread,bakery,2,2.90,5.80
T102412,2026-05-02 17:52,,pasta,grocery,1,2.30,2.30
T102412,2026-05-02 17:52,,apples,produce,2,4.30,8.60
T102401,2026-05-02 18:54,C0508,strawberry jam,grocery,3,4.10,12.30
T102401,2026-05-02 18:54,C0508,beer,beverage,1,13.50,13.50
T102401,2026-05-02 18:54,C0508,ground beef,meat,1,9.40,9.40
T102401,2026-05-02 18:54,C0508,white bread,bakery,2,2.90,5.80
T102401,2026-05-02 18:54,C0508,butter,dairy,1,5.20,5.20
T102401,2026-05-02 18:54,C0508,coffee beans,grocery,1,12.50,12.50
T102415,2026-05-02 18:54,,baby formula,baby,1,28.50,28.50
T102415,2026-05-02 18:54,,granola,grocery,1,6.20,6.20
T102415,2026-05-02 18:54,,berries,produce,1,5.80,5.80
T102415,2026-05-02 18:54,,bacon,meat,1,7.80,7.80
T102415,2026-05-02 18:54,,parmesan,dairy,1,8.90,8.90
T102415,2026-05-02 18:54,,lettuce,produce,1,2.60,2.60
T102415,2026-05-02 18:54,,avocado,produce,1,2.20,2.20
T102415,2026-05-02 18:54,,yogurt,dairy,1,4.60,4.60
T102415,2026-05-02 18:54,,red wine,beverage,1,16.00,16.00
T102408,2026-05-02 18:58,C0267,white bread,bakery,1,2.90,2.90
T102408,2026-05-02 18:58,C0267,strawberry jam,grocery,1,4.10,4.10
T102408,2026-05-02 18:58,C0267,butter,dairy,2,5.20,10.40
T102408,2026-05-02 18:58,C0267,toothpaste,care,1,4.50,4.50
T102403,2026-05-02 19:03,,toilet paper,household,1,11.90,11.90
T102403,2026-05-02 19:03,,berries,produce,3,5.80,17.40
T102403,2026-05-02 19:03,,orange juice,beverage,2,4.40,8.80
T102403,2026-05-02 19:03,,peanuts,snack,1,4.80,4.80
T102413,2026-05-02 19:38,C0378,parmesan,dairy,2,8.90,17.80
T102413,2026-05-02 19:38,C0378,bananas,produce,1,2.10,2.10
T102413,2026-05-02 19:38,C0378,salmon,fish,1,15.90,15.90
T102413,2026-05-02 19:38,C0378,tomato sauce,grocery,1,3.60,3.60
T102413,2026-05-02 19:38,C0378,berries,produce,1,5.80,5.80
T102413,2026-05-02 19:38,C0378,granola,grocery,1,6.20,6.20
T102395,2026-05-02 20:06,,bananas,produce,3,2.10,6.30
T102395,2026-05-02 20:06,,pasta,grocery,3,2.30,6.90
T102395,2026-05-02 20:06,,tomato sauce,grocery,1,3.60,3.60
T102395,2026-05-02 20:06,,parmesan,dairy,1,8.90,8.90
T102395,2026-05-02 20:06,,lettuce,produce,1,2.60,2.60
T102400,2026-05-02 20:29,C0021,lemon,produce,1,0.90,0.90
T102400,2026-05-02 20:29,C0021,milk 2%,dairy,3,3.80,11.40
T102407,2026-05-02 20:36,,dish soap,household,1,4.70,4.70
T102407,2026-05-02 20:36,,milk 2%,dairy,1,3.80,3.80
T102407,2026-05-02 20:36,,peanuts,snack,1,4.80,4.80
T102407,2026-05-02 20:36,,coffee beans,grocery,1,12.50,12.50
T102425,2026-05-03 09:16,C0632,cucumber,produce,1,1.70,1.70
T102425,2026-05-03 09:16,C0632,milk 2%,dairy,1,3.80,3.80
T102425,2026-05-03 09:16,C0632,conditioner,care,3,7.40,22.20
T102425,2026-05-03 09:16,C0632,coffee beans,grocery,1,12.50,12.50
T102433,2026-05-03 09:28,C0543,shampoo,care,1,7.40,7.40
T102433,2026-05-03 09:28,C0543,paper towels,household,1,8.30,8.30
T102416,2026-05-03 10:23,C0870,ground beef,meat,1,9.40,9.40
T102416,2026-05-03 10:23,C0870,pasta,grocery,1,2.30,2.30
T102416,2026-05-03 10:23,C0870,peanut butter,grocery,1,5.60,5.60
T102416,2026-05-03 10:23,C0870,berries,produce,1,5.80,5.80
T102416,2026-05-03 10:23,C0870,tomato sauce,grocery,1,3.60,3.60
T102426,2026-05-03 10:57,C0257,baby formula,baby,3,28.50,85.50
T102426,2026-05-03 10:57,C0257,beer,beverage,2,13.50,27.00
T102430,2026-05-03 11:02,C0807,milk 2%,dairy,1,3.80,3.80
T102430,2026-05-03 11:02,C0807,white bread,bakery,1,2.90,2.90
T102430,2026-05-03 11:02,C0807,butter,dairy,1,5.20,5.20
T102430,2026-05-03 11:02,C0807,sugar,grocery,3,3.20,9.60
T102434,2026-05-03 11:29,,toilet paper,household,1,11.90,11.90
T102434,2026-05-03 11:29,,cucumber,produce,1,1.70,1.70
T102434,2026-05-03 11:29,,butter,dairy,1,5.20,5.20
T102434,2026-05-03 11:29,,paper towels,household,1,8.30,8.30
T102434,2026-05-03 11:29,,white bread,bakery,1,2.90,2.90
T102434,2026-05-03 11:29,,toothpaste,care,1,4.50,4.50
T102434,2026-05-03 11:29,,laundry detergent,household,3,14.20,42.60
T102435,2026-05-03 13:09,C0048,trash bags,household,1,9.10,9.10
T102435,2026-05-03 13:09,C0048,yogurt,dairy,1,4.60,4.60
T102435,2026-05-03 13:09,C0048,frozen pizza,frozen,1,7.20,7.20
T102435,2026-05-03 13:09,C0048,lemon,produce,1,0.90,0.90
T102435,2026-05-03 13:09,C0048,beer,beverage,1,13.50,13.50
T102435,2026-05-03 13:09,C0048,tomatoes,produce,3,3.90,11.70
T102435,2026-05-03 13:09,C0048,sparkling water,beverage,1,3.10,3.10
T102435,2026-05-03 13:09,C0048,laundry detergent,household,1,14.20,14.20
T102427,2026-05-03 13:24,,eggs,dairy,1,4.90,4.90
T102427,2026-05-03 13:24,,milk 2%,dairy,1,3.80,3.80
T102427,2026-05-03 13:24,,tea,grocery,1,6.40,6.40
T102427,2026-05-03 13:24,,white bread,bakery,2,2.90,5.80
T102427,2026-05-03 13:24,,butter,dairy,1,5.20,5.20
T102427,2026-05-03 13:24,,strawberry jam,grocery,1,4.10,4.10
T102428,2026-05-03 13:40,C0621,avocado,produce,1,2.20,2.20
T102428,2026-05-03 13:40,C0621,ice cream,frozen,1,6.50,6.50
T102428,2026-05-03 13:40,C0621,yogurt,dairy,1,4.60,4.60
T102428,2026-05-03 13:40,C0621,sugar,grocery,1,3.20,3.20
T102428,2026-05-03 13:40,C0621,bananas,produce,1,2.10,2.10
T102429,2026-05-03 16:00,C0723,coffee beans,grocery,1,12.50,12.50
T102429,2026-05-03 16:00,C0723,beer,beverage,1,13.50,13.50
T102429,2026-05-03 16:00,C0723,croissant,bakery,1,1.80,1.80
T102429,2026-05-03 16:00,C0723,peanuts,snack,1,4.80,4.80
T102437,2026-05-03 16:04,,strawberry jam,grocery,1,4.10,4.10
T102437,2026-05-03 16:04,,white bread,bakery,1,2.90,2.90
T102437,2026-05-03 16:04,,  milk 2% ,dairy,1,3.80,3.80
T102417,2026-05-03 17:05,,croissant,bakery,1,1.80,1.80
T102417,2026-05-03 17:05,,coffee beans,grocery,1,12.50,12.50
T102417,2026-05-03 17:05,,ice cream,frozen,1,6.50,6.50
T102417,2026-05-03 17:05,,sugar,grocery,1,3.20,3.20
T102417,2026-05-03 17:05,,bananas,produce,2,2.10,4.20
T102438,2026-05-03 17:14,C0435,red wine,beverage,1,16.00,16.00
T102438,2026-05-03 17:14,C0435,pasta,grocery,1,2.30,2.30
T102438,2026-05-03 17:14,C0435,orange juice,beverage,1,4.40,4.40
T102438,2026-05-03 17:14,C0435,lemon,produce,1,0.90,0.90
T102438,2026-05-03 17:14,C0435,strawberry jam,grocery,1,4.10,4.10
T102438,2026-05-03 17:14,C0435,olive oil,grocery,1,11.20,11.20
T102438,2026-05-03 17:14,C0435,tomato sauce,grocery,1,3.60,3.60
T102438,2026-05-03 17:14,C0435,dish soap,household,1,4.70,4.70
T102432,2026-05-03 17:15,C0784,avocado,produce,1,2.20,2.20
T102432,2026-05-03 17:15,C0784,salmon,fish,1,15.90,15.90
T102432,2026-05-03 17:15,C0784,lemon,produce,1,0.90,0.90
T102432,2026-05-03 17:15,C0784,olive oil,grocery,1,11.20,11.20
T102419,2026-05-03 17:35,,ice cream,frozen,2,6.50,13.00
T102419,2026-05-03 17:35,,pasta,grocery,1,2.30,2.30
T102419,2026-05-03 17:35,,tomato sauce,grocery,3,3.60,10.80
T102419,2026-05-03 17:35,,ground beef,meat,1,9.40,9.40
T102421,2026-05-03 17:52,,bacon,meat,3,7.80,23.40
T102421,2026-05-03 17:52,,berries,produce,2,5.80,11.60
T102421,2026-05-03 17:52,,shampoo,care,1,7.40,7.40
T102422,2026-05-03 18:03,,chocolate bar,snack,1,2.70,2.70
T102422,2026-05-03 18:03,,frozen pizza,frozen,1,7.20,7.20
T102422,2026-05-03 18:03,,cucumber,produce,1,1.70,1.70
T102422,2026-05-03 18:03,,toothpaste,care,1,4.50,4.50
T102422,2026-05-03 18:03,,salsa,grocery,1,3.90,3.90
T102422,2026-05-03 18:03,,olive oil,grocery,1,11.20,11.20
T102422,2026-05-03 18:03,,trash bags,household,1,9.10,9.10
T102422,2026-05-03 18:03,,pasta,grocery,1,2.30,2.30
T102422,2026-05-03 18:03,,coffee beans,grocery,1,12.50,12.50
T102418,2026-05-03 18:08,C0341,cucumber,produce,2,1.70,3.40
T102418,2026-05-03 18:08,C0341,salmon,fish,1,15.90,15.90
T102418,2026-05-03 18:08,C0341,lemon,produce,1,0.90,0.90
T102418,2026-05-03 18:08,C0341,olive oil,grocery,1,11.20,11.20
T102431,2026-05-03 18:39,C0222,peanut butter,grocery,1,5.60,5.60
T102431,2026-05-03 18:39,C0222,milk 2%,dairy,1,3.80,3.80
T102431,2026-05-03 18:39,C0222,sparkling water,beverage,1,3.10,3.10
T102431,2026-05-03 18:39,C0222,lettuce,produce,1,2.60,2.60
T102431,2026-05-03 18:39,C0222,coffee beans,grocery,1,12.50,12.50
T102431,2026-05-03 18:39,C0222,sugar,grocery,3,3.20,9.60
T102431,2026-05-03 18:39,C0222,croissant,bakery,1,1.80,1.80
T102436,2026-05-03 18:42,,berries,produce,1,5.80,5.80
T102436,2026-05-03 18:42,,yogurt,dairy,2,4.60,9.20
T102439,2026-05-03 19:51,,lettuce,produce,1,2.60,2.60
T102439,2026-05-03 19:51,,red wine,beverage,1,16.00,16.00
T102439,2026-05-03 19:51,,granola,grocery,1,6.20,6.20
T102439,2026-05-03 19:51,,berries,produce,1,5.80,5.80
T102439,2026-05-03 19:51,,bananas,produce,1,2.10,2.10
T102439,2026-05-03 19:51,,ground beef,meat,1,9.40,9.40
T102439,2026-05-03 19:51,,yogurt,dairy,1,4.60,4.60
T102420,2026-05-03 20:26,,conditioner,care,1,7.40,7.40
T102420,2026-05-03 20:26,,toothpaste,care,1,4.50,4.50
T102423,2026-05-03 20:34,C0611,parmesan,dairy,1,8.90,8.90
T102423,2026-05-03 20:34,C0611,peanuts,snack,1,4.80,4.80
T102423,2026-05-03 20:34,C0611,diapers,baby,1,24.90,24.90
T102423,2026-05-03 20:34,C0611,baby formula,baby,3,28.50,85.50
T102423,2026-05-03 20:34,C0611,tomatoes,produce,1,3.90,3.90
T102423,2026-05-03 20:34,C0611,baby wipes,baby,1,6.70,6.70
T102424,2026-05-03 20:39,,olive oil,grocery,1,11.20,11.20
T102424,2026-05-03 20:39,,laundry detergent,household,1,14.20,14.20
T102424,2026-05-03 20:39,,butter,dairy,1,5.20,5.20
T102424,2026-05-03 20:39,,sparkling water,beverage,1,3.10,3.10
T102424,2026-05-03 20:39,,lettuce,produce,3,2.60,7.80
T102424,2026-05-03 20:39,,salmon,fish,3,15.90,47.70
T102453,2026-05-04 08:34,,paper towels,household,1,8.30,8.30
T102453,2026-05-04 08:34,,baby formula,baby,1,28.50,28.50
T102453,2026-05-04 08:34,,diapers,baby,1,24.90,24.90
T102453,2026-05-04 08:34,,baby wipes,baby,2,6.70,13.40
T102453,2026-05-04 08:34,,dish soap,household,1,4.70,4.70
T102450,2026-05-04 10:01,,peanuts,snack,1,4.80,4.80
T102450,2026-05-04 10:01,,olive oil,grocery,1,11.20,11.20
T102450,2026-05-04 10:01,,sugar,grocery,1,3.20,3.20
T102450,2026-05-04 10:01,,salmon,fish,1,15.90,15.90
T102450,2026-05-04 10:01,,lemon,produce,1,0.90,0.90
T102450,2026-05-04 10:01,,red wine,beverage,1,16.00,16.00
T102451,2026-05-04 10:42,,coffee beans,grocery,3,12.50,37.50
T102446,2026-05-04 10:52,C0545,red wine,beverage,3,16.00,48.00
T102446,2026-05-04 10:52,C0545,bananas,produce,1,2.10,2.10
T102446,2026-05-04 10:52,C0545,chocolate bar,snack,1,2.70,2.70
T102446,2026-05-04 10:52,C0545,granola,grocery,1,6.20,6.20
T102446,2026-05-04 10:52,C0545,yogurt,dairy,3,4.60,13.80
T102446,2026-05-04 10:52,C0545,whole wheat bread,bakery,1,3.40,3.40
T102446,2026-05-04 10:52,C0545,orange juice,beverage,1,4.40,4.40
T102443,2026-05-04 11:10,C0684,granola,grocery,1,6.20,6.20
T102443,2026-05-04 11:10,C0684,parmesan,dairy,1,8.90,8.90
T102443,2026-05-04 11:10,C0684,eggs,dairy,1,4.90,4.90
T102443,2026-05-04 11:10,C0684,tomato sauce,grocery,1,3.60,3.60
T102443,2026-05-04 11:10,C0684,pasta,grocery,3,2.30,6.90
T102457,2026-05-04 11:30,,yogurt,dairy,1,4.60,4.60
T102457,2026-05-04 11:30,,berries,produce,1,5.80,5.80
T102457,2026-05-04 11:30,,lemon,produce,3,0.90,2.70
T102457,2026-05-04 11:30,,lettuce,produce,1,2.60,2.60
T102457,2026-05-04 11:30,,diapers,baby,1,24.90,24.90
T102455,2026-05-04 12:36,,strawberry jam,grocery,1,4.10,4.10
T102455,2026-05-04 12:36,,white bread,bakery,1,2.90,2.90
T102441,2026-05-04 13:05,C0516,strawberry jam,grocery,1,4.10,4.10
T102441,2026-05-04 13:05,C0516,white bread,bakery,1,2.90,2.90
T102441,2026-05-04 13:05,C0516,tomato sauce,grocery,1,3.60,3.60
T102441,2026-05-04 13:05,C0516,orange juice,beverage,1,4.40,4.40
T102441,2026-05-04 13:05,C0516,butter,dairy,1,5.20,5.20
T102441,2026-05-04 13:05,C0516,milk 2%,dairy,1,3.80,3.80
T102441,2026-05-04 13:05,C0516,eggs,dairy,1,4.90,4.90
T102452,2026-05-04 13:28,C0215,red wine,beverage,1,16.00,16.00
T102452,2026-05-04 13:28,C0215,chocolate bar,snack,1,2.70,2.70
T102452,2026-05-04 13:28,C0215,toilet paper,household,1,11.90,11.90
T102452,2026-05-04 13:28,C0215,lemon,produce,1,0.90,0.90
T102452,2026-05-04 13:28,C0215,salmon,fish,2,15.90,31.80
T102456,2026-05-04 16:09,C0284,cucumber,produce,1,1.70,1.70
T102456,2026-05-04 16:09,C0284,avocado,produce,1,2.20,2.20
T102456,2026-05-04 16:09,C0284,salmon,fish,1,15.90,15.90
T102456,2026-05-04 16:09,C0284,sugar,grocery,1,3.20,3.20
T102440,2026-05-04 17:07,,red wine,beverage,1,16.00,16.00
T102440,2026-05-04 17:07,,pasta,grocery,1,2.30,2.30
T102440,2026-05-04 17:07,,white bread,bakery,1,2.90,2.90
T102440,2026-05-04 17:07,,parmesan,dairy,1,8.90,8.90
T102440,2026-05-04 17:07,,tomato sauce,grocery,1,3.60,3.60
T102447,2026-05-04 17:07,C0334,yogurt,dairy,1,4.60,4.60
T102447,2026-05-04 17:07,C0334,paper towels,household,1,8.30,8.30
T102447,2026-05-04 17:07,C0334,berries,produce,1,5.80,5.80
T102447,2026-05-04 17:07,C0334,salsa,grocery,1,3.90,3.90
T102447,2026-05-04 17:07,C0334,shampoo,care,1,7.40,7.40
T102447,2026-05-04 17:07,C0334,sparkling water,beverage,1,3.10,3.10
T102445,2026-05-04 17:13,C0542,coffee beans,grocery,1,12.50,12.50
T102445,2026-05-04 17:13,C0542,croissant,bakery,1,1.80,1.80
T102445,2026-05-04 17:13,C0542,baby wipes,baby,1,6.70,6.70
T102445,2026-05-04 17:13,C0542,bacon,meat,1,7.80,7.80
T102445,2026-05-04 17:13,C0542,pasta,grocery,1,2.30,2.30
T102445,2026-05-04 17:13,C0542,milk 2%,dairy,3,3.80,11.40
T102445,2026-05-04 17:13,C0542,sugar,grocery,1,3.20,3.20
T102445,2026-05-04 17:13,C0542,conditioner,care,1,7.40,7.40
T102444,2026-05-04 17:35,C0341,ground beef,meat,2,9.40,18.80
T102444,2026-05-04 17:35,C0341,olive oil,grocery,3,11.20,33.60
T102444,2026-05-04 17:35,C0341,pasta,grocery,1,2.30,2.30
T102442,2026-05-04 18:21,,conditioner,care,1,7.40,7.40
T102448,2026-05-04 19:00,C0343,dish soap,household,1,4.70,4.70
T102448,2026-05-04 19:00,C0343,granola,grocery,1,6.20,6.20
T102448,2026-05-04 19:00,C0343,laundry detergent,household,1,14.20,14.20
T102448,2026-05-04 19:00,C0343,peanut butter,grocery,1,5.60,5.60
T102448,2026-05-04 19:00,C0343,trash bags,household,1,9.10,9.10
T102448,2026-05-04 19:00,C0343,toilet paper,household,1,11.90,11.90
T102448,2026-05-04 19:00,C0343,olive oil,grocery,1,11.20,11.20
T102449,2026-05-04 19:27,C0657,eggs,dairy,3,4.90,14.70
T102449,2026-05-04 19:27,C0657,dish soap,household,1,4.70,4.70
T102449,2026-05-04 19:27,C0657,orange juice,beverage,1,4.40,4.40
T102449,2026-05-04 19:27,C0657,coffee beans,grocery,2,12.50,25.00
T102449,2026-05-04 19:27,C0657,laundry detergent,household,3,14.20,42.60
T102449,2026-05-04 19:27,C0657,cucumber,produce,1,1.70,1.70
T102449,2026-05-04 19:27,C0657,milk 2%,dairy,2,3.80,7.60
T102449,2026-05-04 19:27,C0657,croissant,bakery,1,1.80,1.80
T102454,2026-05-04 19:32,C0316,butter,dairy,1,5.20,5.20
T102454,2026-05-04 19:32,C0316,tomato sauce,grocery,1,3.60,3.60
T102454,2026-05-04 19:32,C0316,pasta,grocery,1,2.30,2.30
T102454,2026-05-04 19:32,C0316,parmesan,dairy,1,8.90,8.90
T102454,2026-05-04 19:32,C0316,apples,produce,1,4.30,4.30
T102454,2026-05-04 19:32,C0316,olive oil,grocery,1,11.20,11.20
T102454,2026-05-04 19:32,C0316,peanut butter,grocery,1,5.60,5.60
T102461,2026-05-05 08:00,,pasta,grocery,1,2.30,2.30
T102461,2026-05-05 08:00,,eggs,dairy,1,4.90,4.90
T102461,2026-05-05 08:00,,tomato sauce,grocery,1,3.60,3.60
T102461,2026-05-05 08:00,,croissant,bakery,1,1.80,1.80
T102461,2026-05-05 08:00,,baby wipes,baby,2,6.70,13.40
T102461,2026-05-05 08:00,,pasta,grocery,1,2.30,2.30
T102468,2026-05-05 09:15,C0747,ground beef,meat,1,9.40,9.40
T102468,2026-05-05 09:15,C0747,white bread,bakery,3,2.90,8.70
T102468,2026-05-05 09:15,C0747,strawberry jam,grocery,1,4.10,4.10
T102468,2026-05-05 09:15,C0747,butter,dairy,1,5.20,5.20
T102468,2026-05-05 09:15,C0747,tortilla chips,snack,2,4.20,8.40
T102468,2026-05-05 09:15,C0747,coffee beans,grocery,1,12.50,12.50
T102473,2026-05-05 09:31,C0198,pasta,grocery,1,2.30,2.30
T102473,2026-05-05 09:31,C0198,peanut butter,grocery,1,5.60,5.60
T102473,2026-05-05 09:31,C0198,sugar,grocery,1,3.20,3.20
T102473,2026-05-05 09:31,C0198,coffee beans,grocery,1,12.50,12.50
T102462,2026-05-05 10:34,,whole wheat bread,bakery,3,3.40,10.20
T102462,2026-05-05 10:34,,white bread,bakery,1,2.90,2.90
T102462,2026-05-05 10:34,,strawberry jam,grocery,1,4.10,4.10
T102467,2026-05-05 10:36,C0522,sparkling water,beverage,1,3.10,3.10
T102467,2026-05-05 10:36,C0522,bacon,meat,1,7.80,7.80
T102467,2026-05-05 10:36,C0522,salmon,fish,2,15.90,31.80
T102467,2026-05-05 10:36,C0522,peanuts,snack,1,4.80,4.80
T102463,2026-05-05 10:53,C0256,diapers,baby,1,24.90,24.90
T102463,2026-05-05 10:53,C0256,cucumber,produce,3,1.70,5.10
T102463,2026-05-05 10:53,C0256,tomato sauce,grocery,2,3.60,7.20
T102471,2026-05-05 11:25,C0765,trash bags,household,1,9.10,9.10
T102471,2026-05-05 11:25,C0765,coffee beans,grocery,1,12.50,12.50
T102471,2026-05-05 11:25,C0765,sugar,grocery,1,3.20,3.20
T102471,2026-05-05 11:25,C0765,croissant,bakery,1,1.80,1.80
T102471,2026-05-05 11:25,C0765,butter,dairy,1,5.20,5.20
T102471,2026-05-05 11:25,C0765,berries,produce,1,5.80,5.80
T102471,2026-05-05 11:25,C0765,tea,grocery,1,6.40,6.40
T102475,2026-05-05 11:37,,beer,beverage,3,13.50,40.50
T102475,2026-05-05 11:37,,paper towels,household,1,8.30,8.30
T102475,2026-05-05 11:37,,ice cream,frozen,1,6.50,6.50
T102475,2026-05-05 11:37,,tomatoes,produce,1,3.90,3.90
T102475,2026-05-05 11:37,,diapers,baby,1,24.90,24.90
T102475,2026-05-05 11:37,,whole wheat bread,bakery,1,3.40,3.40
T102475,2026-05-05 11:37,,toilet paper,household,1,11.90,11.90
T102475,2026-05-05 11:37,,eggs,dairy,1,4.90,4.90
T102475,2026-05-05 11:37,,lettuce,produce,1,2.60,2.60
T102475,2026-05-05 11:37,,peanut butter,grocery,2,5.60,11.20
T102472,2026-05-05 11:41,,sugar,grocery,1,3.20,3.20
T102472,2026-05-05 11:41,,bananas,produce,1,2.10,2.10
T102472,2026-05-05 11:41,,lemon,produce,1,0.90,0.90
T102466,2026-05-05 11:47,,tortilla chips,snack,1,4.20,4.20
T102466,2026-05-05 11:47,,trash bags,household,1,9.10,9.10
T102466,2026-05-05 11:47,,sparkling water,beverage,2,3.10,6.20
T102466,2026-05-05 11:47,,ice cream,frozen,3,6.50,19.50
T102466,2026-05-05 11:47,,toilet paper,household,1,11.90,11.90
T102466,2026-05-05 11:47,,paper towels,household,1,8.30,8.30
T102466,2026-05-05 11:47,,laundry detergent,household,2,14.20,28.40
T102466,2026-05-05 11:47,,croissant,bakery,1,1.80,1.80
T102466,2026-05-05 11:47,,toothpaste,care,1,4.50,4.50
T102466,2026-05-05 11:47,,conditioner,care,1,7.40,7.40
T102477,2026-05-05 12:44,C0064,yogurt,dairy,1,4.60,4.60
T102477,2026-05-05 12:44,C0064,conditioner,care,1,7.40,7.40
T102477,2026-05-05 12:44,C0064,berries,produce,1,5.80,5.80
T102477,2026-05-05 12:44,C0064,salmon,fish,1,15.90,15.90
T102477,2026-05-05 12:44,C0064,parmesan,dairy,1,8.90,8.90
T102477,2026-05-05 12:44,C0064,avocado,produce,1,2.20,2.20
T102477,2026-05-05 12:44,C0064,sparkling water,beverage,1,3.10,3.10
T102477,2026-05-05 12:44,C0064,salsa,grocery,3,3.90,11.70
T102477,2026-05-05 12:44,C0064,tea,grocery,1,6.40,6.40
T102458,2026-05-05 13:29,,butter,dairy,1,5.20,5.20
T102458,2026-05-05 13:29,,red wine,beverage,1,16.00,16.00
T102458,2026-05-05 13:29,,yogurt,dairy,1,4.60,4.60
T102458,2026-05-05 13:29,,chicken breast,meat,1,12.80,12.80
T102458,2026-05-05 13:29,,strawberry jam,grocery,1,4.10,4.10
T102458,2026-05-05 13:29,,dish soap,household,1,4.70,4.70
T102458,2026-05-05 13:29,,berries,produce,2,5.80,11.60
T102458,2026-05-05 13:29,,bananas,produce,1,2.10,2.10
T102458,2026-05-05 13:29,,granola,grocery,1,6.20,6.20
T102460,2026-05-05 13:40,C0554,olive oil,grocery,3,11.20,33.60
T102460,2026-05-05 13:40,C0554,dish soap,household,1,4.70,4.70
T102460,2026-05-05 13:40,C0554,trash bags,household,2,9.10,18.20
T102460,2026-05-05 13:40,C0554,frozen pizza,frozen,1,7.20,7.20
T102460,2026-05-05 13:40,C0554,paper towels,household,1,8.30,8.30
T102460,2026-05-05 13:40,C0554,toilet paper,household,1,11.90,11.90
T102459,2026-05-05 16:05,C0811,olive oil,grocery,1,11.20,11.20
T102459,2026-05-05 16:05,C0811,coffee beans,grocery,1,12.50,12.50
T102459,2026-05-05 16:05,C0811,frozen pizza,frozen,1,7.20,7.20
T102459,2026-05-05 16:05,C0811,bacon,meat,1,7.80,7.80
T102459,2026-05-05 16:05,C0811,sugar,grocery,1,3.20,3.20
T102474,2026-05-05 16:13,C0340,toothpaste,care,1,4.50,4.50
T102474,2026-05-05 16:13,C0340,eggs,dairy,2,4.90,9.80
T102474,2026-05-05 16:13,C0340,paper towels,household,1,8.30,8.30
T102474,2026-05-05 16:13,C0340,red wine,beverage,1,16.00,16.00
T102474,2026-05-05 16:13,C0340,parmesan,dairy,2,8.90,17.80
T102474,2026-05-05 16:13,C0340,olive oil,grocery,1,11.20,11.20
T102474,2026-05-05 16:13,C0340,tomato sauce,grocery,1,3.60,3.60
T102474,2026-05-05 16:13,C0340,baby formula,baby,2,28.50,57.00
T102464,2026-05-05 17:27,,pasta,grocery,1,2.30,2.30
T102464,2026-05-05 17:27,,milk 2%,dairy,1,3.80,3.80
T102464,2026-05-05 17:27,,tomato sauce,grocery,2,3.60,7.20
T102464,2026-05-05 17:27,,milk 2%,dairy,1,3.80,3.80
T102478,2026-05-05 17:51,,shampoo,care,1,7.40,7.40
T102478,2026-05-05 17:51,,laundry detergent,household,1,14.20,14.20
T102478,2026-05-05 17:51,,paper towels,household,1,8.30,8.30
T102478,2026-05-05 17:51,,conditioner,care,1,7.40,7.40
T102478,2026-05-05 17:51,,apples,produce,1,4.30,4.30
T102478,2026-05-05 17:51,,butter,dairy,1,5.20,5.20
T102480,2026-05-05 17:51,C0574,sparkling water,beverage,1,3.10,3.10
T102480,2026-05-05 17:51,C0574,salsa,grocery,1,3.90,3.90
T102480,2026-05-05 17:51,C0574,bacon,meat,1,7.80,7.80
T102465,2026-05-05 17:52,,tortilla chips,snack,1,4.20,4.20
T102465,2026-05-05 17:52,,ice cream,frozen,1,6.50,6.50
T102465,2026-05-05 17:52,,chicken breast,meat,1,12.80,12.80
T102465,2026-05-05 17:52,,peanuts,snack,1,4.80,4.80
T102465,2026-05-05 17:52,,beer,beverage,1,13.50,13.50
T102465,2026-05-05 17:52,,sparkling water,beverage,1,3.10,3.10
T102465,2026-05-05 17:52,,chocolate bar,snack,1,2.70,2.70
T102465,2026-05-05 17:52,,strawberry jam,grocery,3,4.10,12.30
T102479,2026-05-05 18:17,,avocado,produce,1,2.20,2.20
T102479,2026-05-05 18:17,,trash bags,household,1,9.10,9.10
T102479,2026-05-05 18:17,,lettuce,produce,1,2.60,2.60
T102479,2026-05-05 18:17,,parmesan,dairy,1,8.90,8.90
T102479,2026-05-05 18:17,,toilet paper,household,3,11.90,35.70
T102479,2026-05-05 18:17,,laundry detergent,household,2,14.20,28.40
T102470,2026-05-05 18:25,C0533,salmon,fish,3,15.90,47.70
T102470,2026-05-05 18:25,C0533,bacon,meat,1,7.80,7.80
T102470,2026-05-05 18:25,C0533,cucumber,produce,1,1.70,1.70
T102470,2026-05-05 18:25,C0533,red wine,beverage,1,16.00,16.00
T102470,2026-05-05 18:25,C0533,tomato sauce,grocery,3,3.60,10.80
T102482,2026-05-05 18:35,,eggs,dairy,1,4.90,4.90
T102482,2026-05-05 18:35,,yogurt,dairy,1,4.60,4.60
T102482,2026-05-05 18:35,,apples,produce,3,4.30,12.90
T102482,2026-05-05 18:35,,berries,produce,1,5.80,5.80
T102482,2026-05-05 18:35,,avocado,produce,1,2.20,2.20
T102482,2026-05-05 18:35,,bananas,produce,1,2.10,2.10
T102482,2026-05-05 18:35,,milk 2%,dairy,2,3.80,7.60
T102482,2026-05-05 18:35,,sparkling water,beverage,3,3.10,9.30
T102481,2026-05-05 18:45,,butter,dairy,1,5.20,5.20
T102481,2026-05-05 18:45,,granola,grocery,1,6.20,6.20
T102481,2026-05-05 18:45,,croissant,bakery,1,1.80,1.80
T102481,2026-05-05 18:45,,coffee beans,grocery,1,12.50,12.50
T102481,2026-05-05 18:45,,strawberry jam,grocery,1,4.10,4.10
T102481,2026-05-05 18:45,,white bread,bakery,1,2.90,2.90
T102481,2026-05-05 18:45,,MILK 2%,dairy,1,3.80,3.80
T102476,2026-05-05 19:39,,sugar,grocery,1,3.20,3.20
T102476,2026-05-05 19:39,,lemon,produce,1,0.90,0.90
T102476,2026-05-05 19:39,,olive oil,grocery,1,11.20,11.20
T102476,2026-05-05 19:39,,tortilla chips,snack,1,4.20,4.20
T102476,2026-05-05 19:39,,lettuce,produce,1,2.60,2.60
T102476,2026-05-05 19:39,,salmon,fish,3,15.90,47.70
T102476,2026-05-05 19:39,,tomato sauce,grocery,1,3.60,3.60
T102476,2026-05-05 19:39,,tea,grocery,1,6.40,6.40
T102476,2026-05-05 19:39,,salsa,grocery,1,3.90,3.90
T102469,2026-05-05 20:28,,conditioner,care,1,7.40,7.40
T102469,2026-05-05 20:28,,sparkling water,beverage,1,3.10,3.10
T102469,2026-05-05 20:28,,white bread,bakery,2,2.90,5.80
T102469,2026-05-05 20:28,,ice cream,frozen,1,6.50,6.50
T102469,2026-05-05 20:28,,butter,dairy,1,5.20,5.20
